date,state,positive,probableCases,negative,pending,totalTestResultsSource,totalTestResults,hospitalizedCurrently,hospitalizedCumulative,inIcuCurrently,inIcuCumulative,onVentilatorCurrently,onVentilatorCumulative,recovered,dataQualityGrade,lastUpdateEt,dateModified,checkTimeEt,death,hospitalized,dateChecked,totalTestsViral,positiveTestsViral,negativeTestsViral,positiveCasesViral,deathConfirmed,deathProbable,totalTestEncountersViral,totalTestsPeopleViral,totalTestsAntibody,positiveTestsAntibody,negativeTestsAntibody,totalTestsPeopleAntibody,positiveTestsPeopleAntibody,negativeTestsPeopleAntibody,totalTestsPeopleAntigen,positiveTestsPeopleAntigen,totalTestsAntigen,positiveTestsAntigen,fips,positiveIncrease,negativeIncrease,total,totalTestResultsIncrease,posNeg,deathIncrease,hospitalizedIncrease,hash,commercialScore,negativeRegularScore,negativeScore,positiveScore,score,grade
20210101,NH,44028,11332,479590,,totalTestsViral,1032929,317,902,,300,,,37350,B,12/31/2020 09:00,2020-12-31T09:00:00Z,12/31 04:00,759,902,2020-12-31T09:00:00Z,1032929,,,32696,,,,512286,35841,,,34671,,,,,45901,,33,0,0,523618,0,523618,0,0,c821da8e2eb1b4c7dc52b0ff53e8bbfe9c5db6a9,0,0,0,0,0,
20201231,NH,44028,11332,479590,,totalTestsViral,1032929,317,902,,300,,,37350,B,12/31/2020 09:00,2020-12-31T09:00:00Z,12/31 04:00,759,902,2020-12-31T09:00:00Z,1032929,,,32696,,,,512286,35841,,,34671,,,,,45901,,33,786,2517,523618,7703,523618,18,1,63181b0bdd676f8fd997282a75d46e1b4639a562,0,0,0,0,0,
20201230,NH,43242,10989,477073,,totalTestsViral,1025226,306,901,,300,,,36739,B,12/30/2020 09:00,2020-12-30T09:00:00Z,12/30 04:00,741,901,2020-12-30T09:00:00Z,1025226,,,32253,,,,509326,35757,,,34637,,,,,45740,,33,545,1062,520315,5427,520315,6,0,e86631270c6a64a01ccd18ed6502da22c7395f6b,0,0,0,0,0,
20201229,NH,42697,10779,476011,,totalTestsViral,1019799,295,901,,299,,,36079,B,12/29/2020 09:00,2020-12-29T09:00:00Z,12/29 04:00,735,901,2020-12-29T09:00:00Z,1019799,,,31918,,,,507929,35715,,,34597,,,,,45609,,33,1027,1159,518708,4319,518708,20,6,325339b31bb3d1289675fc3de0bc97574aa38188,0,0,0,0,0,
20201228,NH,41670,10382,474852,,totalTestsViral,1015480,269,895,,297,,,35447,B,12/28/2020 09:00,2020-12-28T09:00:00Z,12/28 04:00,715,895,2020-12-28T09:00:00Z,1015480,,,31288,,,,506140,35689,,,34577,,,,,45509,,33,861,2339,516522,5673,516522,7,0,ec0cab9c78608b619f9da7bb55e553b2e434af63,0,0,0,0,0,
20201227,NH,40809,10182,472513,,totalTestsViral,1009807,270,895,,297,,,33107,B,12/27/2020 09:00,2020-12-27T09:00:00Z,12/27 04:00,708,895,2020-12-27T09:00:00Z,1009807,,,30627,,,,503140,35677,,,34567,,,,,45471,,33,876,2792,513322,4198,513322,7,1,843f6d9e41b88b85701d40456e32f0bbe8c0ee3a,0,0,0,0,0,
20201226,NH,39933,9887,469721,,totalTestsViral,1005609,277,894,,297,,,33113,B,12/26/2020 09:00,2020-12-26T09:00:00Z,12/26 04:00,701,894,2020-12-26T09:00:00Z,1005609,,,30046,,,,499767,35661,,,34544,,,,,45442,,33,1031,4355,509654,13326,509654,11,0,14132a1ca8ed8dfbb55605c58b92363dc6d3431c,0,0,0,0,0,
20201225,NH,38902,9248,465366,,totalTestsViral,992283,298,894,,297,,,32324,B,12/24/2020 09:00,2020-12-24T09:00:00Z,12/24 04:00,690,894,2020-12-24T09:00:00Z,992283,,,29654,,,,495020,35561,,,34465,,,,,45360,,33,0,0,504268,0,504268,0,0,5f9eae198278120ea4b3b8cb6fba01a2c020477a,0,0,0,0,0,
20201224,NH,38902,9248,465366,,totalTestsViral,992283,298,894,,297,,,32324,B,12/24/2020 09:00,2020-12-24T09:00:00Z,12/24 04:00,690,894,2020-12-24T09:00:00Z,992283,,,29654,,,,495020,35561,,,34465,,,,,45360,,33,390,2992,504268,12749,504268,13,2,11e1be4c8c76be11765185699fb1e397908c86b0,0,0,0,0,0,
20201223,NH,38512,9210,462374,,totalTestsViral,979534,305,892,,297,,,31426,B,12/23/2020 09:00,2020-12-23T09:00:00Z,12/23 04:00,677,892,2020-12-23T09:00:00Z,979534,,,29302,,,,491676,35467,,,34409,,,,,42450,,33,504,2040,500886,5853,500886,21,3,a540df38e82503575f96ce1b9ca0f41f46974bbe,0,0,0,0,0,
20201222,NH,38008,9081,460334,,totalTestsViral,973681,297,889,,297,,,30867,B,12/22/2020 09:00,2020-12-22T09:00:00Z,12/22 04:00,656,889,2020-12-22T09:00:00Z,973681,,,28927,,,,489261,35405,,,34355,,,,,41378,,33,620,1758,498342,5079,498342,0,0,8f76a0a67b3603c12c4808c22a000b88e755dc62,0,0,0,0,0,
20201221,NH,37388,8941,458576,,totalTestsViral,968602,278,889,,297,,,30044,B,12/21/2020 09:00,2020-12-21T09:00:00Z,12/21 04:00,656,889,2020-12-21T09:00:00Z,968602,,,28447,,,,487023,35370,,,34323,,,,,40734,,33,846,1490,495964,5351,495964,0,0,a0df2fd78fd2ded328e752407bc1199acd201f3b,0,0,0,0,0,
20201220,NH,36542,8672,457086,,totalTestsViral,963251,261,889,,297,,,28978,C,12/20/2020 09:00,2020-12-20T09:00:00Z,12/20 04:00,656,889,2020-12-20T09:00:00Z,963251,,,27870,,,,484956,35335,,,34292,,,,,40338,,33,933,1297,493628,5746,493628,6,3,dd2d1887da49ac0e8c09c63e1c92aadfd9a19329,0,0,0,0,0,
20201219,NH,35609,8451,455789,,totalTestsViral,957505,258,886,,297,,,28234,C,12/19/2020 09:00,2020-12-19T09:00:00Z,12/19 04:00,650,886,2020-12-19T09:00:00Z,957505,,,27158,,,,482947,35273,,,34245,,,,,39897,,33,649,2947,491398,7768,491398,12,5,624688e57df3532ae4b5bf56afeb320a9a550821,0,0,0,0,0,
20201218,NH,34960,8147,452842,,totalTestsViral,949737,273,881,,295,,,27459,C,12/18/2020 09:00,2020-12-18T09:00:00Z,12/18 04:00,638,881,2020-12-18T09:00:00Z,949737,,,26813,,,,479655,35217,,,34196,,,,,39026,,33,696,3090,487802,9667,487802,9,4,dc1ff860fbb8946f7312da904f2a6ce21337b1d3,0,0,0,0,0,
20201217,NH,34264,7952,449752,,totalTestsViral,940070,284,877,,293,,,26707,C,12/17/2020 09:00,2020-12-17T09:00:00Z,12/17 04:00,629,877,2020-12-17T09:00:00Z,940070,,,26312,,,,476064,35141,,,34129,,,,,38368,,33,831,2174,484016,7541,484016,4,7,098b5479d6056eabcbf9c19ea5135eeb3774dc4e,0,0,0,0,0,
20201216,NH,33433,7665,447578,,totalTestsViral,932529,286,870,,292,,,26128,B,12/16/2020 09:00,2020-12-16T09:00:00Z,12/16 04:00,625,870,2020-12-16T09:00:00Z,932529,,,25768,,,,473346,35061,,,34058,,,,,37554,,33,888,1799,481011,5919,481011,21,7,842e44a5b560123d04e06c35841732e03ad26bbf,0,0,0,0,0,
20201215,NH,32545,7287,445779,,totalTestsViral,926610,252,863,,289,,,25464,B,12/15/2020 09:00,2020-12-15T09:00:00Z,12/15 04:00,604,863,2020-12-15T09:00:00Z,926610,,,25258,,,,471037,35008,,,34009,,,,,36757,,33,670,2087,478324,6149,478324,0,1,3e3a7f38cfe77752bd394ff801cb37772274f7d5,0,0,0,0,0,
20201214,NH,31875,7287,443692,,totalTestsViral,920461,256,862,,289,,,24519,B,12/14/2020 09:00,2020-12-14T09:00:00Z,12/14 04:00,604,862,2020-12-14T09:00:00Z,920461,,,24588,,,,468280,34980,,,33986,,,,,36126,,33,919,3189,475567,7544,475567,1,1,5bb4f6df2914161a6f24b790878d5e47d1430ed3,0,0,0,0,0,
20201213,NH,30956,6980,440503,,totalTestsViral,912917,251,861,,289,,,23793,B,12/13/2020 09:00,2020-12-13T09:00:00Z,12/13 04:00,603,861,2020-12-13T09:00:00Z,912917,,,23976,,,,464479,34946,,,33957,,,,,35639,,33,712,2364,471459,7138,471459,3,4,635ba9d9e58fb3597191eac0a7d6fc8c971e9106,0,0,0,0,0,
20201212,NH,30244,6754,438139,,totalTestsViral,905779,247,857,,287,,,23046,B,12/12/2020 09:00,2020-12-12T09:00:00Z,12/12 04:00,600,857,2020-12-12T09:00:00Z,905779,,,23490,,,,461629,34875,,,33897,,,,,35182,,33,784,2692,468383,7294,468383,10,1,87fc72b840887e4dc3c99ee5676f7ab3b73717ab,0,0,0,0,0,
20201211,NH,29460,6472,435447,,totalTestsViral,898485,258,856,,287,,,22046,B,12/11/2020 09:00,2020-12-11T09:00:00Z,12/11 04:00,590,856,2020-12-11T09:00:00Z,898485,,,22988,,,,458435,34777,,,33811,,,,,34315,,33,1187,3652,464907,9556,464907,6,4,94573529191ed8152c68fdc350fe9c1949f48d0f,0,0,0,0,0,
20201210,NH,28273,6181,431795,,totalTestsViral,888929,248,852,,284,,,21386,B,12/10/2020 09:00,2020-12-10T09:00:00Z,12/10 04:00,584,852,2020-12-10T09:00:00Z,888929,,,22092,,,,453887,34710,,,33752,,,,,33504,,33,681,3529,460068,7985,460068,14,1,85a2b956c07041ecc03145ddca51e6ee917b5776,0,0,0,0,0,
20201209,NH,27592,5865,428266,,totalTestsViral,880944,232,851,,284,,,20513,B,12/9/2020 09:00,2020-12-09T09:00:00Z,12/09 04:00,570,851,2020-12-09T09:00:00Z,880944,,,21727,,,,449993,34633,,,33686,,,,,32565,,33,969,2681,455858,7654,455858,4,2,68b2154156435a1bdfcb682ce2fab40d36d8e9f0,0,0,0,0,0,
20201208,NH,26623,5519,425585,,totalTestsViral,873290,211,849,,284,,,20239,B,12/8/2020 09:00,2020-12-08T09:00:00Z,12/08 04:00,566,849,2020-12-08T09:00:00Z,873290,,,21104,,,,446689,34555,,,33615,,,,,31681,,33,807,2271,452208,6007,452208,0,0,179510ab0aa6bf0d9674896a5c3742cca305add3,0,0,0,0,0,
20201207,NH,25816,5240,423314,,totalTestsViral,867283,185,849,,284,,,19864,B,12/7/2020 09:00,2020-12-07T09:00:00Z,12/07 04:00,566,849,2020-12-07T09:00:00Z,867283,,,20576,,,,443890,34525,,,33589,,,,,,,33,1045,2378,449130,5810,449130,2,0,26133380efcb0cad2937476f78e7725edacd5ec7,0,0,0,0,0,
20201206,NH,24771,4960,420936,,totalTestsViral,861473,169,849,,284,,,19553,B,12/6/2020 09:00,2020-12-06T09:00:00Z,12/06 04:00,564,849,2020-12-06T09:00:00Z,861473,,,19811,,,,440747,34502,,,33568,,,,,,,33,633,2804,445707,7388,445707,5,2,d5b17b7f35a3b64869e67735a2d9982e051da871,0,0,0,0,0,
20201205,NH,24138,4717,418132,,totalTestsViral,854085,146,847,,282,,,19034,B,12/5/2020 09:00,2020-12-05T09:00:00Z,12/05 04:00,559,847,2020-12-05T09:00:00Z,854085,,,19421,,,,437553,34455,,,33528,,,,,,,33,448,3426,442270,8885,442270,7,3,b49bd7e51f686ba91c22a8fe9e4b8eac09b29f93,0,0,0,0,0,
20201204,NH,23690,4632,414706,,totalTestsViral,845200,159,844,,281,,,18418,B,12/4/2020 09:00,2020-12-04T09:00:00Z,12/04 04:00,552,844,2020-12-04T09:00:00Z,845200,,,19058,,,,433764,34379,,,33462,,,,,,,33,765,2244,438396,6500,438396,8,0,65598b367bb4ce9fe01df9421bcb4a6cc9a3261a,0,0,0,0,0,
20201203,NH,22925,4360,412462,,totalTestsViral,838700,156,844,,279,,,18039,B,12/3/2020 09:00,2020-12-03T09:00:00Z,12/03 04:00,544,844,2020-12-03T09:00:00Z,838700,,,18565,,,,431027,34318,,,33405,,,,,,,33,593,2766,435387,7051,435387,7,2,cbc1863673d15d59e431f9022132baec5df39dd9,0,0,0,0,0,
20201202,NH,22332,4212,409696,,totalTestsViral,831649,162,842,,279,,,17101,B,12/2/2020 09:00,2020-12-02T09:00:00Z,12/02 04:00,537,842,2020-12-02T09:00:00Z,831649,,,18120,,,,427816,34261,,,33348,,,,,,,33,566,3255,432028,6549,432028,9,1,3b64c9a856d4e4a6437eff7c81d3d7db115a1551,0,0,0,0,0,
20201201,NH,21766,4118,406441,,totalTestsViral,825100,160,841,,279,,,16216,B,12/1/2020 09:00,2020-12-01T09:00:00Z,12/01 04:00,528,841,2020-12-01T09:00:00Z,825100,,,17648,,,,424089,34218,,,33186,,,,,,,33,772,2233,428207,7941,428207,2,2,c081307ba10d8ed9287c2f52390b61f3e1486bdd,0,0,0,0,0,
20201130,NH,20994,3941,404208,,totalTestsViral,817159,160,839,,279,,,15323,B,11/30/2020 09:00,2020-11-30T09:00:00Z,11/30 04:00,526,839,2020-11-30T09:00:00Z,817159,,,17053,,,,421261,34190,,,33161,,,,,,,33,514,1998,425202,6496,425202,0,0,0bc81209681323aa8af7b243d16d64a5891919ef,0,0,0,0,0,
20201129,NH,20480,3714,402210,,totalTestsViral,810663,146,839,,279,,,14999,B,11/29/2020 09:00,2020-11-29T09:00:00Z,11/29 04:00,526,839,2020-11-29T09:00:00Z,810663,,,16766,,,,418976,34180,,,33152,,,,,,,33,478,3013,422690,25100,422690,3,2,208804dabe25e58e69ff5de233f3a69e83efdaee,0,0,0,0,0,
20201128,NH,20002,3041,399197,,totalTestsViral,785563,133,837,,276,,,14642,B,11/28/2020 09:00,2020-11-28T09:00:00Z,11/28 04:00,523,837,2020-11-28T09:00:00Z,785563,,,16961,,,,416158,34017,,,33136,,,,,,,33,689,2179,419199,0,419199,6,1,f94e25c742ee0d09932429b87b5e872560c7985d,0,0,0,0,0,
20201127,NH,19313,3041,397018,,totalTestsViral,785563,131,836,,276,,,14226,B,11/27/2020 09:00,2020-11-27T09:00:00Z,11/27 04:00,517,836,2020-11-27T09:00:00Z,785563,,,16272,,,,413290,34017,,,33089,,,,,,,33,537,1706,416331,0,416331,3,3,5e668101e59d10a48c2b09604bfbafb8b2b44588,0,0,0,0,0,
20201126,NH,18776,3041,395312,,totalTestsViral,785563,125,833,,276,,,13969,B,11/25/2020 09:00,2020-11-25T09:00:00Z,11/25 04:00,514,833,2020-11-25T09:00:00Z,785563,,,15735,,,,411047,34017,,,33024,,,,,,,33,0,0,414088,0,414088,0,0,2768a4af527937afddae9dd49e38774c727e80ef,0,0,0,0,0,
20201125,NH,18776,3041,395312,,totalTestsViral,785563,125,833,,276,,,13969,B,11/25/2020 09:00,2020-11-25T09:00:00Z,11/25 04:00,514,833,2020-11-25T09:00:00Z,785563,,,15735,,,,411047,34017,,,33024,,,,,,,33,394,3064,414088,9965,414088,1,1,50149fd849e8adda7dab275654890c7b6be6a392,0,0,0,0,0,
20201124,NH,18382,2962,392248,,totalTestsViral,775598,121,832,,276,,,13558,B,11/24/2020 09:00,2020-11-24T09:00:00Z,11/24 04:00,513,832,2020-11-24T09:00:00Z,775598,,,15420,,,,407668,33949,,,32967,,,,,,,33,340,1233,410630,4807,410630,1,1,f61a4d025a72932da8195f5742d0d2b39fdd97b9,0,0,0,0,0,
20201123,NH,18042,2830,391015,,totalTestsViral,770791,121,831,,277,,,13226,B,11/23/2020 09:00,2020-11-23T09:00:00Z,11/23 04:00,512,831,2020-11-23T09:00:00Z,770791,,,15212,,,,406227,33915,,,32939,,,,,,,33,444,1588,409057,5872,409057,0,1,54f7b4cd0ce068f2500c90605f2eef8fb6ec3532,0,0,0,0,0,
20201122,NH,17598,2701,389427,,totalTestsViral,764919,117,830,,276,,,12887,B,11/22/2020 09:00,2020-11-22T09:00:00Z,11/22 04:00,512,830,2020-11-22T09:00:00Z,764919,,,14897,,,,404324,33879,,,32909,,,,,,,33,317,3579,407025,9416,407025,4,1,7f0845a1d355f41b7605c7b796515a2aa8c4e510,0,0,0,0,0,
20201121,NH,17281,2596,385848,,totalTestsViral,755503,116,829,,276,,,12599,B,11/21/2020 09:00,2020-11-21T09:00:00Z,11/21 04:00,508,829,2020-11-21T09:00:00Z,755503,,,14685,,,,400533,33822,,,32858,,,,,,,33,484,397,403129,8447,403129,1,2,b1e7e3af438e46d8c735c446f08038b0177353c1,0,0,0,0,0,
20201120,NH,16797,2442,385451,,totalTestsViral,747056,108,827,,276,,,12201,B,11/20/2020 09:00,2020-11-20T09:00:00Z,11/20 04:00,507,827,2020-11-20T09:00:00Z,747056,,,14355,,,,399806,33775,,,32818,,,,,,,33,520,3913,402248,8994,402248,1,1,54242405dcc343e0d069138fc1668cd85a56023d,0,0,0,0,0,
20201119,NH,16277,2332,381538,,totalTestsViral,738062,98,826,,276,,,11765,B,11/19/2020 09:00,2020-11-19T09:00:00Z,11/19 04:00,506,826,2020-11-19T09:00:00Z,738062,,,13945,,,,395483,33709,,,32761,,,,,,,33,528,2449,397815,8916,397815,2,4,b935b1e52b16cb6f2f33aa07495f63dcfac8a440,0,0,0,0,0,
20201118,NH,15749,1408,379089,,totalTestsViral,729146,91,822,,272,,,11478,B,11/18/2020 09:00,2020-11-18T09:00:00Z,11/18 04:00,504,822,2020-11-18T09:00:00Z,729146,,,12062,,,,391151,33644,,,32709,,,,,,,33,446,2251,394838,6099,394838,2,5,b48655cba87bfc70011073dbbc28d912c1f9d8f9,0,0,0,0,0,
20201117,NH,15303,1408,376838,,totalTestsViral,723047,77,817,,271,,,11250,B,11/17/2020 09:00,2020-11-17T09:00:00Z,11/17 04:00,502,817,2020-11-17T09:00:00Z,723047,,,12062,,,,388900,33602,,,32676,,,,,,,33,274,1292,392141,5158,392141,2,0,b90b5cf2ea9d35fc77b69fca70347e213c511303,0,0,0,0,0,
20201116,NH,15029,1408,375546,,totalTestsViral,717889,74,817,,268,,,11185,B,11/16/2020 09:00,2020-11-16T09:00:00Z,11/16 04:00,500,817,2020-11-16T09:00:00Z,717889,,,12062,,,,387608,33500,,,32656,,,,,,,33,358,2856,390575,27530,390575,1,13,2a24f89e5870d21799c1aefa775874d466eee80e,0,0,0,0,0,
20201115,NH,14671,1408,372690,,totalTestsViral,690359,69,804,,266,,,10866,B,11/15/2020 09:00,2020-11-15T09:00:00Z,11/15 04:00,499,804,2020-11-15T09:00:00Z,690359,,,12062,,,,384752,33433,,,32647,,,,,,,33,360,3340,387361,0,387361,0,0,d88285b1479cdf3931302592fa89050dae5d4c35,0,0,0,0,0,
20201114,NH,14311,1408,369350,,totalTestsViral,690359,68,804,,266,,,10842,B,11/14/2020 09:00,2020-11-14T09:00:00Z,11/14 04:00,499,804,2020-11-14T09:00:00Z,690359,,,12062,,,,381412,33433,,,32612,,,,,,,33,382,3107,383661,0,383661,1,-7,673ffadae3a12893de46bd013e09aa026b4416c9,0,0,0,0,0,
20201113,NH,13929,1408,366243,,totalTestsViral,690359,69,811,,266,,,10688,B,11/13/2020 09:00,2020-11-13T09:00:00Z,11/13 04:00,498,811,2020-11-13T09:00:00Z,690359,,,12062,,,,378305,33433,,,32562,,,,,,,33,459,3257,380172,0,380172,3,7,7074a020927ade6684f8a1b7ec271b8075a7fbb7,0,0,0,0,0,
20201112,NH,13470,1408,362986,,totalTestsViral,690359,69,804,,266,,,10447,B,11/12/2020 09:00,2020-11-12T09:00:00Z,11/12 04:00,495,804,2020-11-12T09:00:00Z,690359,,,12062,,,,375048,33433,,,32523,,,,,,,33,322,3990,376456,16372,376456,3,4,6690111ecfad730727a88c0e7650aa9529da3cb4,0,0,0,0,0,
20201111,NH,13148,1314,358996,,totalTestsViral,673987,69,800,,263,,,10262,B,11/11/2020 09:00,2020-11-11T09:00:00Z,11/11 04:00,492,800,2020-11-11T09:00:00Z,673987,,,11605,,,,370601,33352,,,32489,,,,,,,33,229,2516,372144,0,372144,3,4,66511015a129d6beb7989e5daf82cd86d5869ca7,0,0,0,0,0,
20201110,NH,12919,1314,356480,,totalTestsViral,673987,64,796,,263,,,10233,B,11/10/2020 09:00,2020-11-10T09:00:00Z,11/10 04:00,489,796,2020-11-10T09:00:00Z,673987,,,11605,,,,368085,33352,,,32444,,,,,,,33,220,4369,369399,8200,369399,0,2,a020dba2e478492abdfed901ad75d8c77cf8ca0d,0,0,0,0,0,
20201109,NH,12699,1266,352111,,totalTestsViral,665787,56,794,,262,,,10153,B,11/9/2020 09:00,2020-11-09T09:00:00Z,11/09 04:00,489,794,2020-11-09T09:00:00Z,665787,,,11433,,,,363544,33302,,,32406,,,,,,,33,211,561,364810,2707,364810,0,0,cf69734d4a3fbd7e734ea649fbcf615305329cf4,0,0,0,0,0,
20201108,NH,12488,1210,351550,,totalTestsViral,663080,55,794,,262,,,10096,B,11/8/2020 09:00,2020-11-08T09:00:00Z,11/08 04:00,489,794,2020-11-08T09:00:00Z,663080,,,11278,,,,362828,33302,,,32402,,,,,,,33,247,997,364038,5485,364038,0,3,1275484df7c291acb77d4b62ffbdee959f8f9265,0,0,0,0,0,
20201107,NH,12241,1088,350553,,totalTestsViral,657595,49,791,,260,,,9980,B,11/7/2020 09:00,2020-11-07T09:00:00Z,11/07 04:00,489,791,2020-11-07T09:00:00Z,657595,,,11153,,,,361706,33285,,,32389,,,,,,,33,229,2827,362794,6551,362794,1,1,2059895046443b089511820f39f6b53e74b60fb1,0,0,0,0,0,
20201106,NH,12012,1008,347726,,totalTestsViral,651044,48,790,,259,,,9894,B,11/6/2020 09:00,2020-11-06T09:00:00Z,11/06 04:00,488,790,2020-11-06T09:00:00Z,651044,,,11004,,,,358730,33242,,,32350,,,,,,,33,204,2231,359738,6453,359738,2,2,858636d2f0bbe27991e1581dbb052cdae5593b56,0,0,0,0,0,
20201105,NH,11808,945,345495,,totalTestsViral,644591,44,788,,259,,,9776,B,11/5/2020 09:00,2020-11-05T09:00:00Z,11/05 04:00,486,788,2020-11-05T09:00:00Z,644591,,,10863,,,,356358,33216,,,32326,,,,,,,33,245,5022,357303,9321,357303,2,1,eb511b4a42e7183df1800fe6d2561844719ee06e,0,0,0,0,0,
20201104,NH,11563,900,340473,,totalTestsViral,635270,42,787,,259,,,9625,B,11/4/2020 09:00,2020-11-04T09:00:00Z,11/04 04:00,484,787,2020-11-04T09:00:00Z,635270,,,10663,,,,351136,33156,,,32271,,,,,,,33,115,774,352036,4226,352036,1,3,64e501b183f5cd20e34eab38145258625b6e0537,0,0,0,0,0,
20201103,NH,11448,953,339699,,totalTestsViral,631044,41,784,,257,,,9515,B,11/3/2020 09:00,2020-11-03T09:00:00Z,11/03 04:00,483,784,2020-11-03T09:00:00Z,631044,,,10495,,,,350194,33122,,,32243,,,,,,,33,128,1927,351147,4512,351147,0,3,7fbf182a05e0ef180b64df5cb748e36a1dcd50fd,0,0,0,0,0,
20201102,NH,11320,894,337772,,totalTestsViral,626532,41,781,,256,,,9430,B,11/2/2020 09:00,2020-11-02T09:00:00Z,11/02 04:00,483,781,2020-11-02T09:00:00Z,626532,,,10426,,,,348198,33102,,,32225,,,,,,,33,106,976,349092,9938,349092,0,1,d980e6ef66d75046b7be2fa97232068fb17ef75d,0,0,0,0,0,
20201101,NH,11214,875,336796,,totalTestsViral,616594,38,780,,255,,,9379,B,11/1/2020 09:00,2020-11-01T09:00:00Z,11/01 04:00,483,780,2020-11-01T09:00:00Z,616594,,,10339,,,,347135,33039,,,32206,,,,,,,33,130,1948,348010,0,348010,0,1,516fd004b0f550bfbce391f5f08229c4a90579c3,0,0,0,0,0,
20201031,NH,11084,847,334848,,totalTestsViral,616594,42,779,,255,,,9263,B,10/31/2020 09:00,2020-10-31T09:00:00Z,10/31 05:00,483,779,2020-10-31T09:00:00Z,616594,,,10237,,,,345085,33039,,,32170,,,,,,,33,200,6248,345932,6670,345932,1,2,94955cdff52e2cbe82be135c625be8ccbc0d66c8,0,0,0,0,0,
20201030,NH,10884,788,328600,,totalTestsViral,609924,30,777,,254,,,9186,B,10/30/2020 09:00,2020-10-30T09:00:00Z,10/30 05:00,482,777,2020-10-30T09:00:00Z,609924,,,10096,,,,338696,33004,,,32135,,,,,,,33,116,108,339484,7194,339484,0,2,ac3e2ada2125558a2610a4a0ba60c0e2aa4c3992,0,0,0,0,0,
20201029,NH,10768,752,328492,,totalTestsViral,602730,30,775,,253,,,9180,B,10/29/2020 09:00,2020-10-29T09:00:00Z,10/29 05:00,482,775,2020-10-29T09:00:00Z,602730,,,10016,,,,338508,32973,,,32108,,,,,,,33,127,2342,339260,7023,339260,4,0,58b114e9c0f71dedc80486a31b28bb2adc8779b1,0,0,0,0,0,
20201028,NH,10641,728,326150,,totalTestsViral,595707,29,775,,250,,,9129,B,10/28/2020 09:00,2020-10-28T09:00:00Z,10/28 05:00,478,775,2020-10-28T09:00:00Z,595707,,,9913,,,,336063,32940,,,32082,,,,,,,33,110,1597,336791,5343,336791,3,4,f2c7c2d2e57e33579a3c4cf0f84af29aed461de6,0,0,0,0,0,
20201027,NH,10531,674,324553,,totalTestsViral,590364,31,771,,248,,,8989,B,10/27/2020 09:00,2020-10-27T09:00:00Z,10/27 05:00,475,771,2020-10-27T09:00:00Z,590364,,,9856,,,,334409,32897,,,32004,,,,,,,33,134,1186,335084,5154,335084,0,3,1bdff7823dc5de3f972789684181a5b45502eca6,0,0,0,0,0,
20201026,NH,10397,649,323367,,totalTestsViral,585210,25,768,,247,,,8920,B,10/26/2020 09:00,2020-10-26T09:00:00Z,10/26 05:00,475,768,2020-10-26T09:00:00Z,585210,,,9748,,,,333115,32866,,,32015,,,,,,,33,69,1502,333764,6024,333764,2,2,25e5ac26f8ec27e0074781c22382cd85b99a23f4,0,0,0,0,0,
20201025,NH,10328,632,321865,,totalTestsViral,579186,23,766,,246,,,8823,B,10/25/2020 09:00,2020-10-25T09:00:00Z,10/25 05:00,473,766,2020-10-25T09:00:00Z,579186,,,9696,,,,331561,32840,,,31995,,,,,,,33,90,2436,332193,4999,332193,0,1,f9d2f9d5c758fde080ddfcc827d55f4e373cd647,0,0,0,0,0,
20201024,NH,10238,610,319429,,totalTestsViral,574187,19,765,,246,,,8819,B,10/24/2020 09:00,2020-10-24T09:00:00Z,10/24 05:00,473,765,2020-10-24T09:00:00Z,574187,,,9628,,,,329057,32801,,,31958,,,,,,,33,126,2796,329667,6592,329667,2,0,f40ce874b0d004a7b560475d32f7b5511feb2346,0,0,0,0,0,
20201023,NH,10112,594,316633,,totalTestsViral,567595,15,765,,246,,,8745,B,10/23/2020 09:00,2020-10-23T09:00:00Z,10/23 05:00,471,765,2020-10-23T09:00:00Z,567595,,,9518,,,,326151,32765,,,31919,,,,,,,33,118,2893,326745,6563,326745,1,0,8a3e3cc6d19b3204dc7e89a2c61e9d339d949592,0,0,0,0,0,
20201022,NH,9994,561,313740,,totalTestsViral,561032,18,765,,246,,,8692,B,10/22/2020 09:00,2020-10-22T09:00:00Z,10/22 05:00,470,765,2020-10-22T09:00:00Z,561032,,,9433,,,,323173,32710,,,31879,,,,,,,33,77,4828,323734,8107,323734,1,2,476fd40c1d060feb538ec58f90e99e91bae9e892,0,0,0,0,0,
20201021,NH,9917,537,308912,,totalTestsViral,552925,14,763,,246,,,8650,B,10/21/2020 09:00,2020-10-21T09:00:00Z,10/21 05:00,469,763,2020-10-21T09:00:00Z,552925,,,9380,,,,318292,32680,,,31852,,,,,,,33,89,2152,318829,9363,318829,1,0,e510bd020eac988d5db183ffdd1e885df99c21ab,0,0,0,0,0,
20201020,NH,9828,497,306760,,totalTestsViral,543562,16,763,,246,,,8536,B,10/20/2020 09:00,2020-10-20T09:00:00Z,10/20 05:00,468,763,2020-10-20T09:00:00Z,543562,,,9331,,,,316091,32594,,,31802,,,,,,,33,82,1219,316588,0,316588,0,2,63492c8a0a8b0ffa6e56d09f42d7ae3b68ccc2e1,0,0,0,0,0,
20201019,NH,9746,481,305541,,totalTestsViral,543562,16,761,,246,,,8258,B,10/19/2020 09:00,2020-10-19T09:00:00Z,10/19 05:00,468,761,2020-10-19T09:00:00Z,543562,,,9265,,,,314806,32594,,,31773,,,,,,,33,52,1403,315287,4949,315287,1,0,26ebd7310445b368a8c01482b275121e3dc3e35b,0,0,0,0,0,
20201018,NH,9694,467,304138,,totalTestsViral,538613,17,761,,246,,,8256,B,10/18/2020 09:00,2020-10-18T09:00:00Z,10/18 05:00,467,761,2020-10-18T09:00:00Z,538613,,,9226,,,,313364,32583,,,31764,,,,,,,33,69,1691,313832,15272,313832,1,0,82f221a863dcdbeed5d4929a4396aecc64ae1b44,0,0,0,0,0,
20201017,NH,9625,456,302447,,totalTestsViral,523341,18,761,,246,,,8222,B,10/17/2020 09:00,2020-10-17T09:00:00Z,10/17 05:00,466,761,2020-10-17T09:00:00Z,523341,,,9168,,,,311615,32487,,,31731,,,,,,,33,111,5718,312072,1,312072,1,0,08245639041946577bc48654f70c995637504898,0,0,0,0,0,
20201016,NH,9514,428,296729,,totalTestsViral,523340,16,761,,246,,,8155,B,10/16/2020 09:00,2020-10-16T09:00:00Z,10/16 05:00,465,761,2020-10-16T09:00:00Z,523340,,,9086,,,,305815,32487,,,31675,,,,,,,33,88,2177,306243,5196,306243,2,0,f7e421f635d16be872af892c8059902c7c5d284f,0,0,0,0,0,
20201015,NH,9426,402,294552,,totalTestsViral,518144,18,761,,245,,,8134,B,10/15/2020 09:00,2020-10-15T09:00:00Z,10/15 05:00,463,761,2020-10-15T09:00:00Z,518144,,,9024,,,,303576,32460,,,31654,,,,,,,33,77,1900,303978,4692,303978,5,1,9cd6e33b66215cb0d8683527aee385f823367c00,0,0,0,0,0,
20201014,NH,9349,382,292652,,totalTestsViral,513452,19,760,,245,,,8068,B,10/14/2020 09:00,2020-10-14T09:00:00Z,10/14 05:00,458,760,2020-10-14T09:00:00Z,513452,,,8967,,,,301619,32424,,,31619,,,,,,,33,70,3726,302001,5373,302001,2,2,ccdaadc4089e6a879e766423d619566859413fde,0,0,0,0,0,
20201013,NH,9279,355,288926,,totalTestsViral,508079,17,758,,241,,,8036,B,10/13/2020 09:00,2020-10-13T09:00:00Z,10/13 05:00,456,758,2020-10-13T09:00:00Z,508079,,,8924,,,,297850,32384,,,31580,,,,,,,33,136,4181,298205,10169,298205,0,6,6e853018dc7a826eab5945b3357905ff88c537a4,0,0,0,0,0,
20201012,NH,9143,312,284745,,totalTestsViral,497910,22,752,,238,,,8002,B,10/11/2020 09:00,2020-10-11T09:00:00Z,10/11 05:00,456,752,2020-10-11T09:00:00Z,497910,,,8831,,,,293576,32327,,,31529,,,,,,,33,51,1096,293888,4801,293888,1,2,2947ac9c2780094f9d2dc88e6ef74c6b3c6f6992,0,0,0,0,0,
20201011,NH,9092,288,283649,,totalTestsViral,493109,21,750,,238,,,7945,B,10/10/2020 09:00,2020-10-10T09:00:00Z,10/10 05:00,455,750,2020-10-10T09:00:00Z,493109,,,8802,,,,292451,32299,,,31503,,,,,,,33,0,0,292741,0,292741,0,0,b8966bc5e63e752e7b9ae7644e61504fec925693,0,0,0,0,0,
20201010,NH,9092,288,283649,,totalTestsViral,493109,21,750,,238,,,7945,B,10/10/2020 09:00,2020-10-10T09:00:00Z,10/10 05:00,455,750,2020-10-10T09:00:00Z,493109,,,8802,,,,292451,32299,,,31503,,,,,,,33,214,4650,292741,10991,292741,6,3,0ada1ed54f1a89738f4cf22d65574421f0c989a1,0,0,0,0,0,
20201009,NH,8878,249,278999,,totalTestsViral,482118,14,747,,238,,,7898,B,10/8/2020 09:00,2020-10-08T09:00:00Z,10/08 05:00,449,747,2020-10-08T09:00:00Z,482118,,,8629,,,,287628,32172,,,31384,,,,,,,33,0,0,287877,0,287877,0,0,027dd5bbf13d58741b38d46bcad518e60fad1a82,0,0,0,0,0,
20201008,NH,8878,249,278999,,totalTestsViral,482118,14,747,,238,,,7898,B,10/8/2020 09:00,2020-10-08T09:00:00Z,10/08 05:00,449,747,2020-10-08T09:00:00Z,482118,,,8629,,,,287628,32172,,,31384,,,,,,,33,78,2405,287877,5604,287877,1,2,1fdef2c9081a3355b5a11695dd3995608aab8ff5,0,0,0,0,0,
20201007,NH,8800,197,276594,,totalTestsViral,476514,18,745,,236,,,7845,B,10/7/2020 09:00,2020-10-07T09:00:00Z,10/07 05:00,448,745,2020-10-07T09:00:00Z,476514,,,8534,,,,285128,32113,,,31327,,,,,,,33,69,1657,285394,7122,285394,2,2,076bcd25eaddcf3dab706e9c8af87b40c4f66029,0,0,0,0,0,
20201006,NH,8731,197,274937,,totalTestsViral,469392,20,743,,236,,,7785,B,10/6/2020 09:00,2020-10-06T09:00:00Z,10/06 05:00,446,743,2020-10-06T09:00:00Z,469392,,,8534,,,,283471,32059,,,31302,,,,,,,33,51,750,283668,3514,283668,2,0,e5a3b5b76c499249bc03f9619388ebc8d469eb6a,0,0,0,0,0,
20201005,NH,8680,173,274187,,totalTestsViral,465878,22,743,,236,,,7746,B,10/4/2020 09:00,2020-10-04T09:00:00Z,10/04 05:00,444,743,2020-10-04T09:00:00Z,465878,,,8472,,,,282659,32043,,,31281,,,,,,,33,35,3066,282867,0,282867,1,0,85c587f3788c78cf3d16b70646b1621bb1861764,0,0,0,0,0,
20201004,NH,8645,173,271121,,totalTestsViral,465878,23,743,,236,,,7710,B,10/3/2020 09:00,2020-10-03T09:00:00Z,10/03 05:00,443,743,2020-10-03T09:00:00Z,465878,,,8472,,,,279564,32043,,,31231,,,,,,,33,48,0,279766,4829,279766,1,0,08e9ff78b01b58e1c9fa8bbacfe5663461305532,0,0,0,0,0,
20201003,NH,8597,154,271121,,totalTestsViral,461049,17,743,,235,,,7655,B,10/3/2020 09:00,2020-10-03T09:00:00Z,10/03 05:00,442,743,2020-10-03T09:00:00Z,461049,,,8443,,,,279564,32000,,,31231,,,,,,,33,63,1647,279718,5180,279718,0,0,eb70ca61ca19c3798be29dd5656d96b1ec311ab7,0,0,0,0,0,
20201002,NH,8534,139,269474,,totalTestsViral,455869,20,743,,234,,,7636,B,10/2/2020 09:00,2020-10-02T09:00:00Z,10/02 05:00,442,743,2020-10-02T09:00:00Z,455869,,,8395,,,,277869,31955,,,31192,,,,,,,33,217,1957,278008,5055,278008,1,5,eaed9ca3a58ed5faac602debbde6a90e8cf135a6,0,0,0,0,0,
20201001,NH,8317,,267517,,totalTestsViral,450814,15,738,,234,,,7534,B,10/1/2020 09:00,2020-10-01T09:00:00Z,10/01 05:00,441,738,2020-10-01T09:00:00Z,450814,,,,,,,275834,31913,,,31156,,,,,,,33,51,2070,275834,5339,275834,2,0,8a816ce60fb51930bca19351a2921a8c4ecc96fc,0,0,0,0,0,
20200930,NH,8266,,265447,,totalTestsViral,445475,14,738,,234,,,7522,B,9/29/2020 09:00,2020-09-29T09:00:00Z,09/29 05:00,439,738,2020-09-29T09:00:00Z,445475,,,,,,,273713,31863,,,31108,,,,,,,33,33,3476,273713,6503,273713,0,0,db5d2f6d4ba19b49a53acf36383b40fa895bea2c,0,0,0,0,0,
20200929,NH,8233,,261971,,totalTestsViral,438972,13,738,,234,,,7463,B,9/29/2020 09:00,2020-09-29T09:00:00Z,09/29 05:00,439,738,2020-09-29T09:00:00Z,438972,,,,,,,270204,31793,,,31078,,,,,,,33,25,812,270204,6576,270204,0,1,86f585a3c43a4b90d630ab61417075ff8ae768cd,0,0,0,0,0,
20200928,NH,8208,,261159,,totalTestsViral,432396,16,737,,233,,,7430,B,9/28/2020 09:00,2020-09-28T09:00:00Z,09/28 05:00,439,737,2020-09-28T09:00:00Z,432396,,,,,,,269367,31777,,,31046,,,,,,,33,36,1845,269367,0,269367,0,1,1fe48856913bf5561bc2a223328e75e5ae4df21b,0,0,0,0,0,
20200927,NH,8172,,259314,,totalTestsViral,432396,20,736,,233,,,7403,B,9/26/2020 09:00,2020-09-26T09:00:00Z,09/26 05:00,439,736,2020-09-26T09:00:00Z,432396,,,,,,,267486,31777,,,31030,,,,,,,33,51,2057,267486,9805,267486,0,2,b8664cc8c80d813477b473a5b1fdb68fe8ecafe5,0,0,0,0,0,
20200926,NH,8121,,257257,,totalTestsViral,422591,18,734,,232,,,7379,B,9/26/2020 09:00,2020-09-26T09:00:00Z,09/26 05:00,439,734,2020-09-26T09:00:00Z,422591,,,,,,,265378,31666,,,30983,,,,,,,33,77,18150,265378,4902,265378,1,2,3bb86e11aa4b64e9b87a8eed9f19b03ca214d073,0,0,0,0,0,
20200925,NH,8044,,239107,,totalTestsViral,417689,16,732,,233,,,7325,B,9/24/2020 09:00,2020-09-24T09:00:00Z,09/24 05:00,438,732,2020-09-24T09:00:00Z,417689,,,,,,,247151,31620,,,30901,,,,,,,33,0,0,247151,0,247151,0,0,1eedce4db65e7774dfef99557a1a047d83f1678f,0,0,0,0,0,
20200924,NH,8044,,239107,,totalTestsViral,417689,16,732,,233,,,7325,B,9/24/2020 09:00,2020-09-24T09:00:00Z,09/24 05:00,438,732,2020-09-24T09:00:00Z,417689,,,,,,,247151,31620,,,30901,,,,,,,33,37,2625,247151,4298,247151,0,4,f6621ca9df3ab541b5cd20cba04aa51b1142b1e1,0,0,0,0,0,
20200923,NH,8007,,236482,,totalTestsViral,413391,17,728,,230,,,7303,B,9/23/2020 09:00,2020-09-23T09:00:00Z,09/23 05:00,438,728,2020-09-23T09:00:00Z,413391,,,,,,,244489,31557,,,30839,,,,,,,33,17,945,244489,2925,244489,0,1,1c4d1608894fb5e0a08b406b86dac71eb12c0ab2,0,0,0,0,0,
20200922,NH,7990,,235537,,totalTestsViral,410466,11,727,,230,,,7259,B,9/22/2020 09:00,2020-09-22T09:00:00Z,09/22 05:00,438,727,2020-09-22T09:00:00Z,410466,,,,,,,243527,31505,,,30781,,,,,,,33,38,1247,243527,3133,243527,0,1,1a529c0adbe28cf7fa3497fcaa631184d422384d,0,0,0,0,0,
20200921,NH,7952,,234290,,totalTestsViral,407333,11,726,,230,,,7226,B,9/20/2020 09:00,2020-09-20T09:00:00Z,09/20 05:00,438,726,2020-09-20T09:00:00Z,407333,,,,,,,242242,31475,,,30754,,,,,,,33,5,1836,242242,5644,242242,0,1,f58a0a2712454c5cc23727346f47f71d8eaace0f,0,0,0,0,0,
20200920,NH,7947,,232454,,totalTestsViral,401689,10,725,,230,,,7201,B,9/20/2020 09:00,2020-09-20T09:00:00Z,09/20 05:00,438,725,2020-09-20T09:00:00Z,401689,,,,,,,240401,31457,,,30737,,,,,,,33,27,1642,240401,8523,240401,0,0,09282044adb3f3f7fcbba0114f9245809624a140,0,0,0,0,0,
20200919,NH,7920,,230812,,totalTestsViral,393166,8,725,,230,,,7164,B,9/19/2020 09:00,2020-09-19T09:00:00Z,09/19 05:00,438,725,2020-09-19T09:00:00Z,393166,,,,,,,238732,31344,,,30704,,,,,,,33,59,1155,238732,0,238732,0,0,360aaa89ca7ca8ca8c806048380479cde072aada,0,0,0,0,0,
20200918,NH,7861,,229657,,totalTestsViral,393166,7,725,,230,,,7117,B,9/18/2020 09:00,2020-09-18T09:00:00Z,09/18 05:00,438,725,2020-09-18T09:00:00Z,393166,,,,,,,237518,31344,,,30635,,,,,,,33,47,1961,237518,9615,237518,0,0,f45da22fd4d3ac2f87eb822db1c3c8b7431394f3,0,0,0,0,0,
20200917,NH,7814,,227696,,totalTestsViral,383551,7,725,,230,,,7104,B,9/17/2020 09:00,2020-09-17T09:00:00Z,09/17 05:00,438,725,2020-09-17T09:00:00Z,383551,,,,,,,235510,31215,,,30576,,,,,,,33,34,1745,235510,0,235510,0,2,cadb9e173baf8228bd7e558ad235c29ded092e5f,0,0,0,0,0,
20200916,NH,7780,,225951,,totalTestsViral,383551,8,723,,230,,,7083,B,9/16/2020 09:00,2020-09-16T09:00:00Z,09/16 05:00,438,723,2020-09-16T09:00:00Z,383551,,,,,,,233731,31215,,,30515,,,,,,,33,32,1241,233731,3158,233731,0,1,e018a6d844b4f56c128a4048996e465b7377ae49,0,0,0,0,0,
20200915,NH,7748,,224710,,totalTestsViral,380393,9,722,,230,,,7022,B,9/15/2020 09:00,2020-09-15T09:00:00Z,09/15 05:00,438,722,2020-09-15T09:00:00Z,380393,,,,,,,232458,31165,,,30469,,,,,,,33,34,608,232458,3001,232458,2,1,c659377146b6d62e08d67683bb970a8412fefbea,0,0,0,0,0,
20200914,NH,7714,,224102,,totalTestsViral,377392,7,721,,229,,,6987,B,9/14/2020 09:00,2020-09-14T09:00:00Z,09/14 05:00,436,721,2020-09-14T09:00:00Z,377392,,,,,,,231816,31129,,,30439,,,,,,,33,18,1256,231816,4444,231816,0,0,4c0be6850f314de6cb0c35724d982655de5ad29e,0,0,0,0,0,
20200913,NH,7696,,222846,,totalTestsViral,372948,7,721,,228,,,6953,B,9/13/2020 09:00,2020-09-13T09:00:00Z,09/13 05:00,436,721,2020-09-13T09:00:00Z,372948,,,,,,,230542,31107,,,30419,,,,,,,33,44,1474,230542,3257,230542,1,0,9165db951f0b1b837b6664d18916d49c4c457503,0,0,0,0,0,
20200912,NH,7652,,221372,,totalTestsViral,369691,6,721,,228,,,6920,B,9/11/2020 09:00,2020-09-11T09:00:00Z,09/11 05:00,435,721,2020-09-11T09:00:00Z,369691,,,,,,,229024,31079,,,30329,,,,,,,33,32,1701,229024,4046,229024,1,1,e568d09cf6262f07185fc453c1fbda20284a761c,0,0,0,0,0,
20200911,NH,7620,,219671,,totalTestsViral,365645,7,720,,228,,,6870,B,9/11/2020 09:00,2020-09-11T09:00:00Z,09/11 05:00,434,720,2020-09-11T09:00:00Z,365645,,,,,,,227291,31004,,,30325,,,,,,,33,47,1585,227291,3677,227291,0,1,bad9f5087337a5bb158832f0052c58ce97985f93,0,0,0,0,0,
20200910,NH,7573,,218086,,totalTestsViral,361968,7,719,,228,,,6867,B,9/10/2020 09:00,2020-09-10T09:00:00Z,09/10 05:00,434,719,2020-09-10T09:00:00Z,361968,,,,,,,225659,30956,,,30284,,,,,,,33,79,2617,225659,5788,225659,1,1,4e170ab2f10c0fdee34876aff4fce1a16a41ca0a,0,0,0,0,0,
20200909,NH,7494,,215469,,totalTestsViral,356180,7,718,,227,,,6825,B,9/8/2020 09:00,2020-09-08T09:00:00Z,09/08 05:00,433,718,2020-09-08T09:00:00Z,356180,,,,,,,222963,30824,,,30164,,,,,,,33,0,0,222963,0,222963,0,0,2347b7ffb3cf1e2276316f5a0681024db5a6fae6,0,0,0,0,0,
20200908,NH,7494,,215469,,totalTestsViral,356180,7,718,,227,,,6825,B,9/8/2020 09:00,2020-09-08T09:00:00Z,09/08 05:00,433,718,2020-09-08T09:00:00Z,356180,,,,,,,222963,30824,,,30164,,,,,,,33,18,646,222963,2110,222963,0,0,bf06a5a0fdcdc81342175b8eec96e630d464b630,0,0,0,0,0,
20200907,NH,7476,,214823,,totalTestsViral,354070,7,718,,227,,,6805,B,9/7/2020 09:00,2020-09-07T09:00:00Z,09/07 05:00,433,718,2020-09-07T09:00:00Z,354070,,,,,,,222299,30822,,,30163,,,,,,,33,29,1608,222299,3542,222299,0,0,fdc92eab5a0c3179083fb7a6584aeb064ef9d925,0,0,0,0,0,
20200906,NH,7447,,213215,,totalTestsViral,350528,10,718,,227,,,6766,B,9/5/2020 09:00,2020-09-05T09:00:00Z,09/05 05:00,433,718,2020-09-05T09:00:00Z,350528,,,,,,,220662,30813,,,30153,,,,,,,33,23,1894,220662,4465,220662,1,1,2ff00748ae791de9fc7616dd676a38de880e5684,0,0,0,0,0,
20200905,NH,7424,,211321,,totalTestsViral,346063,9,717,,227,,,6742,B,9/5/2020 09:00,2020-09-05T09:00:00Z,09/05 05:00,432,717,2020-09-05T09:00:00Z,346063,,,,,,,218745,30766,,,30105,,,,,,,33,56,1426,218745,4078,218745,0,1,ab0e0b69ff7587c42fdb5ccd0ea21e049799abc1,0,0,0,0,0,
20200904,NH,7368,,209895,,totalTestsViral,341985,9,716,,227,,,6727,B,9/4/2020 09:00,2020-09-04T09:00:00Z,09/04 05:00,432,716,2020-09-04T09:00:00Z,341985,,,,,,,217263,30685,,,30036,,,,,,,33,21,1367,217263,4582,217263,0,1,dffa1584dde41891dcbd12535a65b5118de7ad62,0,0,0,0,0,
20200903,NH,7347,,208528,,totalTestsViral,337403,10,715,,227,,,6675,B,9/3/2020 09:00,2020-09-03T09:00:00Z,09/03 05:00,432,715,2020-09-03T09:00:00Z,337403,,,,,,,215875,30563,,,29925,,,,,,,33,50,4544,215875,8287,215875,0,0,b8257d13bf20c271cbba8bf7e48e723a736dd024,0,0,0,0,0,
20200902,NH,7297,,203984,,totalTestsViral,329116,8,715,,221,,,6634,B,9/1/2020 09:00,2020-09-01T09:00:00Z,09/01 05:00,432,715,2020-09-01T09:00:00Z,329116,,,,,,,211281,30385,,,29761,,,,,,,33,0,0,211281,0,211281,0,0,1fb5c86913441e24c14fd41d6e138e0afcfd7819,0,0,0,0,0,
20200901,NH,7297,,203984,,totalTestsViral,329116,8,715,,221,,,6634,B,9/1/2020 09:00,2020-09-01T09:00:00Z,09/01 05:00,432,715,2020-09-01T09:00:00Z,329116,,,,,,,211281,30385,,,29761,,,,,,,33,22,343,211281,1021,211281,0,1,f4731fa2e18db7606d699499269f9c6b313f758a,0,0,0,0,0,
20200831,NH,7275,,203641,,totalTestsViral,328095,6,714,,220,,,6615,B,8/31/2020 09:00,2020-08-31T09:00:00Z,08/31 05:00,432,714,2020-08-31T09:00:00Z,328095,,,,,,,210916,30373,,,29752,,,,,,,33,21,1600,210916,2520,210916,0,0,2fa5a51ec2dd357a1e5e1657a85bd05917f4b097,0,0,0,0,0,
20200830,NH,7254,,202041,,totalTestsViral,325575,6,714,,220,,,6600,B,8/30/2020 09:00,2020-08-30T09:00:00Z,08/30 05:00,432,714,2020-08-30T09:00:00Z,325575,,,,,,,209295,30318,,,29702,,,,,,,33,8,1947,209295,3711,209295,0,0,f02e6b316054a0309edcec314938e47c990ba532,0,0,0,0,0,
20200829,NH,7246,,200094,,totalTestsViral,321864,7,714,,220,,,6571,B,8/29/2020 09:00,2020-08-29T09:00:00Z,08/29 05:00,432,714,2020-08-29T09:00:00Z,321864,,,,,,,207340,30253,,,29641,,,,,,,33,30,1153,207340,2793,207340,0,1,a69060b02614ff4d61f0b3d88a6945f1d7dd16a6,0,0,0,0,0,
20200828,NH,7216,,198941,,totalTestsViral,319071,8,713,,220,,,6554,B,8/28/2020 09:00,2020-08-28T09:00:00Z,08/28 05:00,432,713,2020-08-28T09:00:00Z,319071,,,,,,,206157,30184,,,29578,,,,,,,33,22,2118,206157,3959,206157,1,0,3779d93e8ac7554b88df6083d7332e4a2d1b3d4d,0,0,0,0,0,
20200827,NH,7194,,196823,,totalTestsViral,315112,9,713,,220,,,6542,B,8/27/2020 09:00,2020-08-27T09:00:00Z,08/27 05:00,431,713,2020-08-27T09:00:00Z,315112,,,,,,,204017,30081,,,29478,,,,,,,33,35,2147,204017,4243,204017,1,0,5e103ad31bfc86b08e3ac0700e6a02343b049fcd,0,0,0,0,0,
20200826,NH,7159,,194676,,totalTestsViral,310869,8,713,,220,,,6510,B,8/26/2020 09:00,2020-08-26T09:00:00Z,08/26 05:00,430,713,2020-08-26T09:00:00Z,310869,,,,,,,201835,30010,,,29414,,,,,,,33,9,1955,201835,3576,201835,1,0,5cf209aecde7e7d7a18532f9141dd1e4338708f3,0,0,0,0,0,
20200825,NH,7150,,192721,,totalTestsViral,307293,8,713,,220,,,6484,B,8/25/2020 09:00,2020-08-25T09:00:00Z,08/25 05:00,429,713,2020-08-25T09:00:00Z,307293,,,,,,,199871,29911,,,29322,,,,,,,33,16,1626,199871,2794,199871,0,1,088fed5ef3fce75b51351f96db270d260a89f754,0,0,0,0,0,
20200824,NH,7134,,191095,,totalTestsViral,304499,11,712,,220,,,6450,B,8/24/2020 09:00,2020-08-24T09:00:00Z,08/24 05:00,429,712,2020-08-24T09:00:00Z,304499,,,,,,,198229,29844,,,29258,,,,,,,33,27,2138,198229,3183,198229,0,1,2b58d5bb05e4e90db1ce31b0df441de691a94f10,0,0,0,0,0,
20200823,NH,7107,,188957,,totalTestsViral,301316,12,711,,220,,,6428,B,8/23/2020 09:00,2020-08-23T09:00:00Z,08/23 05:00,429,711,2020-08-23T09:00:00Z,301316,,,,,,,196064,29819,,,29236,,,,,,,33,15,1374,196064,2466,196064,0,1,23e480c8f3648629f9525eaa594ebbd964197b69,0,0,0,0,0,
20200822,NH,7092,,187583,,totalTestsViral,298850,14,710,,220,,,6405,B,8/22/2020 09:00,2020-08-22T09:00:00Z,08/22 05:00,429,710,2020-08-22T09:00:00Z,298850,,,,,,,194675,29743,,,29166,,,,,,,33,42,4951,194675,8840,194675,1,0,0486d36524dd58d2c459a096cc5cae56a57f4b9d,0,0,0,0,0,
20200821,NH,7050,,182632,,totalTestsViral,290010,11,710,,220,,,6367,B,8/20/2020 09:00,2020-08-20T09:00:00Z,08/20 05:00,428,710,2020-08-20T09:00:00Z,290010,,,,,,,189682,29490,,,28924,,,,,,,33,0,0,189682,0,189682,0,0,e9d23cfb633a3eaaffadc1ecd1b94bee64f08e18,0,0,0,0,0,
20200820,NH,7050,,182632,,totalTestsViral,290010,11,710,,220,,,6367,B,8/20/2020 09:00,2020-08-20T09:00:00Z,08/20 05:00,428,710,2020-08-20T09:00:00Z,290010,,,,,,,189682,29490,,,28924,,,,,,,33,14,1659,189682,2936,189682,1,-2,233b2067280fa9d8bdd4023b6fb6cf132e25ddb6,0,0,0,0,0,
20200819,NH,7036,,180973,,totalTestsViral,287074,12,712,,220,,,6347,B,8/19/2020 09:00,2020-08-19T09:00:00Z,08/19 05:00,427,712,2020-08-19T09:00:00Z,287074,,,,,,,188009,29398,,,28837,,,,,,,33,19,1083,188009,2317,188009,3,0,c283ed14fc774a82219c5e8338c1deafa0e9d367,0,0,0,0,0,
20200818,NH,7017,,179890,,totalTestsViral,284757,12,712,,220,,,6333,B,8/18/2020 09:00,2020-08-18T09:00:00Z,08/18 05:00,424,712,2020-08-18T09:00:00Z,284757,,,,,,,186907,29339,,,28782,,,,,,,33,13,923,186907,1624,186907,1,3,3166cfed160a6b2d365562e52ca2d9a6949dad6c,0,0,0,0,0,
20200817,NH,7004,,178967,,totalTestsViral,283133,15,709,,218,,,6302,B,8/17/2020 09:00,2020-08-17T09:00:00Z,08/17 05:00,423,709,2020-08-17T09:00:00Z,283133,,,,,,,185971,29241,,,28699,,,,,,,33,16,1026,185971,2123,185971,0,1,10012d059ed24f746cbd9fbe3020cdffd130d7c5,0,0,0,0,0,
20200816,NH,6988,,177941,,totalTestsViral,281010,13,708,,218,,,6287,B,8/16/2020 09:00,2020-08-16T09:00:00Z,08/16 05:00,423,708,2020-08-16T09:00:00Z,281010,,,,,,,184929,29225,,,28671,,,,,,,33,8,1544,184929,2098,184929,0,2,c91882e8e0c2fced88be32b9d694c8df3145fa4b,0,0,0,0,0,
20200815,NH,6980,,176397,,totalTestsViral,278912,15,706,,218,,,6264,B,8/15/2020 09:00,2020-08-15T09:00:00Z,08/15 05:00,423,706,2020-08-15T09:00:00Z,278912,,,,,,,183377,29130,,,28528,,,,,,,33,59,1702,183377,3409,183377,1,1,680a8bc07462c18801eb442d90dbe874529cd974,0,0,0,0,0,
20200814,NH,6921,,174695,,totalTestsViral,275503,15,705,,214,,,6190,B,8/13/2020 09:00,2020-08-13T09:00:00Z,08/13 05:00,422,705,2020-08-13T09:00:00Z,275503,,,,,,,181616,29016,,,28351,,,,,,,33,0,0,181616,3452,181616,0,0,05a7c207845ce7cfef4b6b3bdde7f2735f88374b,0,0,0,0,0,
20200813,NH,6921,,174695,,totalTestsViral,272051,15,705,,214,,,6190,B,8/13/2020 09:00,2020-08-13T09:00:00Z,08/13 05:00,422,705,2020-08-13T09:00:00Z,272051,,,,,,,181616,28887,,,28351,,,,,,,33,34,1131,181616,4431,181616,2,0,ec28f3db3b8297db0e5b84365b98128eb142181f,0,0,0,0,0,
20200812,NH,6887,,173564,,totalTestsViral,267620,18,705,,213,,,6162,B,8/12/2020 09:00,2020-08-12T09:00:00Z,08/12 05:00,420,705,2020-08-12T09:00:00Z,267620,,,,,,,180451,28710,,,28195,,,,,,,33,26,5026,180451,2592,180451,1,0,396a5b2bc8075417e86afbb3cbde896bf69e1fd6,0,0,0,0,0,
20200811,NH,6861,,168538,,totalTestsViral,265028,21,705,,211,,,6126,B,8/11/2020 09:00,2020-08-11T09:00:00Z,08/11 05:00,419,705,2020-08-11T09:00:00Z,265028,,,,,,,175399,28620,,,28105,,,,,,,33,21,1100,175399,2078,175399,0,1,08ad29debf083984c369337be3182bd6debcecd5,0,0,0,0,0,
20200810,NH,6840,,167438,,totalTestsViral,262950,20,704,,210,,,6095,B,8/10/2020 09:00,2020-08-10T09:00:00Z,08/10 05:00,419,704,2020-08-10T09:00:00Z,262950,,,,,,,174278,28541,,,28046,,,,,,,33,9,1684,174278,2942,174278,0,3,354680c1d2c1b4375563ecf6a277c2b4f6f3172b,0,0,0,0,0,
20200809,NH,6831,,165754,,totalTestsViral,260008,23,701,,210,,,6063,B,8/9/2020 09:00,2020-08-09T09:00:00Z,08/09 05:00,419,701,2020-08-09T09:00:00Z,260008,,,,,,,172585,28483,,,27975,,,,,,,33,13,1321,172585,2411,172585,0,1,c6bb2a203f9e9a52c1d805ac8f3f4228353d0681,0,0,0,0,0,
20200808,NH,6818,,164433,,totalTestsViral,257597,24,700,,209,,,6049,B,8/8/2020 09:00,2020-08-08T09:00:00Z,08/08 05:00,419,700,2020-08-08T09:00:00Z,257597,,,,,,,171251,28372,,,27857,,,,,,,33,76,2710,171251,3075,171251,0,1,14edf7b348a9cfcb905c6a754e1bfd86a63a81c8,0,0,0,0,0,
20200807,NH,6742,,161723,,totalTestsViral,254522,21,699,,209,,,5941,B,8/6/2020 09:00,2020-08-06T09:00:00Z,08/06 05:00,419,699,2020-08-06T09:00:00Z,254522,,,,,,,168465,28241,,,27611,,,,,,,33,23,1035,168465,3013,168465,1,1,11d84ea7160284deb75829bfb2845fed8229b2da,0,0,0,0,0,
20200806,NH,6719,,160688,,totalTestsViral,251509,20,698,,209,,,5923,B,8/5/2020 09:00,2020-08-05T09:00:00Z,08/05 05:00,418,698,2020-08-05T09:00:00Z,251509,,,,,,,167407,28108,,,27506,,,,,,,33,26,1405,167407,2503,167407,0,0,224c2fd72021eae6eb7611983515bf42bddf8a89,0,0,0,0,0,
20200805,NH,6693,,159283,,totalTestsViral,249006,23,698,,209,,,5915,B,8/4/2020 09:00,2020-08-04T09:00:00Z,08/04 05:00,418,698,2020-08-04T09:00:00Z,249006,,,,,,,165976,27977,,,27364,,,,,,,33,33,1107,165976,2415,165976,1,1,42ac211c4283bc10e857ac308ec3c56966b75cb5,0,0,0,0,0,
20200804,NH,6660,,158176,,totalTestsViral,246591,23,697,,209,,,5848,B,8/3/2020 09:00,2020-08-03T09:00:00Z,08/03 05:00,417,697,2020-08-03T09:00:00Z,246591,,,,,,,164836,27830,,,27314,,,,,,,33,26,2188,164836,2806,164836,0,1,a13dee4a2a4c30ee644e31158d8c85dee3424683,0,0,0,0,0,
20200803,NH,6634,,155988,,totalTestsViral,243785,24,696,,209,,,5820,B,8/2/2020 09:00,2020-08-02T09:00:00Z,08/02 05:00,417,696,2020-08-02T09:00:00Z,243785,,,,,,,162622,27753,,,27251,,,,,,,33,21,1639,162622,3110,162622,1,1,fd29a099a17d98dd96b726910793a42c20862085,0,0,0,0,0,
20200802,NH,6613,,154349,,totalTestsViral,240675,22,695,,208,,,5794,B,8/1/2020 09:00,2020-08-01T09:00:00Z,08/01 05:00,416,695,2020-08-01T09:00:00Z,240675,,,,,,,160962,27694,,,27088,,,,,,,33,0,0,160962,3640,160962,0,0,81c4c1e1639d310de07083dc1ca31f13bd570974,0,0,0,0,0,
20200801,NH,6613,,154349,,totalTestsViral,237035,22,695,,208,,,5794,B,8/1/2020 09:00,2020-08-01T09:00:00Z,08/01 05:00,416,695,2020-08-01T09:00:00Z,237035,,,,,,,160962,27535,,,27088,,,,,,,33,69,2584,160962,3007,160962,1,3,51ce055d4b289c38c84bda4f19995a033b76a457,0,0,0,0,0,
20200731,NH,6544,,151765,,totalTestsViral,234028,21,692,,207,,,5722,B,7/30/2020 09:00,2020-07-30T09:00:00Z,07/30 05:00,415,692,2020-07-30T09:00:00Z,234028,,,,,,,158309,27391,,,26810,,,,,,,33,31,881,158309,2534,158309,4,2,aceaf6568638d9ed16c1d5624a9bb2063ccb3d97,0,0,0,0,0,
20200730,NH,6513,,150884,,totalTestsViral,231494,22,690,,205,,,5710,B,7/29/2020 09:00,2020-07-29T09:00:00Z,07/29 05:00,411,690,2020-07-29T09:00:00Z,231494,,,,,,,157397,27245,,,26674,,,,,,,33,13,1301,157397,3142,157397,2,0,2b7284fccfe983c7278dd676b321a7eac41ba81d,0,0,0,0,0,
20200729,NH,6500,,149583,,totalTestsViral,228352,21,690,,202,,,5688,B,7/28/2020 09:00,2020-07-28T09:00:00Z,07/28 05:00,409,690,2020-07-28T09:00:00Z,228352,,,,,,,156083,27084,,,26524,,,,,,,33,0,0,156083,2697,156083,0,0,e3c2731eb44bc4fce8c79d88693177e660a61e60,0,0,0,0,0,
20200728,NH,6500,,149583,,totalTestsViral,225655,21,690,,202,,,5688,B,7/28/2020 09:00,2020-07-28T09:00:00Z,07/28 05:00,409,690,2020-07-28T09:00:00Z,225655,,,,,,,156083,26925,,,26524,,,,,,,33,64,2410,156083,2964,156083,0,2,7a223c354fcbc46f307ed698f67acb4de4f64231,0,0,0,0,0,
20200727,NH,6436,,147173,,totalTestsViral,222691,20,688,,200,,,5438,B,7/26/2020 09:00,2020-07-26T09:00:00Z,07/26 05:00,409,688,2020-07-26T09:00:00Z,222691,,,,,,,153609,26858,,,26428,,,,,,,33,0,0,153609,2375,153609,0,0,afa56d979e7d794b5de58df6085cf1cc72fda4d9,0,0,0,0,0,
20200726,NH,6436,,147173,,totalTestsViral,220316,20,688,,200,,,5438,B,7/26/2020 09:00,2020-07-26T09:00:00Z,07/26 05:00,409,688,2020-07-26T09:00:00Z,220316,,,,,,,153609,26818,,,26428,,,,,,,33,21,1298,153609,2134,153609,0,2,a87e4334cda98693dfab11788a834c98c9947700,0,0,0,0,0,
20200725,NH,6415,,145875,,totalTestsViral,218182,27,686,,200,,,5438,B,7/25/2020 09:00,2020-07-25T09:00:00Z,07/25 05:00,409,686,2020-07-25T09:00:00Z,218182,,,,,,,152290,26657,,,26256,,,,,,,33,97,2401,152290,3047,152290,4,5,0ac2493277c58eed4b36d94ac93cf6fb325b4186,0,0,0,0,0,
20200724,NH,6318,,143474,,totalTestsViral,215135,26,681,,198,,,5345,B,7/23/2020 09:00,2020-07-23T09:00:00Z,07/23 05:00,405,681,2020-07-23T09:00:00Z,215135,,,,,,,149792,26523,,,25979,,,,,,,33,23,2890,149792,4224,149792,3,1,a82ce9f172de62983563e920de0fc483ddf74177,0,0,0,0,0,
20200723,NH,6295,,140584,,totalTestsViral,210911,24,680,,198,,,5341,B,7/22/2020 09:00,2020-07-22T09:00:00Z,07/22 05:00,402,680,2020-07-22T09:00:00Z,210911,,,,,,,146879,26345,,,25796,,,,,,,33,33,1308,146879,3670,146879,2,3,0c2d658796065917297fa1cc554848cdb5c8ed3f,0,0,0,0,0,
20200722,NH,6262,,139276,,totalTestsViral,207241,23,677,,196,,,5316,B,7/21/2020 09:00,2020-07-21T09:00:00Z,07/21 05:00,400,677,2020-07-21T09:00:00Z,207241,,,,,,,145538,26173,,,25611,,,,,,,33,13,703,145538,2206,145538,2,4,05cd55d6c260d1e9055c5dc2f73b2ef3ccb7b2f6,0,0,0,0,0,
20200721,NH,6249,,138573,,totalTestsViral,205035,20,673,,193,,,5286,B,7/20/2020 09:00,2020-07-20T09:00:00Z,07/20 05:00,398,673,2020-07-20T09:00:00Z,205035,,,,,,,144822,25992,,,25499,,,,,,,33,46,1398,144822,1830,144822,0,0,311d40905fbf9844948ac1d9c2d3463731279f3b,0,0,0,0,0,
20200720,NH,6203,,137175,,totalTestsViral,203205,17,673,,193,,,5251,B,7/19/2020 09:00,2020-07-19T09:00:00Z,07/19 05:00,398,673,2020-07-19T09:00:00Z,203205,,,,,,,143378,25837,,,25466,,,,,,,33,0,0,143378,3001,143378,0,0,cc43b05ee87880505e1a81c69ca4698f42f5d354,0,0,0,0,0,
20200719,NH,6203,,137175,,totalTestsViral,200204,17,673,,193,,,5251,B,7/19/2020 09:00,2020-07-19T09:00:00Z,07/19 05:00,398,673,2020-07-19T09:00:00Z,200204,,,,,,,143378,25815,,,25466,,,,,,,33,38,1554,143378,3147,143378,3,3,7c4b851c67372b4d04bcc316d6b2364885cd57ff,0,0,0,0,0,
20200718,NH,6165,,135621,,totalTestsViral,197057,24,670,,192,,,5188,B,7/17/2020 09:00,2020-07-17T09:00:00Z,07/17 05:00,395,670,2020-07-17T09:00:00Z,197057,,,,,,,141786,25659,,,25093,,,,,,,33,0,0,141786,2205,141786,0,0,7a717d5cff2d34f90c72c4d66a86998303d47387,0,0,0,0,0,
20200717,NH,6165,,135621,,totalTestsViral,194852,24,670,,192,,,5188,B,7/17/2020 09:00,2020-07-17T09:00:00Z,07/17 05:00,395,670,2020-07-17T09:00:00Z,194852,,,,,,,141786,25450,,,25093,,,,,,,33,52,3462,141786,3498,141786,1,2,cfd5d106c18bcacf76f9b06c6920431d525210a0,0,0,0,0,0,
20200716,NH,6113,,132159,,totalTestsViral,191354,24,668,,192,,,5125,B,7/15/2020 09:00,2020-07-15T09:00:00Z,07/15 05:00,394,668,2020-07-15T09:00:00Z,191354,,,,,,,138272,25244,,,21942,,,,,,,33,22,1141,138272,3258,138272,2,3,827bbbb9637c5f9b7e1b15a2e5f413dbb06ec023,0,0,0,0,0,
20200715,NH,6091,,131018,,totalTestsViral,188096,23,665,,191,,,5101,B,7/14/2020 09:00,2020-07-14T09:00:00Z,07/14 05:00,392,665,2020-07-14T09:00:00Z,188096,,,,,,,137109,25073,,,21766,,,,,,,33,23,1058,137109,2870,137109,1,76,cbcb2391282b3bb34d6f7e7edab6dd47ee272866,0,0,0,0,0,
20200714,NH,6068,,129960,,totalTestsViral,185226,24,589,,191,,,5056,B,7/13/2020 09:00,2020-07-13T09:00:00Z,07/13 05:00,391,589,2020-07-13T09:00:00Z,185226,,,,,,,136028,24831,,,21638,,,,,,,33,14,1148,136028,1628,136028,0,0,322afabebc86a43800c32493366e490b8fc6f103,0,0,0,0,0,
20200713,NH,6054,,128812,,totalTestsViral,183598,22,589,,191,,,5027,B,7/12/2020 09:00,2020-07-12T09:00:00Z,07/12 05:00,391,589,2020-07-12T09:00:00Z,183598,,,,,,,134866,24673,,,21562,,,,,,,33,30,1447,134866,2269,134866,0,0,dd1eb573ca996c1e200387bc98a57f70ae820f12,0,0,0,0,0,
20200712,NH,6024,,127365,,totalTestsViral,181329,22,589,,191,,,5013,B,7/11/2020 09:00,2020-07-11T09:00:00Z,07/11 05:00,391,589,2020-07-11T09:00:00Z,181329,,,,,,,133389,24597,,,21388,,,,,,,33,33,1054,133389,3510,133389,1,4,027364f43030d38153c00fa74dcd9b2a9b7c3b78,0,0,0,0,0,
20200711,NH,5991,,126311,,totalTestsViral,177819,20,585,,190,,,4897,B,7/10/2020 09:00,2020-07-10T09:00:00Z,07/10 05:00,390,585,2020-07-10T09:00:00Z,177819,,,,,,,132302,24425,,,21186,,,,,,,33,18,1233,132302,2727,132302,3,4,cb2719c3c9f48c221e5937f59723d67566ef38d1,0,0,0,0,0,
20200710,NH,5973,,125078,,totalTestsViral,175092,24,581,,189,,,4831,B,7/9/2020 09:00,2020-07-09T09:00:00Z,07/09 05:00,387,581,2020-07-09T09:00:00Z,175092,,,,,,,131051,24192,,,20931,,,,,,,33,21,1402,131051,2607,131051,1,3,ad51148b0758821eb699837d8c929e73c2d4c2a1,0,0,0,0,0,
20200709,NH,5952,,123676,,totalTestsViral,172485,22,578,,164,,,4817,B,7/8/2020 09:00,2020-07-08T09:00:00Z,07/08 05:00,386,578,2020-07-08T09:00:00Z,172485,,,,,,,129628,23900,,,20717,,,,,,,33,20,1097,129628,2022,129628,2,1,154fac812d59a2ae8cbffc91034e6d983c9f4c27,0,0,0,0,0,
20200708,NH,5932,,122579,,totalTestsViral,170463,24,577,,164,,,4758,B,7/7/2020 09:00,2020-07-07T09:00:00Z,07/07 05:00,384,577,2020-07-07T09:00:00Z,170463,,,,,,,128511,23657,,,20509,,,,,,,33,18,613,128511,1893,128511,2,3,cffe6bebaa8681d5f92082226bb3b89a27f22c2d,0,0,0,0,0,
20200707,NH,5914,,121966,,totalTestsViral,168570,25,574,,163,,,4706,B,7/6/2020 09:00,2020-07-06T09:00:00Z,07/06 05:00,382,574,2020-07-06T09:00:00Z,168570,,,,,,,127880,23431,,,20455,,,,,,,33,17,2628,127880,1698,127880,1,4,2e6be79361a9181af075539e3512a512c57fd94e,0,0,0,0,0,
20200706,NH,5897,,119338,,totalTestsViral,166872,25,570,,163,,,4684,B,7/5/2020 09:00,2020-07-05T09:00:00Z,07/05 05:00,381,570,2020-07-05T09:00:00Z,166872,,,,,,,125235,23280,,,20395,,,,,,,33,40,1446,125235,2200,125235,5,1,ccc8e1c9780ed46620be0a533bea39f8e5a6fdac,0,0,0,0,0,
20200705,NH,5857,,117892,,totalTestsViral,164672,25,569,,163,,,4597,B,7/3/2020 09:00,2020-07-03T09:00:00Z,07/03 05:00,376,569,2020-07-03T09:00:00Z,164672,,,,,,,123749,23261,,,20057,,,,,,,33,0,0,123749,3366,123749,0,0,8ab12f3fe6b050a5d9d04a7616c6ea14b133fef0,0,0,0,0,0,
20200704,NH,5857,,117892,,totalTestsViral,161306,25,569,,163,,,4597,B,7/3/2020 09:00,2020-07-03T09:00:00Z,07/03 05:00,376,569,2020-07-03T09:00:00Z,161306,,,,,,,123749,23085,,,20057,,,,,,,33,35,1527,123749,2386,123749,1,2,2401d99f7ef7305d4a27bd9ed10d85bd1bbfd4fc,0,0,0,0,0,
20200703,NH,5822,,116365,,totalTestsViral,158920,31,567,,162,,,4508,B,7/2/2020 09:00,2020-07-02T09:00:00Z,07/02 05:00,375,567,2020-07-02T09:00:00Z,158920,,,,,,,122187,22894,,,19808,,,,,,,33,20,1860,122187,2278,122187,2,2,264cecce4cbb9aa68dd69c0c2c3e05a56e0cce4a,0,0,0,0,0,
20200702,NH,5802,,114505,,totalTestsViral,156642,32,565,,162,,,4491,B,7/1/2020 09:00,2020-07-01T09:00:00Z,07/01 05:00,373,565,2020-07-01T09:00:00Z,156642,,,,,,,120307,22605,,,19483,,,,,,,33,20,1118,120307,3714,120307,2,0,3d738d585f68464842fe9592b06e99e4a4e9f609,0,0,0,0,0,
20200701,NH,5782,,113387,,totalTestsViral,152928,37,565,,162,,,4463,B,6/30/2020 09:00,2020-06-30T09:00:00Z,06/30 05:00,371,565,2020-06-30T09:00:00Z,152928,,,,,,,119169,22264,,,19264,,,,,,,33,22,849,119169,1534,119169,4,0,e77bb46eaf85eaedc07e691e2b42906731c4e6b6,0,0,0,0,0,
20200630,NH,5760,,112538,,totalTestsViral,151394,34,565,,162,,,4435,B,6/29/2020 09:00,2020-06-29T09:00:00Z,06/29 05:00,367,565,2020-06-29T09:00:00Z,151394,,,,,,,118298,21950,,,19051,,,,,,,33,0,0,118298,1995,118298,0,0,d8df75ed8fd6b790ce60cfb65d918fd516072c9e,0,0,0,0,0,
20200629,NH,5760,,112538,,totalTestsViral,149399,34,565,,162,,,4435,B,6/29/2020 09:00,2020-06-29T09:00:00Z,06/29 05:00,367,565,2020-06-29T09:00:00Z,149399,,,,,,,118298,21684,,,19051,,,,,,,33,43,2146,118298,2117,118298,0,3,edbbf2a65185d05d5d39ace8afc5b0950ae0026a,0,0,0,0,0,
20200628,NH,5717,,110392,,totalTestsViral,147282,35,562,,162,,,4401,B,6/27/2020 09:00,2020-06-27T09:00:00Z,06/27 05:00,367,562,2020-06-27T09:00:00Z,147282,,,,,,,116109,21628,,,18713,,,,,,,33,46,1295,116109,2358,116109,2,1,3384a46299f5ab536726b08924a63e123b3c092a,0,0,0,0,0,
20200627,NH,5671,,109097,,totalTestsViral,144924,32,561,,161,,,4381,B,6/26/2020 09:00,2020-06-26T09:00:00Z,06/26 05:00,365,561,2020-06-26T09:00:00Z,144924,,,,,,,114768,21336,,,18518,,,,,,,33,0,0,114768,2979,114768,0,0,6c4d55a38839bec6e111c44b85db8352cfeb083f,0,0,0,0,0,
20200626,NH,5671,,109097,,totalTestsViral,141945,32,561,,161,,,4381,B,6/26/2020 09:00,2020-06-26T09:00:00Z,06/26 05:00,365,561,2020-06-26T09:00:00Z,141945,,,,,,,114768,21049,,,18518,,,,,,,33,73,3129,114768,2509,114768,18,3,ea953ddb25fe8a0f18427b964750393a5afd8d78,0,0,0,0,0,
20200625,NH,5598,,105968,,totalTestsViral,139436,49,558,,160,,,4358,B,6/24/2020 09:00,2020-06-24T09:00:00Z,06/24 05:00,347,558,2020-06-24T09:00:00Z,139436,,,,,,,111566,20785,,,18082,,,,,,,33,27,1486,111566,2775,111566,4,0,e495603661c91b1ee8de0da3792b67b4148edd20,0,0,0,0,0,
20200624,NH,5571,,104482,,totalTestsViral,136661,51,558,,160,,,4316,B,6/23/2020 09:00,2020-06-23T09:00:00Z,06/23 05:00,343,558,2020-06-23T09:00:00Z,136661,,,,,,,110053,20541,,,17902,,,,,,,33,13,1164,110053,3162,110053,4,0,409580a893bcc853c704b46b0b9eb5a910767903,0,0,0,0,0,
20200623,NH,5558,,103318,,totalTestsViral,133499,54,558,,160,,,4290,B,6/22/2020 09:00,2020-06-22T09:00:00Z,06/22 05:00,339,558,2020-06-22T09:00:00Z,133499,,,,,,,108158,20228,,,17822,,,,,,,33,14,0,108876,1379,108876,0,5,8d52faa97516f8cc53b7e6c7384e2e6acd83254a,0,0,0,0,0,
20200622,NH,5544,,103318,,totalTestsViral,132120,55,553,,159,,,4275,B,6/21/2020 09:00,2020-06-21T09:00:00Z,06/21 05:00,339,553,2020-06-21T09:00:00Z,132120,,,,,,,108862,20112,,,17588,,,,,,,33,26,2951,108862,1287,108862,0,2,87c6f41d056965823d81405281942ba7c721b1a1,0,0,0,0,0,
20200621,NH,5518,,100367,,totalTestsViral,130833,55,551,,159,,,4244,B,6/20/2020 09:00,2020-06-20T09:00:00Z,06/20 05:00,339,551,2020-06-20T09:00:00Z,130833,,,,,,,105885,20002,,,17402,,,,,,,33,32,286,105885,2201,105885,2,2,b5925d403df17ffc7078c06ca97bb08ad32be5fb,0,0,0,0,0,
20200620,NH,5486,,100081,,totalTestsViral,128632,61,549,,159,,,4209,B,6/18/2020 09:00,2020-06-18T09:00:00Z,06/18 05:00,337,549,2020-06-18T09:00:00Z,128632,,,,,,,105567,19749,,,17126,,,,,,,33,36,1806,105567,2995,105567,6,16,096eac6b6be0ded21be4f4106b31fb5244c7d791,0,0,0,0,0,
20200619,NH,5450,,98275,,totalTestsViral,125637,56,533,,158,,,4140,B,6/18/2020 09:00,2020-06-18T09:00:00Z,06/18 05:00,331,533,2020-06-18T09:00:00Z,125637,,,,,,,103725,19442,,,16848,,,,,,,33,14,1727,103725,2525,103725,1,2,6ae971c95e0179e2aa1eb174e15b9069a1caef55,0,0,0,0,0,
20200618,NH,5436,,96548,,totalTestsViral,123112,56,531,,156,,,4104,B,6/17/2020 09:00,2020-06-17T09:00:00Z,06/17 05:00,330,531,2020-06-17T09:00:00Z,123112,,,,,,,101984,19109,,,16599,,,,,,,33,72,1826,101984,2636,101984,4,10,8a24c830a0758706006d7812a6fcfddc926bfb5a,0,0,0,0,0,
20200617,NH,5364,,94722,,totalTestsViral,120476,62,521,,155,,,4067,B,6/16/2020 09:00,2020-06-16T09:00:00Z,06/16 05:00,326,521,2020-06-16T09:00:00Z,120476,,,,,,,100086,18787,,,16285,,,,,,,33,19,1194,100086,1942,100086,6,2,3f200ce675c46be4cccfa452a86941d35542f6f1,0,0,0,0,0,
20200616,NH,5345,,93528,,totalTestsViral,118534,69,519,,154,,,4041,B,6/15/2020 09:00,2020-06-15T09:00:00Z,06/15 05:00,320,519,2020-06-15T09:00:00Z,118534,,,,,,,98873,18427,,,16080,,,,,,,33,0,0,98873,1717,98873,0,0,47f2ba485ba88f3d8e74c8a732137b00d701f05c,0,0,0,0,0,
20200615,NH,5345,,93528,,totalTestsViral,116817,69,519,,154,,,4041,B,6/15/2020 09:00,2020-06-15T09:00:00Z,06/15 05:00,320,519,2020-06-15T09:00:00Z,116817,,,,,,,98873,18167,,,16080,,,,,,,33,46,2406,98873,2095,98873,2,6,7724143d48274b3d2bdb8b329c81163e5a42a746,0,0,0,0,0,
20200614,NH,5299,,91122,,totalTestsViral,114722,70,513,,152,,,3905,B,6/13/2020 09:00,2020-06-13T09:00:00Z,06/13 05:00,318,513,2020-06-13T09:00:00Z,114722,,,,,,,96421,18071,,,15631,,,,,,,33,48,2417,96421,2581,96421,3,10,ffd7918d49a3f3f9cab63d78ad42983b5918e2d2,0,0,0,0,0,
20200613,NH,5251,,88705,,totalTestsViral,112141,76,503,,149,,,3843,B,6/12/2020 09:00,2020-06-12T09:00:00Z,06/12 05:00,315,503,2020-06-12T09:00:00Z,112141,,,,,,,93956,17720,,,15236,,,,,,,33,42,1997,93956,2639,93956,7,-1,20f4e05c5c311fce2e979dbcbf49174c30626631,0,0,0,0,0,
20200612,NH,5209,,86708,,totalTestsViral,109502,73,504,,149,,,3665,A,6/11/2020 09:00,2020-06-11T09:00:00Z,06/11 05:00,308,504,2020-06-11T09:00:00Z,109502,,,,,,,91917,17282,,,14884,,,,,,,33,31,1979,91917,3032,91917,7,4,07c54b305641437709ea19980e35f5153ba5c0fd,0,0,0,0,0,
20200611,NH,5178,,84729,,totalTestsViral,106470,81,500,,147,,,3585,B,6/10/2020 09:00,2020-06-10T09:00:00Z,06/10 05:00,301,500,2020-06-10T09:00:00Z,106470,,,,,,,89907,16876,,,14532,,,,,,,33,46,1214,89907,3235,89907,7,4,8694bbdbb5a714bf9b35f716f77a77447da4c065,0,0,0,0,0,
20200610,NH,5132,,83515,,totalTestsViral,103235,80,496,,146,,,3501,B,6/9/2020 09:00,2020-06-09T09:00:00Z,06/09 05:00,294,496,2020-06-09T09:00:00Z,103235,,,,,,,88647,16498,,,14232,,,,,,,33,53,1471,88647,1769,88647,8,4,1586b3eb9114a17bc08e97c9355eb99b0c3c01e3,0,0,0,0,0,
20200609,NH,5079,,82044,,totalTestsViral,101466,78,492,,145,,,3392,B,6/8/2020 09:00,2020-06-08T09:00:00Z,06/08 05:00,286,492,2020-06-08T09:00:00Z,101466,,,,,,,87123,16100,,,13920,,,,,,,33,36,1535,87123,1948,87123,0,3,4b45e7c39fe81dbfe6a0c0b26b73ecd101b607f4,0,0,0,0,0,
20200608,NH,5043,,80509,,totalTestsViral,99518,86,489,,145,,,3392,B,6/7/2020 09:00,2020-06-07T09:00:00Z,06/07 05:00,286,489,2020-06-07T09:00:00Z,99518,,,,,,,85552,15836,,,13920,,,,,,,33,24,1519,85552,2343,85552,3,2,a983d24fc29cf0eddaa961c186b38e6bb947e4db,0,0,0,0,0,
20200607,NH,5019,,78990,,totalTestsViral,97175,84,487,,145,,,3319,B,6/6/2020 09:00,2020-06-06T09:00:00Z,06/06 05:00,283,487,2020-06-06T09:00:00Z,97175,,,,,,,84009,15746,,,13604,,,,,,,33,0,0,84009,2131,84009,0,0,855868ec033d2c0f48d62eefd0e9b2ea6f0f02ba,0,0,0,0,0,
20200606,NH,5019,,78990,,totalTestsViral,95044,84,487,,145,,,3319,B,6/6/2020 09:00,2020-06-06T09:00:00Z,06/06 05:00,283,487,2020-06-06T09:00:00Z,95044,,,,,,,84009,15407,,,13604,,,,,,,33,143,4101,84009,2736,84009,10,15,87fe687cf457446e65835503eadc95ff3c98a376,0,0,0,0,0,
20200605,NH,4876,,74889,,totalTestsViral,92308,86,472,,145,,,3187,B,6/4/2020 09:00,2020-06-04T09:00:00Z,06/04 05:00,273,472,2020-06-04T09:00:00Z,92308,,,,,,,79765,15040,,,12944,,,,,,,33,81,3719,79765,2860,79765,8,4,3ac23cb44e9287837ff94e0296ce13c979d43703,0,0,0,0,0,
20200604,NH,4795,,71170,1643,totalTestsViral,89448,88,468,,144,,,3157,B,6/3/2020 09:00,2020-06-03T09:00:00Z,06/03 05:00,265,468,2020-06-03T09:00:00Z,89448,,,,,,,75965,14649,,,12614,,,,,,,33,46,180,77608,3934,75965,9,6,50aa8cbca0f7548f0e2fe1eedd479d52a607d3af,0,0,0,0,0,
20200603,NH,4749,,70990,1726,totalTestsViral,85514,97,462,,142,,,3071,B,6/2/2020 09:00,2020-06-02T09:00:00Z,06/02 05:00,256,462,2020-06-02T09:00:00Z,85514,,,,,,,75739,14266,,,12249,,,,,,,33,64,1331,77465,2770,75739,11,6,f6cbf53c0353ce8217faa1b43784e373f1d43140,0,0,0,0,0,
20200602,NH,4685,,69659,2183,totalTestsViral,82744,98,456,,142,,,2954,B,6/1/2020 09:00,2020-06-01T09:00:00Z,06/01 05:00,245,456,2020-06-01T09:00:00Z,82744,,,,,,,74344,13827,,,12046,,,,,,,33,34,1854,76527,1506,74344,0,5,03add40c8c7ff1c99f5f4518eb963a56a3c67e17,0,0,0,0,0,
20200601,NH,4651,,67805,1661,totalTestsViral,81238,96,451,,141,,,2948,B,5/31/2020 09:00,2020-05-31T09:00:00Z,05/31 05:00,245,451,2020-05-31T09:00:00Z,81238,,,,,,,72456,13590,,,11838,,,,,,,33,106,2070,74117,1379,72456,3,2,0ba8c31d576af4349950e0fc8dc15c93ddcd0bf5,0,0,0,0,0,
20200531,NH,4545,,65735,1208,totalTestsViral,79859,107,449,,140,,,2940,B,5/30/2020 09:00,2020-05-30T09:00:00Z,05/30 05:00,242,449,2020-05-30T09:00:00Z,79859,,,,,,,70280,13401,,,11468,,,,,,,33,53,1267,71488,2732,70280,4,9,2880d6839113ad93a397d1ab8df8bdba0ad2fd93,0,0,0,0,0,
20200530,NH,4492,,64468,960,totalTestsViral,77127,105,440,,120,,,2802,B,5/29/2020 09:00,2020-05-29T09:00:00Z,05/29 05:00,238,440,2020-05-29T09:00:00Z,77127,,,,,,,68960,12987,,,11169,,,,,,,33,106,1992,69920,2147,68960,6,2,7bc27b980bfe61ed00b477c68f7fb7be0abcc698,0,0,0,0,0,
20200529,NH,4386,,62476,891,totalTestsViral,74980,110,438,,120,,,2730,B,5/28/2020 09:00,2020-05-28T09:00:00Z,05/28 05:00,232,438,2020-05-28T09:00:00Z,74980,,,,,,,66862,12607,,,10553,,,,,,,33,100,1166,67753,2664,66862,9,12,6c45b88d0cfed566d6db2d4f171c5802affebfd3,0,0,0,0,0,
20200528,NH,4286,,61310,,totalTestsViral,72316,105,426,,120,,,2691,B,5/27/2020 09:00,2020-05-27T09:00:00Z,05/27 05:00,223,426,2020-05-27T09:00:00Z,72316,,,,,,,65596,12235,,,10262,,,,,,,33,55,1309,65596,1802,65596,9,5,2ce60a2a22c9bb9abbec4849c1c8cd43b947771f,0,0,0,0,0,
20200527,NH,4231,,60001,1370,totalTestsViral,70514,91,421,,120,,,2550,B,5/26/2020 09:00,2020-05-26T09:00:00Z,05/26 05:00,214,421,2020-05-26T09:00:00Z,70514,,,,,,,64232,11776,,,10031,,,,,,,33,34,1159,65602,2433,64232,4,1,a9dcb87fffd0743162b10943f7664b8b72f64e6a,0,0,0,0,0,
20200526,NH,4197,,58842,,totalTestsViral,68081,91,420,,120,,,2434,B,5/25/2020 09:00,2020-05-25T09:00:00Z,05/25 05:00,210,420,2020-05-25T09:00:00Z,68081,,,,,,,63039,11507,,,9790,,,,,,,33,48,1605,63039,2104,63039,1,1,757bd9d371cf8baf60dea657f50f54b1ad2851fc,0,0,0,0,0,
20200525,NH,4149,,57237,1714,totalTestsViral,65977,92,419,,120,,,2204,B,5/24/2020 09:00,2020-05-24T09:00:00Z,05/24 05:00,209,419,2020-05-24T09:00:00Z,65977,,,,,,,61386,11259,,,9541,,,,,,,33,60,1787,63100,1400,61386,1,0,f847724da27f15f73afd36a5156da20638038ebb,0,0,0,0,0,
20200524,NH,4089,,55450,1844,totalTestsViral,64577,93,419,,120,,,2197,B,5/23/2020 09:00,2020-05-23T09:00:00Z,05/23 05:00,208,419,2020-05-23T09:00:00Z,64577,,,,,,,59539,10972,,,9062,,,,,,,33,0,0,61383,1965,59539,0,0,1111b010968492d0cd6fe12c591ddd082ffe8bf5,0,0,0,0,0,
20200523,NH,4089,,55450,1844,totalTestsViral,62612,93,419,,120,,,2197,B,5/23/2020 09:00,2020-05-23T09:00:00Z,05/23 05:00,208,419,2020-05-23T09:00:00Z,62612,,,,,,,59539,10491,,,9062,,,,,,,33,154,4285,61383,2039,59539,9,26,4cb936fac60085975a0617f607374a8410c978b8,0,0,0,0,0,
20200522,NH,3935,,51165,1526,totalTestsViral,60573,97,393,,120,,,1767,B,5/21/2020 09:00,2020-05-21T09:00:00Z,05/21 05:00,199,393,2020-05-21T09:00:00Z,60573,,,,,,,55100,9988,,,7835,,,,,,,33,67,2203,56626,2355,55100,9,8,55fc781370d120523ad13318d542044169a4a8e7,0,0,0,0,0,
20200521,NH,3868,,48962,1434,totalTestsViral,58218,103,385,,109,,,1388,B,5/20/2020 09:00,2020-05-20T09:00:00Z,05/20 05:00,190,385,2020-05-20T09:00:00Z,58218,,,,,,,52830,9403,,,7254,,,,,,,33,147,1795,54264,2531,52830,8,2,6548d0fcbea82b195833c768ba4cc1db6463f244,0,0,0,0,0,
20200520,NH,3721,,47167,861,totalTestsViral,55687,105,383,,109,,,1275,B,5/19/2020 09:00,2020-05-19T09:00:00Z,05/19 05:00,182,383,2020-05-19T09:00:00Z,55687,,,,,,,50888,8744,,,6617,,,,,,,33,69,1345,51749,3427,50888,10,15,391376603756834b31803c44d184ac052c3faa00,0,0,0,0,0,
20200519,NH,3652,,45822,874,totalTestsViral,52260,109,368,,109,,,1269,B,5/18/2020 09:00,2020-05-18T09:00:00Z,05/18 05:00,172,368,2020-05-18T09:00:00Z,52260,,,,,,,49474,8090,,,6445,,,,,,,33,56,4540,50348,1273,49474,0,9,881eebb7fd21c1e3af68d32b3aa90dcf56e56a59,0,0,0,0,0,
20200518,NH,3596,,41282,1481,totalTestsViral,50987,114,359,,109,,,1268,B,5/18/2020 09:00,2020-05-18T09:00:00Z,05/18 05:00,172,359,2020-05-18T09:00:00Z,50987,,,,,,,44878,7663,,,5839,,,,,,,33,40,86,46359,2601,44878,1,12,caf3d79df4c10225735390c46dcbed4e051b9e40,0,0,0,0,0,
20200517,NH,3556,,41196,1216,totalTestsViral,48386,115,347,,109,,,1258,B,5/16/2020 09:00,2020-05-16T09:00:00Z,05/16 05:00,171,347,2020-05-16T09:00:00Z,48386,,,,,,,44752,7349,,,4435,,,,,,,33,92,1984,45968,1833,44752,12,12,c81717658a3f7ca7da9623ed640200bb1bd1a7b4,0,0,0,0,0,
20200516,NH,3464,,39212,1401,totalTestsViral,46553,110,335,,109,,,1254,B,5/15/2020 09:00,2020-05-15T09:00:00Z,05/15 05:00,159,335,2020-05-15T09:00:00Z,46553,,,,,,,42676,6593,,,3913,,,,,,,33,0,64,44077,2347,42676,0,0,8ddb5388709e04c1567fa8595024fcdfbde6704c,0,0,0,0,0,
20200515,NH,3464,,39148,543,totalTestsViral,44206,115,335,,109,,,1247,B,5/14/2020 09:00,2020-05-14T09:00:00Z,05/14 05:00,159,335,2020-05-14T09:00:00Z,44206,,,,,,,42306,5870,,,,,,,,,,33,165,3272,43155,1919,42612,9,9,2f562417524dc2d66659d95fc1a23e1c1a484aa1,0,0,0,0,0,
20200514,NH,3299,,35876,735,totalTestsViral,42287,126,326,,97,,,1236,B,5/13/2020 09:00,2020-05-13T09:00:00Z,05/13 05:00,150,326,2020-05-13T09:00:00Z,42287,,,,,,,35840,5168,,,,,,,,,,33,60,1899,39910,2669,39175,8,7,52f26ffe456042d1390e9326b33f6cc18f4c20a2,0,0,0,0,0,
20200513,NH,3239,,33977,51,totalTestsViral,39618,121,319,,97,,,1234,B,5/12/2020 09:00,2020-05-12T09:00:00Z,05/12 05:00,142,319,2020-05-12T09:00:00Z,39618,,,,,,,,4459,,,,,,,,,,33,79,1576,37267,1592,37216,9,1,ddb4a11f3ce5249ec5041657cc101903a58b5fd8,0,0,0,0,0,
20200512,NH,3160,,32401,54,totalTestsViral,38026,117,318,,97,,,1231,B,5/11/2020 09:00,2020-05-11T09:00:00Z,05/11 05:00,133,318,2020-05-11T09:00:00Z,38026,,,,,,,,3788,,,,,,,,,,33,0,678,35615,910,35561,0,0,7da789b5240c936ef6a42d76ad2731d4d98c3066,0,0,0,0,0,
20200511,NH,3160,,31723,261,totalTestsViral,37116,113,318,,97,,,1229,B,5/10/2020 09:00,2020-05-10T09:00:00Z,05/10 05:00,133,318,2020-05-10T09:00:00Z,37116,,,,,,,,3059,,,,,,,,,,33,149,1281,35144,1270,34883,2,5,759e784db98c0e840cf20ae41aeb0ab3b711edde,0,0,0,0,0,
20200510,NH,3011,,30442,512,totalTestsViral,35846,107,313,,97,,,1228,B,5/9/2020 09:00,2020-05-09T09:00:00Z,05/09 05:00,131,313,2020-05-09T09:00:00Z,35846,,,,,,,,2930,,,,,,,,,,33,64,1091,33965,1672,33453,10,4,62d2019263c800d8adeb72b8f4ee24ab7b71a58a,0,0,0,0,0,
20200509,NH,2947,,29351,304,totalTestsViral,34174,112,309,,97,,,1210,B,5/8/2020 09:00,2020-05-08T09:00:00Z,05/08 05:00,121,309,2020-05-08T09:00:00Z,34174,,,,,,,,2619,,,,,,,,,,33,104,1522,32602,1514,32298,7,1,1ffa905c820adc0061f925313a4e2583bdaabf67,0,0,0,0,0,
20200508,NH,2843,,27829,532,totalTestsViral,32660,113,308,,97,,,1165,B,5/7/2020 09:00,2020-05-07T09:00:00Z,05/07 05:00,114,308,2020-05-07T09:00:00Z,32660,,,,,,,,2326,,,,,,,,,,33,103,1763,31204,1120,30672,3,1,4fbd14e0326ef0095a3de201f0abfb2184dd8504,0,0,0,0,0,
20200507,NH,2740,,26066,345,totalTestsViral,31540,113,307,,82,,,1110,B,5/6/2020 09:00,2020-05-06T09:00:00Z,05/06 05:00,111,307,2020-05-06T09:00:00Z,31540,,,,,,,,2048,,,,,,,,,,33,104,969,29151,1420,28806,19,12,e5f4dbc1d1d1de2ad20afb3dcb56f5efb4b99c39,0,0,0,0,0,
20200506,NH,2636,,25097,79,totalTestsViral,30120,115,295,,82,,,1105,B,5/5/2020 09:00,2020-05-05T09:00:00Z,05/05 05:00,92,295,2020-05-05T09:00:00Z,30120,,,,,,,,1775,,,,,,,,,,33,48,815,27812,1332,27733,6,9,d4389a91211fa35681424c9d7edf16897da71d00,0,0,0,0,0,
20200505,NH,2588,,24282,79,totalTestsViral,28788,111,286,,82,,,1019,C,5/4/2020 09:00,2020-05-04T09:00:00Z,05/04 05:00,86,286,2020-05-04T09:00:00Z,28788,,,,,,,,1509,,,,,,,,,,33,0,0,26949,878,26870,0,0,6bcc260089ba29e4b08328c932fc005efeb99d2e,0,0,0,0,0,
20200504,NH,2588,,24282,244,totalTestsViral,27910,103,286,,,,,1017,C,5/3/2020 09:00,2020-05-03T09:00:00Z,05/03 05:00,86,286,2020-05-03T09:00:00Z,27910,,,,,,,,1351,,,,,,,,,,33,159,-1682,27114,426,26870,2,9,c2a958b5cd5a7825e876c844a3d5725c85fb47b6,0,0,0,0,0,
20200503,NH,2429,,25964,220,totalTestsViral,27484,103,277,,,,,1107,C,5/2/2020 09:00,2020-05-02T09:00:00Z,05/02 05:00,84,277,2020-05-02T09:00:00Z,27484,,,,,,,,1306,,,,,,,,,,33,119,3925,28613,1222,28393,3,7,d391fb95c6a21cca01c512be7c23ee97099ee803,0,0,0,0,0,
20200502,NH,2310,,22039,159,totalTestsViral,26262,103,270,,,,,980,C,5/1/2020 09:00,2020-05-01T09:00:00Z,05/01 05:00,81,270,2020-05-01T09:00:00Z,26262,,,,,,,,1047,,,,,,,,,,33,164,2136,24508,1120,24349,9,8,9ff95ef197c739b902262c9ea53501e54045793d,0,0,0,0,0,
20200501,NH,2146,,19903,302,totalTestsViral,25142,112,262,,,,,980,C,4/30/2020 09:00,2020-04-30T09:00:00Z,04/30 05:00,72,262,2020-04-30T09:00:00Z,25142,,,,,,,,816,,,,,,,,,,33,92,36,22351,1279,22049,6,3,81d33cd1d781c5f263e6d69fb3da760eddf8aa8e,0,0,0,0,0,
20200430,NH,2054,,19867,272,totalTestsViral,23863,107,259,,,,,980,C,4/29/2020 09:00,2020-04-29T09:00:00Z,04/29 05:00,66,259,2020-04-29T09:00:00Z,23863,,,,,,,,589,,,,,,,,,,33,44,1131,22193,1605,21921,6,10,ba9c5d9bf1714440b14bc001c7f060272e432baa,0,0,0,0,0,
20200429,NH,2010,,18736,81,totalTestsViral,22258,106,249,,,,,936,C,4/28/2020 09:00,2020-04-28T09:00:00Z,04/28 05:00,60,249,2020-04-28T09:00:00Z,22258,,,,,,,,407,,,,,,,,,,33,72,529,20827,582,20746,0,3,c5a32d350dc3a1a100b20ae25ef738471c239af6,0,0,0,0,0,
20200428,NH,1938,,18207,223,totalTestsViral,21676,99,246,,,,,798,C,4/27/2020 09:00,2020-04-27T09:00:00Z,04/27 05:00,60,246,2020-04-27T09:00:00Z,21676,,,,,,,,296,,,,,,,,,,33,74,347,20368,647,20145,0,4,88dca92fd846ce5b02e32f492c28e11c10c62a24,0,0,0,0,0,
20200427,NH,1864,,17860,270,totalTestsViral,21029,101,242,,,,,779,C,4/26/2020 09:00,2020-04-26T09:00:00Z,04/26 05:00,60,242,2020-04-26T09:00:00Z,21029,,,,,,,,234,,,,,,,,,,33,77,896,19994,631,19724,0,4,b1c28741ecb012839eef234a09b4ab3518ffccdf,0,0,0,0,0,
20200426,NH,1787,,16964,550,totalTestsViral,20398,95,238,,,,,777,C,4/25/2020 09:00,2020-04-25T09:00:00Z,04/25 05:00,60,238,2020-04-25T09:00:00Z,20398,,,,,,,,161,,,,,,,,,,33,67,957,19301,830,18751,7,14,dd385125164a47186432e655a2966632a98b2b76,0,0,0,0,0,
20200425,NH,1720,,16007,398,totalTestsViral,19568,89,224,,,,,578,C,4/24/2020 09:00,2020-04-24T09:00:00Z,04/24 05:00,53,224,2020-04-24T09:00:00Z,19568,,,,,,,,71,,,,,,,,,,33,50,868,18125,1309,17727,2,6,8e0bb5e1ce966010e4619d7bff4808ae95f71b48,0,0,0,0,0,
20200424,NH,1670,,15139,424,totalTestsViral,18259,92,218,,,,,551,B,4/23/2020 09:00,2020-04-23T09:00:00Z,04/23 05:00,51,218,2020-04-23T09:00:00Z,18259,,,,,,,,42,,,,,,,,,,33,82,715,17233,592,16809,3,5,19db721aed4779e8bfd2b8ab30c3f16f636691c9,0,0,0,0,0,
20200423,NH,1588,,14424,265,totalTestsViral,17667,91,213,,,,,550,B,4/23/2020 09:00,2020-04-23T09:00:00Z,04/23 05:00,48,213,2020-04-23T09:00:00Z,17667,,,,,,,,16,,,,,,,,,,33,97,874,16277,785,16012,6,7,636a829aa7195df86164c711ac1e4fc1bd90843f,0,0,0,0,0,
20200422,NH,1491,,13550,225,totalTestsViral,16882,94,206,,,,,546,B,4/22/2020 09:00,2020-04-22T09:00:00Z,04/22 05:00,42,206,2020-04-22T09:00:00Z,16882,,,,,,,,7,,,,,,,,,,33,0,702,15266,934,15041,0,0,2be75200893055d0c583ad3832de32cd3b86df2e,0,0,0,0,0,
20200421,NH,1491,,12848,244,totalTestsViral,15948,78,206,,,,,521,B,4/21/2020 09:00,2020-04-21T09:00:00Z,04/21 05:00,42,206,2020-04-21T09:00:00Z,15948,,,,,,,,5,,,,,,,,,,33,99,122,14583,594,14339,1,8,4d0e0672535500d973a059d8e85baef98e74bd3f,0,0,0,0,0,
20200420,NH,1392,,12726,298,totalTestsViral,15354,79,198,,,,,521,B,4/19/2020 09:00,2020-04-19T09:00:00Z,04/19 05:00,41,198,2020-04-19T09:00:00Z,15354,,,,,,,,,,,,,,,,,,33,50,644,14416,653,14118,3,6,22cfb8048efc9eb7d3eaccbdf034c83c85264d78,0,0,0,0,0,
20200419,NH,1342,,12082,316,totalTestsViral,14701,85,192,,,,,513,B,4/19/2020 09:00,2020-04-19T09:00:00Z,04/19 05:00,38,192,2020-04-19T09:00:00Z,14701,,,,,,,,,,,,,,,,,,33,55,517,13740,601,13424,1,2,dab9f587d80b38f1837876a37e2cd3f72d3183fd,0,0,0,0,0,
20200418,NH,1287,,11565,174,totalTestsViral,14100,86,190,,,,,468,B,4/17/2020 09:00,2020-04-17T09:00:00Z,04/17 05:00,37,190,2020-04-17T09:00:00Z,14100,,,,,,,,,,,,,,,,,,33,0,144,13026,565,12852,0,0,c4369be4c4b6aaaee96eef0835278ff971aa4434,0,0,0,0,0,
20200417,NH,1287,,11421,174,totalTestsViral,13535,74,190,,,,,455,B,4/17/2020 09:00,2020-04-17T09:00:00Z,04/17 05:00,37,190,2020-04-17T09:00:00Z,13535,,,,,,,,,,,,,,,,,,33,148,394,12882,410,12708,5,12,ed2677fcd623cb71b53558a242c4f669dd86ac8f,0,0,0,0,0,
20200416,NH,1139,,11027,121,totalTestsViral,13125,70,178,,,,,365,B,4/15/2020 09:00,2020-04-15T09:00:00Z,04/15 05:00,32,178,2020-04-15T09:00:00Z,13125,,,,,,,,,,,,,,,,,,33,0,0,12287,471,12166,0,0,71df543edbd7b602d313b2f6333e210cfd3af093,0,0,0,0,0,
20200415,NH,1139,,11027,121,totalTestsViral,12654,70,178,,,,,365,B,4/15/2020 09:00,2020-04-15T09:00:00Z,04/15 05:00,32,178,2020-04-15T09:00:00Z,12654,,,,,,,,,,,,,,,,,,33,119,437,12287,331,12166,9,26,4d448f57668db7e2fa9199d1ffd344f2138d1cd2,0,0,0,0,0,
20200414,NH,1020,,10590,25,totalTestsViral,12323,72,152,,,,,249,B,4/14/2020 09:00,2020-04-14T09:00:00Z,04/14 05:00,23,152,2020-04-14T09:00:00Z,12323,,,,,,,,,,,,,,,,,,33,35,368,11635,225,11610,0,0,4e40c3c1a78dcc449f7cbcfa1ef40a82c9dcbd16,0,0,0,0,0,
20200413,NH,985,,10222,125,totalTestsViral,12098,,152,,,,,239,B,4/13/2020 09:00,2020-04-13T09:00:00Z,04/13 05:00,23,152,2020-04-13T09:00:00Z,12098,,,,,,,,,,,,,,,,,,33,56,226,11332,385,11207,0,6,dc4ed5c5e9109eb58307412a8c155e9e19bc1052,0,0,0,0,0,
20200412,NH,929,,9996,119,totalTestsViral,11713,,146,,,,,236,B,4/11/2020 09:00,2020-04-11T09:00:00Z,04/11 05:00,23,146,2020-04-11T09:00:00Z,11713,,,,,,,,,,,,,,,,,,33,44,388,11044,375,10925,1,12,de6a0076a60207a3ba58c1417724daad490fc02f,0,0,0,0,0,
20200411,NH,885,,9608,93,totalTestsViral,11338,,134,,,,,234,B,4/9/2020 09:00,2020-04-09T09:00:00Z,04/09 05:00,22,134,2020-04-09T09:00:00Z,11338,,,,,,,,,,,,,,,,,,33,66,469,10586,549,10493,1,10,eaf2ff579495ba98829ccf8103746b450675e87d,0,0,0,0,0,
20200410,NH,819,,9139,155,totalTestsViral,10789,,124,,,,,234,B,4/9/2020 09:00,2020-04-09T09:00:00Z,04/09 05:00,21,124,2020-04-09T09:00:00Z,10789,,,,,,,,,,,,,,,,,,33,31,376,10113,454,9958,3,6,866e76b459d2a274ce397f42518c5afa99c8846d,0,0,0,0,0,
20200409,NH,788,,8763,143,totalTestsViral,10335,,118,,,,,227,B,4/8/2020 09:00,2020-04-08T09:00:00Z,04/08 05:00,18,118,2020-04-08T09:00:00Z,10335,,,,,,,,,,,,,,,,,,33,0,374,9694,447,9551,0,0,9edde9fa2e458807329600ec560ca3e902aefc05,0,0,0,0,0,
20200408,NH,788,,8389,89,totalTestsViral,9888,,118,,,,,211,B,4/8/2020 15:11,2020-04-08T15:11:00Z,04/08 11:11,18,118,2020-04-08T15:11:00Z,9888,,,,,,,,,,,,,,,,,,33,73,370,9266,431,9177,9,15,83f8a601aa7b11916154b63154cdbb914a67074b,0,0,0,0,0,
20200407,NH,715,,8019,49,totalTestsViral,9457,,103,,,,,151,B,4/6/2020 09:00,2020-04-06T09:00:00Z,04/06 05:00,9,103,2020-04-06T09:00:00Z,9457,,,,,,,,,,,,,,,,,,33,46,318,8783,360,8734,0,11,eb6413ca26ea52d5e90025abb1143cef70c90fa7,0,0,0,0,0,
20200406,NH,669,,7701,101,totalTestsViral,9097,,92,,,,,147,B,4/5/2020 09:00,2020-04-05T09:00:00Z,04/05 05:00,9,92,2020-04-05T09:00:00Z,9097,,,,,,,,,,,,,,,,,,33,48,290,8471,336,8370,0,6,0cd8610503cbb694f6007ec4d6c4018da51f3aaf,0,0,0,0,0,
20200405,NH,621,,7411,93,totalTestsViral,8761,,86,,,,,146,B,4/4/2020 09:00,2020-04-04T09:00:00Z,04/04 05:00,9,86,2020-04-04T09:00:00Z,8761,,,,,,,,,,,,,,,,,,33,81,446,8125,479,8032,2,6,8673b8a7c83f4c6f1f03f2e480d8c8dd433b493c,0,0,0,0,0,
20200404,NH,540,,6965,94,totalTestsViral,8282,,80,,,,,144,B,4/3/2020 09:00,2020-04-03T09:00:00Z,04/03 05:00,7,80,2020-04-03T09:00:00Z,8282,,,,,,,,,,,,,,,,,,33,61,390,7599,536,7505,2,7,33b75c69c02a0bd1cba39f54f08d7a732b962129,0,0,0,0,0,
20200403,NH,479,,6575,114,totalTestsViral,7746,,73,,,,,101,B,4/2/2020 09:00,2020-04-02T09:00:00Z,04/02 05:00,5,73,2020-04-02T09:00:00Z,7746,,,,,,,,,,,,,,,,,,33,64,497,7168,480,7054,1,15,20fbe7cfc4cea999cd0e95fc1c95bbb85b0318cd,0,0,0,0,0,
20200402,NH,415,,6078,126,totalTestsViral,7266,,58,,,,,91,B,4/1/2020 09:00,2020-04-01T09:00:00Z,04/01 05:00,4,58,2020-04-01T09:00:00Z,7266,,,,,,,,,,,,,,,,,,33,0,93,6619,577,6493,0,2,a7cecc940c3629c84799665bf5a3615f0d4ecd11,0,0,0,0,0,
20200401,NH,415,,5985,97,totalTestsViral,6689,,56,,,,,56,B,4/1/2020 09:00,2020-04-01T09:00:00Z,04/01 05:00,4,56,2020-04-01T09:00:00Z,6689,,,,,,,,,,,,,,,,,,33,101,572,6497,449,6400,1,11,333d60ef5da708b4c0087bd9f597f0b36bfc7289,0,0,0,0,0,
20200331,NH,314,,5413,65,totalTestsViral,6240,,45,,,,,,B,3/30/2020 09:00,2020-03-30T09:00:00Z,03/30 05:00,3,45,2020-03-30T09:00:00Z,6240,,,,,,,,,,,,,,,,,,33,0,27,5792,250,5727,0,0,7240cc04a32b8ed1497130cc5a74f76aed5cf673,0,0,0,0,0,
20200330,NH,314,,5386,144,totalTestsViral,5990,,45,,,,,,B,3/29/2020 09:00,2020-03-29T09:00:00Z,03/29 05:00,3,45,2020-03-29T09:00:00Z,5990,,,,,,,,,,,,,,,,,,33,100,862,5844,513,5700,1,12,e15b1664f73864842a90c74c73d88afa0f32a215,0,0,0,0,0,
20200329,NH,214,,4524,285,totalTestsViral,5477,,33,,,,,,B,3/28/2020 09:00,2020-03-28T09:00:00Z,03/28 05:00,2,33,2020-03-28T09:00:00Z,5477,,,,,,,,,,,,,,,,,,33,27,868,5023,477,4738,0,3,dc24a1f134a0b75c8e5d15654218a6e953e40bcc,0,0,0,0,0,
20200328,NH,187,,3656,296,totalTestsViral,5000,,30,,,,,,B,3/27/2020 09:00,2020-03-27T09:00:00Z,03/27 05:00,2,30,2020-03-27T09:00:00Z,5000,,,,,,,,,,,,,,,,,,33,29,261,4139,662,3843,1,5,409f1837a59a2461cbdacba8929e2139e434eee0,0,0,0,0,0,
20200327,NH,158,,3395,592,totalTestsViral,4338,,25,,,,,,B,3/26/2020 09:00,2020-03-26T09:00:00Z,03/26 05:00,1,25,2020-03-26T09:00:00Z,4338,,,,,,,,,,,,,,,,,,33,21,394,4145,777,3553,0,6,17f38fa32e284897e9547036113ed6b2a17cdfa4,0,0,0,0,0,
20200326,NH,137,,3001,712,totalTestsViral,3561,,19,,,,,,B,3/25/2020 09:00,2020-03-25T09:00:00Z,03/25 05:00,1,19,2020-03-25T09:00:00Z,3561,,,,,,,,,,,,,,,,,,33,29,645,3850,386,3138,0,6,bd049aafc6ba01d6effc602753029bae2ab2c6e3,0,0,0,0,0,
20200325,NH,108,,2356,804,totalTestsViral,3175,,13,,,,,,B,3/25/2020 13:30,2020-03-25T13:30:00Z,03/25 09:30,1,13,2020-03-25T13:30:00Z,3175,,,,,,,,,,,,,,,,,,33,7,909,3268,458,2464,0,2,08631e3dcbde984191d254c18a487f0f0bfcee80,0,0,0,0,0,
20200324,NH,101,,1447,869,totalTestsViral,2717,,11,,,,,,B,3/23/2020 09:00,2020-03-23T09:00:00Z,03/23 05:00,1,11,2020-03-23T09:00:00Z,2717,,,,,,,,,,,,,,,,,,33,23,73,2417,224,1548,1,11,2ebf11ea793a2047880edf6b3ef771de7b166ae4,0,0,0,0,0,
20200323,NH,78,,1374,889,totalTestsViral,2493,,,,,,,,B,3/22/2020 09:00,2020-03-22T09:00:00Z,03/22 05:00,,,2020-03-22T09:00:00Z,2493,,,,,,,,,,,,,,,,,,33,13,186,2341,512,1452,0,0,68481383db8064bd02b4d3851e30a9baa305faa1,0,0,0,0,0,
20200322,NH,65,,1188,959,totalTestsViral,1981,,,,,,,,,3/21/2020 09:00,2020-03-21T09:00:00Z,03/21 05:00,,,2020-03-21T09:00:00Z,1981,,,,,,,,,,,,,,,,,,33,10,215,2212,358,1253,0,0,07410a927c37f8e8577dc1eddf06097fe69844fd,0,0,0,0,0,
20200321,NH,55,,973,942,totalTestsViral,1623,,,,,,,,,3/20/2020 09:00,2020-03-20T09:00:00Z,03/20 05:00,,,2020-03-20T09:00:00Z,1623,,,,,,,,,,,,,,,,,,33,11,228,1970,311,1028,0,0,e87df2a887ab00ee2564cca82282a333ade6ca27,0,0,0,0,0,
20200320,NH,44,,745,631,totalTestsViral,1312,,,,,,,,,3/19/2020 09:00,2020-03-19T09:00:00Z,03/19 05:00,,,2020-03-19T09:00:00Z,1312,,,,,,,,,,,,,,,,,,33,5,124,1420,263,789,0,0,53c0987fa90ae662b3add1f06f2b1267510550cf,0,0,0,0,0,
20200319,NH,39,,621,231,totalTestsViral,1049,,,,,,,,,3/18/2020 09:00,2020-03-18T09:00:00Z,03/18 05:00,,,2020-03-18T09:00:00Z,1049,,,,,,,,,,,,,,,,,,33,13,108,891,216,660,0,0,8adacfeb265b5916b35b57aacde541b4ef01d0c6,0,0,0,0,0,
20200318,NH,26,,513,208,totalTestsViral,833,,,,,,,,,3/17/2020 09:00,2020-03-17T09:00:00Z,03/17 05:00,,,2020-03-17T09:00:00Z,833,,,,,,,,,,,,,,,,,,33,9,158,747,147,539,0,0,e1c115441139f81f4b997c5c65433b34a3eed7de,0,0,0,0,0,
20200317,NH,17,,355,195,totalTestsViral,686,,,,,,,,,3/16/2020 09:00,2020-03-16T09:00:00Z,03/16 05:00,,,2020-03-16T09:00:00Z,686,,,,,,,,,,,,,,,,,,33,4,84,567,160,372,0,0,b0f9230a7399709160c02ad276b3a7c590fa01ef,0,0,0,0,0,
20200316,NH,13,,271,95,totalTestsViral,526,,,,,,,,,3/16/2020 15:12,2020-03-16T15:12:00Z,03/16 11:12,,,2020-03-16T15:12:00Z,526,,,,,,,,,,,,,,,,,,33,0,0,379,121,284,0,0,7f0b7825b70195a9003ad7a1d3761cd83ad84950,0,0,0,0,0,
20200315,NH,13,,271,95,totalTestsViral,405,,,,,,,,,3/15/2020 09:00,2020-03-15T09:00:00Z,03/15 05:00,,,2020-03-15T09:00:00Z,405,,,,,,,,,,,,,,,,,,33,6,59,379,86,284,0,0,b7a6f8304a2ac39b6cd7bf802947061b814f3c85,0,0,0,0,0,
20200314,NH,7,,212,31,totalTestsViral,319,,,,,,,,,3/14/2020 09:00,2020-03-14T09:00:00Z,03/14 05:00,,,2020-03-14T09:00:00Z,319,,,,,,,,,,,,,,,,,,33,1,118,250,70,219,0,0,f370c6ceae395c0c1723f2a68459b3a945771e60,0,0,0,0,0,
20200313,NH,6,,94,21,totalTestsViral,249,,,,,,,,,3/12/2020 09:00,2020-03-12T09:00:00Z,03/12 05:00,,,2020-03-12T09:00:00Z,249,,,,,,,,,,,,,,,,,,33,0,0,121,45,100,0,0,75b9d2a708ae56dd3ba0fc864130c49f509a8e90,0,0,0,0,0,
20200312,NH,6,,94,21,totalTestsViral,204,,,,,,,,,3/12/2020 09:00,2020-03-12T09:00:00Z,03/12 05:00,,,2020-03-12T09:00:00Z,204,,,,,,,,,,,,,,,,,,33,2,56,121,42,100,0,0,d2bb3b59725ee78cdbea3af64048f27c0c00c9b5,0,0,0,0,0,
20200311,NH,4,,38,5,totalTestsViral,162,,,,,,,,,,,,,,,162,,,,,,,,,,,,,,,,,,33,0,0,47,44,42,0,0,3a6e6e084aed6da59af0ec83d640c68705f0dac8,0,0,0,0,0,
20200310,NH,4,,38,5,totalTestsViral,118,,,,,,,,,,,,,,,118,,,,,,,,,,,,,,,,,,33,0,0,47,25,42,0,0,f8e021c39ebdbcad8f8aa9742744120f29fe3942,0,0,0,0,0,
20200309,NH,4,,38,5,totalTestsViral,93,,,,,,,,,,,,,,,93,,,,,,,,,,,,,,,,,,33,0,0,47,17,42,0,0,fa634ec6fb6fb5b58b34472322d8379757589d2f,0,0,0,0,0,
20200308,NH,4,,38,5,totalTestsViral,76,,,,,,,,,,,,,,,76,,,,,,,,,,,,,,,,,,33,2,18,47,30,42,0,0,2ace5de6019c779b91d20c91f96a2129d1640ae0,0,0,0,0,0,
20200307,NH,2,,20,3,totalTestsViral,46,,,,,,,,,,,,,,,46,,,,,,,,,,,,,,,,,,33,0,0,25,9,22,0,0,26064d41742287a7974c37eaeb3a9cb93ec4d222,0,0,0,0,0,
20200306,NH,2,,20,3,totalTestsViral,37,,,,,,,,,,,,,,,37,,,,,,,,,,,,,,,,,,33,0,4,25,28,22,0,0,7dc02208f28ad0f51fc1a058e48bffa08525147e,0,0,0,0,0,
20200305,NH,2,,16,4,totalTestsViral,9,,,,,,,,,,,,,,,9,,,,,,,,,,,,,,,,,,33,0,6,22,3,18,0,0,94214d3f2ada10b921df0a04ae5f1e2c41f068a5,0,0,0,0,0,
20200304,NH,2,,10,7,totalTestsViral,6,,,,,,,,,,,,,,,6,,,,,,,,,,,,,,,,,,33,0,0,19,0,12,0,0,7c7a4418211dcfde9b20e1e39dd92aa5bae5abdd,0,0,0,0,0,
