date,state,positive,probableCases,negative,pending,totalTestResultsSource,totalTestResults,hospitalizedCurrently,hospitalizedCumulative,inIcuCurrently,inIcuCumulative,onVentilatorCurrently,onVentilatorCumulative,recovered,lastUpdateEt,dateModified,checkTimeEt,death,hospitalized,dateChecked,totalTestsViral,positiveTestsViral,negativeTestsViral,positiveCasesViral,deathConfirmed,deathProbable,totalTestEncountersViral,totalTestsPeopleViral,totalTestsAntibody,positiveTestsAntibody,negativeTestsAntibody,totalTestsPeopleAntibody,positiveTestsPeopleAntibody,negativeTestsPeopleAntibody,totalTestsPeopleAntigen,positiveTestsPeopleAntigen,totalTestsAntigen,positiveTestsAntigen,fips,positiveIncrease,negativeIncrease,total,totalTestResultsIncrease,posNeg,dataQualityGrade,deathIncrease,hospitalizedIncrease,hash,commercialScore,negativeRegularScore,negativeScore,positiveScore,score,grade
20210221,LA,424176,58317,4992511,,posNeg,5416687,756,,,,120,,396834,2/21/2021 13:00,2021-02-21T13:00:00Z,02/21 08:00,9466,,2021-02-21T13:00:00Z,5358370,,,365859,8798,668,,,,,,,,,,,429239,,22,1889,24668,5416687,26557,5416687,,26,0,c59e54dbc91ce36af75decdc66974f0b4cdfd4d6,0,0,0,0,0,
20210220,LA,422287,57375,4967843,,posNeg,5390130,806,,,,129,,396834,2/19/2021 13:00,2021-02-19T13:00:00Z,02/19 08:00,9440,,2021-02-19T13:00:00Z,5332755,,,364912,8778,662,,,,,,,,,,,422850,,22,0,0,5390130,0,5390130,,0,0,7956a50aa4ca89787dbff002ff64f181219dd0f6,0,0,0,0,0,
20210219,LA,422287,57375,4967843,,posNeg,5390130,806,,,,129,,396834,2/19/2021 13:00,2021-02-19T13:00:00Z,02/19 08:00,9440,,2021-02-19T13:00:00Z,5332755,,,364912,8778,662,,,,,,,,,,,422850,,22,441,11420,5390130,11861,5390130,,34,0,54b500d6af1574bd2575fc69b322a52cceb71c1f,0,0,0,0,0,
20210218,LA,421846,57311,4956423,,posNeg,5378269,823,,,,128,,396834,2/18/2021 13:00,2021-02-18T13:00:00Z,02/18 08:00,9406,,2021-02-18T13:00:00Z,5320958,,,364535,8753,653,,,,,,,,,,,421512,,22,828,10349,5378269,11177,5378269,,15,0,8bf157347b1c20e248cf03b19fb590136c3c2fe0,0,0,0,0,0,
20210217,LA,421018,56994,4946074,,posNeg,5367092,849,,,,126,,396834,2/17/2021 13:00,2021-02-17T13:00:00Z,02/17 08:00,9391,,2021-02-17T13:00:00Z,5310098,,,364024,8740,651,,,,,,,,,,,418034,,22,624,20670,5367092,21294,5367092,,66,0,b001e5dd020eee45c645c0be241c59413b84fdc9,0,0,0,0,0,
20210216,LA,420394,56925,4925404,,posNeg,5345798,849,,,,137,,380673,2/15/2021 13:00,2021-02-15T13:00:00Z,02/15 08:00,9325,,2021-02-15T13:00:00Z,5288873,,,363469,8691,634,,,,,,,,,,,416361,,22,0,0,5345798,0,5345798,,0,0,5f3bb70bbbfa32b13227f3aed4dd688401299dcd,0,0,0,0,0,
20210215,LA,420394,56925,4925404,,posNeg,5345798,849,,,,137,,380673,2/15/2021 13:00,2021-02-15T13:00:00Z,02/15 08:00,9325,,2021-02-15T13:00:00Z,5288873,,,363469,8691,634,,,,,,,,,,,416361,,22,503,7261,5345798,7764,5345798,,33,0,ede156a30e0e5cb3d9bb1d1a0582b3aec4862cb4,0,0,0,0,0,
20210214,LA,419891,56905,4918143,,posNeg,5338034,875,,,,142,,380673,2/14/2021 13:00,2021-02-14T13:00:00Z,02/14 08:00,9292,,2021-02-14T13:00:00Z,5281129,,,362986,8663,629,,,,,,,,,,,415886,,22,1306,30446,5338034,31752,5338034,,16,0,f588b008933e3d7ffbdb39e87fb19d50278fe436,0,0,0,0,0,
20210213,LA,418585,56724,4887697,,posNeg,5306282,1001,,,,151,,380673,2/12/2021 13:00,2021-02-12T13:00:00Z,02/12 08:00,9276,,2021-02-12T13:00:00Z,5249558,,,361861,8646,630,,,,,,,,,,,412988,,22,0,0,5306282,0,5306282,,0,0,f8bb2b632c3c99185a599eda78c5c1cf1ba262d1,0,0,0,0,0,
20210212,LA,418585,56724,4887697,,posNeg,5306282,1001,,,,151,,380673,2/12/2021 13:00,2021-02-12T13:00:00Z,02/12 08:00,9276,,2021-02-12T13:00:00Z,5249558,,,361861,8646,630,,,,,,,,,,,412988,,22,1170,27950,5306282,29120,5306282,,37,0,284e691a9981b85e07c78dc7945d2174b93503b9,0,0,0,0,0,
20210211,LA,417415,56377,4859747,,posNeg,5277162,1052,,,,151,,380673,2/11/2021 13:00,2021-02-11T13:00:00Z,02/11 08:00,9239,,2021-02-11T13:00:00Z,5220785,,,361038,8617,622,,,,,,,,,,,409399,,22,2728,39044,5277162,41772,5277162,,27,0,f42d8371e2a1e80489a3bdc8962de93c86f08eb8,0,0,0,0,0,
20210210,LA,414687,55508,4820703,,posNeg,5235390,1076,,,,151,,380673,2/10/2021 13:00,2021-02-10T13:00:00Z,02/10 08:00,9212,,2021-02-10T13:00:00Z,5179882,,,359179,8594,618,,,,,,,,,,,400029,,22,333,10529,5235390,10862,5235390,,50,0,4732103154ea66c0b49d897a35e21d3796c8cd70,0,0,0,0,0,
20210209,LA,414354,55492,4810174,,posNeg,5224528,1122,,,,151,,363457,2/9/2021 13:00,2021-02-09T13:00:00Z,02/09 08:00,9162,,2021-02-09T13:00:00Z,5169036,,,358862,8559,603,,,,,,,,,,,399659,,22,1365,26406,5224528,27771,5224528,,20,0,0d1c558dc70ab33a6106a76ad869958494dc5a80,0,0,0,0,0,
20210208,LA,412989,54994,4783768,,posNeg,5196757,1144,,,,149,,363457,2/8/2021 13:00,2021-02-08T13:00:00Z,02/08 08:00,9142,,2021-02-08T13:00:00Z,5141763,,,357995,8541,601,,,,,,,,,,,393696,,22,1177,20741,5196757,21918,5196757,,23,0,89d57a8015ddabb96a35b9f66f689a002bef5fd4,0,0,0,0,0,
20210207,LA,411812,54960,4763027,,posNeg,5174839,1166,,,,143,,363457,2/7/2021 13:00,2021-02-07T13:00:00Z,02/07 08:00,9119,,2021-02-07T13:00:00Z,5119879,,,356852,8522,597,,,,,,,,,,,392574,,22,1951,33259,5174839,35210,5174839,,43,0,5e4cd600e019e22e6657cfafe4683fc2468563fe,0,0,0,0,0,
20210206,LA,409861,54339,4729768,,posNeg,5139629,1275,,,,167,,363457,2/5/2021 13:00,2021-02-05T13:00:00Z,02/05 08:00,9076,,2021-02-05T13:00:00Z,5085290,,,355522,8482,594,,,,,,,,,,,386571,,22,0,0,5139629,0,5139629,,0,0,23fce6e287b831c7b7ee75ea7a81c9ae1c812c61,0,0,0,0,0,
20210205,LA,409861,54339,4729768,,posNeg,5139629,1275,,,,167,,363457,2/5/2021 13:00,2021-02-05T13:00:00Z,02/05 08:00,9076,,2021-02-05T13:00:00Z,5085290,,,355522,8482,594,,,,,,,,,,,386571,,22,866,17741,5139629,18607,5139629,,32,0,86aef35b0c157166da744cb9d6b9df29b8fa4248,0,0,0,0,0,
20210204,LA,408995,54207,4712027,,posNeg,5121022,1295,,,,162,,363457,2/4/2021 13:00,2021-02-04T13:00:00Z,02/04 08:00,9044,,2021-02-04T13:00:00Z,5066815,,,354788,8453,591,,,,,,,,,,,384783,,22,2760,28733,5121022,31493,5121022,,38,0,d9d6a0bbfa994297e0659f0b80c5b8d0c501ec36,0,0,0,0,0,
20210203,LA,406235,52728,4683294,,posNeg,5089529,1386,,,,180,,363457,2/3/2021 13:00,2021-02-03T13:00:00Z,02/03 08:00,9006,,2021-02-03T13:00:00Z,5036801,,,353507,8421,585,,,,,,,,,,,375278,,22,2041,25050,5089529,27091,5089529,,53,0,f2b383c3398da6d4c53f8fdd3379152fe4252885,0,0,0,0,0,
20210202,LA,404194,51917,4658244,,posNeg,5062438,1440,,,,189,,344321,2/2/2021 13:00,2021-02-02T13:00:00Z,02/02 08:00,8953,,2021-02-02T13:00:00Z,5010521,,,352277,8375,578,,,,,,,,,,,367908,,22,2603,40874,5062438,43477,5062438,,41,0,ec0c46bfa6d614b0e898e05951b8668f039834e0,0,0,0,0,0,
20210201,LA,401591,50968,4617370,,posNeg,5018961,1403,,,,187,,344321,2/1/2021 13:00,2021-02-01T13:00:00Z,02/01 08:00,8912,,2021-02-01T13:00:00Z,4967993,,,350623,8340,572,,,,,,,,,,,360086,,22,965,10548,5018961,11513,5018961,,53,0,16330e60977c99e9b036c834f7ee14cd30183f6b,0,0,0,0,0,
20210131,LA,400626,50929,4606822,,posNeg,5007448,1416,,,,199,,344321,1/31/2021 13:00,2021-01-31T13:00:00Z,01/31 08:00,8859,,2021-01-31T13:00:00Z,4956519,,,349697,8291,568,,,,,,,,,,,359162,,22,3350,40046,5007448,43396,5007448,,58,0,19ad073b9f91abced8e521f5c485a35927dc4099,0,0,0,0,0,
20210130,LA,397276,50282,4566776,,posNeg,4964052,1546,,,,198,,344321,1/29/2021 13:00,2021-01-29T13:00:00Z,01/29 08:00,8801,,2021-01-29T13:00:00Z,4913770,,,346994,8241,560,,,,,,,,,,,353166,,22,0,0,4964052,0,4964052,,0,0,d273c667bf6e5aacde527e30c6d8423692552950,0,0,0,0,0,
20210129,LA,397276,50282,4566776,,posNeg,4964052,1546,,,,198,,344321,1/29/2021 13:00,2021-01-29T13:00:00Z,01/29 08:00,8801,,2021-01-29T13:00:00Z,4913770,,,346994,8241,560,,,,,,,,,,,353166,,22,2367,22901,4964052,25268,4964052,,58,0,d35ddd37d24ed390b7a9bf4c7cc9af2139e49f47,0,0,0,0,0,
20210128,LA,394909,49452,4543875,,posNeg,4938784,1590,,,,206,,344321,1/28/2021 13:00,2021-01-28T13:00:00Z,01/28 08:00,8743,,2021-01-28T13:00:00Z,4889332,,,345457,8202,541,,,,,,,,,,,346830,,22,2493,28249,4938784,30742,4938784,,55,0,06c9d99790a182abf4255a94941fe906ea3c2d29,0,0,0,0,0,
20210127,LA,392416,48833,4515626,,posNeg,4908042,1625,,,,203,,344321,1/27/2021 13:00,2021-01-27T13:00:00Z,01/27 08:00,8688,,2021-01-27T13:00:00Z,4859209,,,343583,8152,536,,,,,,,,,,,341039,,22,3854,30276,4908042,34130,4908042,,67,0,e9fb649667d6ff86e3993b6b467e5fd85e07e838,0,0,0,0,0,
20210126,LA,388562,47351,4485350,,posNeg,4873912,1646,,,,217,,320025,1/26/2021 13:00,2021-01-26T13:00:00Z,01/26 08:00,8621,,2021-01-26T13:00:00Z,4826561,,,341211,8090,531,,,,,,,,,,,332212,,22,2620,28636,4873912,31256,4873912,,31,0,ae9f0923de34cd1d106a2d8a270a8436f6d3debf,0,0,0,0,0,
20210125,LA,385942,46735,4456714,,posNeg,4842656,1638,,,,219,,320025,1/25/2021 13:00,2021-01-25T13:00:00Z,01/25 08:00,8590,,2021-01-25T13:00:00Z,4795921,,,339207,8064,526,,,,,,,,,,,327660,,22,2080,25006,4842656,27086,4842656,,25,0,4105559ed4de9089a633d33b2374f830da97305d,0,0,0,0,0,
20210124,LA,383862,46647,4431708,,posNeg,4815570,1641,,,,215,,320025,1/24/2021 13:00,2021-01-24T13:00:00Z,01/24 08:00,8565,,2021-01-24T13:00:00Z,4768923,,,337215,8038,527,,,,,,,,,,,326381,,22,3607,36011,4815570,39618,4815570,,82,0,df0677d4a129da328226a2e2fb4f83e54348043e,0,0,0,0,0,
20210123,LA,380255,45486,4395697,,posNeg,4775952,1747,,,,216,,320025,1/22/2021 13:00,2021-01-22T13:00:00Z,01/22 08:00,8483,,2021-01-22T13:00:00Z,4730466,,,334769,7964,519,,,,,,,,,,,317521,,22,0,0,4775952,0,4775952,,0,0,56d623dbd47e75975ed53962b028ad9fe9c4e259,0,0,0,0,0,
20210122,LA,380255,45486,4395697,,posNeg,4775952,1747,,,,216,,320025,1/22/2021 13:00,2021-01-22T13:00:00Z,01/22 08:00,8483,,2021-01-22T13:00:00Z,4730466,,,334769,7964,519,,,,,,,,,,,317521,,22,1937,25125,4775952,27062,4775952,,41,0,52a624fdd7c0070896781d984ac2392c2efcd476,0,0,0,0,0,
20210121,LA,378318,45345,4370572,,posNeg,4748890,1800,,,,233,,320025,1/21/2021 13:00,2021-01-21T13:00:00Z,01/21 08:00,8442,,2021-01-21T13:00:00Z,4703545,,,332973,7928,514,,,,,,,,,,,315365,,22,3736,39673,4748890,43409,4748890,,59,0,ddf330c58add9d07893db2a32891d18d22894613,0,0,0,0,0,
20210120,LA,374582,44288,4330899,,posNeg,4705481,1858,,,,243,,320025,1/20/2021 13:00,2021-01-20T13:00:00Z,01/20 08:00,8383,,2021-01-20T13:00:00Z,4661193,,,330294,7881,502,,,,,,,,,,,307053,,22,2493,29041,4705481,31534,4705481,,59,0,8e9d618ca79d1bdb80d969a6f82692d54dba16c8,0,0,0,0,0,
20210119,LA,372089,43229,4301858,,posNeg,4673947,1905,,,,249,,298614,1/19/2021 13:00,2021-01-19T13:00:00Z,01/19 08:00,8324,,2021-01-19T13:00:00Z,4630718,,,328860,7833,491,,,,,,,,,,,300098,,22,2138,23312,4673947,25450,4673947,,71,0,2688aa347fbff6a72d1be42317a7550c8d91bbee,0,0,0,0,0,
20210118,LA,369951,42897,4278546,,posNeg,4648497,1894,,,,239,,298614,1/18/2021 13:00,2021-01-18T13:00:00Z,01/18 08:00,8253,,2021-01-18T13:00:00Z,4605600,,,327054,7784,469,,,,,,,,,,,297680,,22,971,9180,4648497,10151,4648497,,50,0,935df31c20445b4dce5441b4cc9194639641b032,0,0,0,0,0,
20210117,LA,368980,42879,4269366,,posNeg,4638346,1930,,,,237,,298614,1/17/2021 13:00,2021-01-17T13:00:00Z,01/17 08:00,8203,,2021-01-17T13:00:00Z,4595467,,,326101,7742,461,,,,,,,,,,,297348,,22,4127,40791,4638346,44918,4638346,,123,0,c1922c0cd5b9d9ee5ba4a4ddd56af9d75aaab643,0,0,0,0,0,
20210116,LA,364853,42288,4228575,,posNeg,4593428,2001,,,,242,,298614,1/15/2021 13:00,2021-01-15T13:00:00Z,01/15 08:00,8080,,2021-01-15T13:00:00Z,4551140,,,322565,7631,449,,,,,,,,,,,292095,,22,0,0,4593428,0,4593428,,0,0,dd6fedc7ad194542b3726aa6fe2e9fb5cf59a3f0,0,0,0,0,0,
20210115,LA,364853,42288,4228575,,posNeg,4593428,2001,,,,242,,298614,1/15/2021 13:00,2021-01-15T13:00:00Z,01/15 08:00,8080,,2021-01-15T13:00:00Z,4551140,,,322565,7631,449,,,,,,,,,,,292095,,22,3705,25774,4593428,29479,4593428,,0,0,3a6fd2cfa6a9ee45d05ae70c65f66ab4d1bc2bd2,0,0,0,0,0,
20210114,LA,361148,40686,4202801,,posNeg,4563949,1975,,,,245,,298614,1/14/2021 13:00,2021-01-14T13:00:00Z,01/14 08:00,8080,,2021-01-14T13:00:00Z,4523263,,,320462,7631,449,,,,,,,,,,,281939,,22,5313,30778,4563949,36091,4563949,,58,0,4d6d9b19bebc98e7676f0d64129feb2601424678,0,0,0,0,0,
20210113,LA,355835,38499,4172023,,posNeg,4527858,2029,,,,235,,298614,1/13/2021 13:00,2021-01-13T13:00:00Z,01/13 08:00,8022,,2021-01-13T13:00:00Z,4489359,,,317336,7582,440,,,,,,,,,,,267725,,22,2896,16174,4527858,19070,4527858,,51,0,8f2a64bd503f2161a90b88bf7c415c4dc5ea68b9,0,0,0,0,0,
20210112,LA,352939,37357,4155849,,posNeg,4508788,2035,,,,244,,280373,1/12/2021 13:00,2021-01-12T13:00:00Z,01/12 08:00,7971,,2021-01-12T13:00:00Z,4471431,,,315582,7536,435,,,,,,,,,,,259866,,22,4705,45336,4508788,50041,4508788,,53,0,104cfa9cb15e835b37ba6bc5d3095ba55dbab861,0,0,0,0,0,
20210111,LA,348234,35944,4110513,,posNeg,4458747,1982,,,,232,,280373,1/11/2021 13:00,2021-01-11T13:00:00Z,01/11 08:00,7918,,2021-01-11T13:00:00Z,4422803,,,312290,7489,429,,,,,,,,,,,251592,,22,1405,11423,4458747,12828,4458747,,45,0,5ed88645edbd7f3823cb347d86d1bb7154a16695,0,0,0,0,0,
20210110,LA,346829,35872,4099090,,posNeg,4445919,1960,,,,225,,280373,1/10/2021 13:00,2021-01-10T13:00:00Z,01/10 08:00,7873,,2021-01-10T13:00:00Z,4410047,,,310957,7447,426,,,,,,,,,,,251094,,22,5398,41263,4445919,46661,4445919,,40,0,32c53b5487d48d6378ac147a9a240351bc4b5ee2,0,0,0,0,0,
20210109,LA,341431,34989,4057827,,posNeg,4399258,2069,,,,220,,280373,1/8/2021 13:00,2021-01-08T13:00:00Z,01/08 08:00,7833,,2021-01-08T13:00:00Z,4364269,,,306442,7411,422,,,,,,,,,,,244578,,22,0,0,4399258,0,4399258,,0,0,f5660864b8976547e14df09aba8f56b3b677bb43,0,0,0,0,0,
20210108,LA,341431,34989,4057827,,posNeg,4399258,2069,,,,220,,280373,1/8/2021 13:00,2021-01-08T13:00:00Z,01/08 08:00,7833,,2021-01-08T13:00:00Z,4364269,,,306442,7411,422,,,,,,,,,,,244578,,22,3377,26432,4399258,29809,4399258,,105,0,2966f1ec091b327c62b42a2cd5a36c42ab9c271d,0,0,0,0,0,
20210107,LA,338054,34165,4031395,,posNeg,4369449,2033,,,,219,,280373,1/7/2021 13:00,2021-01-07T13:00:00Z,01/07 08:00,7728,,2021-01-07T13:00:00Z,4335284,,,303889,7319,409,,,,,,,,,,,239754,,22,4530,29927,4369449,34457,4369449,,47,0,a00173e3eca1941f97d2ce28766f13ed578b8156,0,0,0,0,0,
20210106,LA,333524,33557,4001468,,posNeg,4334992,1993,,,,207,,280373,1/6/2021 13:00,2021-01-06T13:00:00Z,01/06 08:00,7681,,2021-01-06T13:00:00Z,4301435,,,299967,7273,408,,,,,,,,,,,235661,,22,6876,20361,4334992,27237,4334992,,46,0,3990211e0afd5a2c87afaa55487bedbbddd9534a,0,0,0,0,0,
20210105,LA,326648,30823,3981107,,posNeg,4307755,1974,,,,205,,263712,1/5/2021 13:00,2021-01-05T13:00:00Z,01/05 08:00,7635,,2021-01-05T13:00:00Z,4276932,,,295825,7241,394,,,,,,,,,,,223291,,22,4467,37529,4307755,41996,4307755,,50,0,f6b6602e8c55133aa8b4af4e18852202c931ec9d,0,0,0,0,0,
20210104,LA,322181,29997,3943578,,posNeg,4265759,1891,,,,207,,263712,1/4/2021 13:00,2021-01-04T13:00:00Z,01/04 08:00,7585,,2021-01-04T13:00:00Z,4235762,,,292184,7198,387,,,,,,,,,,,217869,,22,1123,8170,4265759,9293,4265759,,48,0,6c1fa191f14fd4820135b6cd1c7eb32e6bd5a835,0,0,0,0,0,
20210103,LA,321058,29979,3935408,,posNeg,4256466,1833,,,,204,,263712,1/3/2021 13:00,2021-01-03T13:00:00Z,01/03 08:00,7537,,2021-01-03T13:00:00Z,4226487,,,291079,7162,375,,,,,,,,,,,217582,,22,5783,36501,4256466,42284,4256466,,49,0,7bb77bf257d73a1c94342d58ecbf62f84294b358,0,0,0,0,0,
20210102,LA,315275,29798,3898907,,posNeg,4214182,1731,,,,202,,263712,12/31/2020 13:00,2020-12-31T13:00:00Z,12/31 08:00,7488,,2020-12-31T13:00:00Z,4184384,,,285477,7115,373,,,,,,,,,,,215765,,22,0,0,4214182,0,4214182,,0,0,6217c795f5fe385b696b698d3418b450c6ff690a,0,0,0,0,0,
20210101,LA,315275,29798,3898907,,posNeg,4214182,1731,,,,202,,263712,12/31/2020 13:00,2020-12-31T13:00:00Z,12/31 08:00,7488,,2020-12-31T13:00:00Z,4184384,,,285477,7115,373,,,,,,,,,,,215765,,22,0,0,4214182,0,4214182,,0,0,1f60345dae0fc49ca581da6a47a1b2c9bd217236,0,0,0,0,0,
20201231,LA,315275,29798,3898907,,posNeg,4214182,1731,,,,202,,263712,12/31/2020 13:00,2020-12-31T13:00:00Z,12/31 08:00,7488,,2020-12-31T13:00:00Z,4184384,,,285477,7115,373,,,,,,,,,,,215765,,22,4046,25368,4214182,29414,4214182,,40,0,2f7f3d54a0cb8ca302292c3537fa35c59887aafb,0,0,0,0,0,
20201230,LA,311229,29081,3873539,,posNeg,4184768,1717,,,,210,,263712,12/30/2020 13:00,2020-12-30T13:00:00Z,12/30 08:00,7448,,2020-12-30T13:00:00Z,4155687,,,282148,7078,370,,,,,,,,,,,211855,,22,6744,35916,4184768,42660,4184768,,51,0,410f919e757efd60fe51ecdbe96a07a74decd5b3,0,0,0,0,0,
20201229,LA,304485,26598,3837623,,posNeg,4142108,1689,,,,218,,247501,12/29/2020 13:00,2020-12-29T13:00:00Z,12/29 08:00,7397,,2020-12-29T13:00:00Z,4115510,,,277887,7034,363,,,,,,,,,,,199923,,22,3946,29998,4142108,33944,4142108,,61,0,5e5f0d418c32d68f9f423afbec01722b5149f0ea,0,0,0,0,0,
20201228,LA,300539,25758,3807625,,posNeg,4108164,1597,,,,201,,247501,12/28/2020 13:00,2020-12-28T13:00:00Z,12/28 08:00,7336,,2020-12-28T13:00:00Z,4082406,,,274781,6980,356,,,,,,,,,,,195671,,22,817,4695,4108164,5512,4108164,,45,0,55ca705ae14a89281c7dbb20e7cfd9be566cc2c7,0,0,0,0,0,
20201227,LA,299722,25674,3802930,,posNeg,4102652,1530,,,,191,,247501,12/27/2020 13:00,2020-12-27T13:00:00Z,12/27 08:00,7291,,2020-12-27T13:00:00Z,4076978,,,274048,6936,355,,,,,,,,,,,195221,,22,3223,23607,4102652,26830,4102652,,19,0,72397e65557575c704cd14fcf406e0c7182d7c2f,0,0,0,0,0,
20201226,LA,296499,25322,3779323,,posNeg,4075822,1633,,,,199,,247501,12/24/2020 13:00,2020-12-24T13:00:00Z,12/24 08:00,7272,,2020-12-24T13:00:00Z,4050500,,,271177,6918,354,,,,,,,,,,,192515,,22,0,0,4075822,0,4075822,,0,0,c3d83f0769eb1248ac28d2ab19b26bef21042149,0,0,0,0,0,
20201225,LA,296499,25322,3779323,,posNeg,4075822,1633,,,,199,,247501,12/24/2020 13:00,2020-12-24T13:00:00Z,12/24 08:00,7272,,2020-12-24T13:00:00Z,4050500,,,271177,6918,354,,,,,,,,,,,192515,,22,0,0,4075822,0,4075822,,0,0,a5b99d74ebd48df518f210589398dea34139bc19,0,0,0,0,0,
20201224,LA,296499,25322,3779323,,posNeg,4075822,1633,,,,199,,247501,12/24/2020 13:00,2020-12-24T13:00:00Z,12/24 08:00,7272,,2020-12-24T13:00:00Z,4050500,,,271177,6918,354,,,,,,,,,,,192515,,22,2565,22791,4075822,25356,4075822,,46,0,8484a7b202e0886a0be018ab0644649137004511,0,0,0,0,0,
20201223,LA,293934,24950,3756532,,posNeg,4050466,1675,,,,196,,247501,12/23/2020 13:00,2020-12-23T13:00:00Z,12/23 08:00,7226,,2020-12-23T13:00:00Z,4025516,,,268984,6877,349,,,,,,,,,,,189580,,22,2974,24734,4050466,27708,4050466,,68,0,35d7da2155830e231e160919d10301521cccb112,0,0,0,0,0,
20201222,LA,290960,24007,3731798,,posNeg,4022758,1647,,,,181,,232725,12/22/2020 13:00,2020-12-22T13:00:00Z,12/22 08:00,7158,,2020-12-22T13:00:00Z,3998751,,,266953,6813,345,,,,,,,,,,,183528,,22,3699,37750,4022758,41449,4022758,,51,0,bce554db26b7e86cecd0805ccbc1bf1a2eb20fb9,0,0,0,0,0,
20201221,LA,287261,23074,3694048,,posNeg,3981309,1590,,,,174,,232725,12/21/2020 13:00,2020-12-21T13:00:00Z,12/21 08:00,7107,,2020-12-21T13:00:00Z,3958235,,,264187,6775,332,,,,,,,,,,,177522,,22,1116,10809,3981309,11925,3981309,,65,0,29c1ef8beac35844caefc3a72fcb9fc7744a5af0,0,0,0,0,0,
20201220,LA,286145,23086,3683239,,posNeg,3969384,1534,,,,169,,232725,12/20/2020 13:00,2020-12-20T13:00:00Z,12/20 08:00,7042,,2020-12-20T13:00:00Z,3946298,,,263059,6711,331,,,,,,,,,,,177417,,22,3711,40159,3969384,43870,3969384,,48,0,badae285e627001b798bbb3e0529c88e65914a93,0,0,0,0,0,
20201219,LA,282434,22531,3643080,,posNeg,3925514,1547,,,,179,,232725,12/18/2020 13:00,2020-12-18T13:00:00Z,12/18 08:00,6994,,2020-12-18T13:00:00Z,3902983,,,259903,6664,330,,,,,,,,,,,172616,,22,0,0,3925514,0,3925514,,0,0,c1a3adfb3adb557595ad85b29de744423a50b0a0,0,0,0,0,0,
20201218,LA,282434,22531,3643080,,posNeg,3925514,1547,,,,179,,232725,12/18/2020 13:00,2020-12-18T13:00:00Z,12/18 08:00,6994,,2020-12-18T13:00:00Z,3902983,,,259903,6664,330,,,,,,,,,,,172616,,22,3113,25577,3925514,28690,3925514,,30,0,c4034a0d26df2150100c239d6b91d82bef0cb060,0,0,0,0,0,
20201217,LA,279321,21838,3617503,,posNeg,3896824,1602,,,,169,,232725,12/17/2020 13:00,2020-12-17T13:00:00Z,12/17 08:00,6964,,2020-12-17T13:00:00Z,3874986,,,257483,6637,327,,,,,,,,,,,168007,,22,3776,29415,3896824,33191,3896824,,31,0,1058e81c8243d363240b18bf1f19c97ebe6e0c56,0,0,0,0,0,
20201216,LA,275545,21056,3588088,,posNeg,3863633,1584,,,,167,,232725,12/16/2020 13:00,2020-12-16T13:00:00Z,12/16 08:00,6933,,2020-12-16T13:00:00Z,3842577,,,254489,6607,326,,,,,,,,,,,163264,,22,3269,22115,3863633,25384,3863633,,38,0,6f4b238f498fadc08e8db82762cc0c26c4008f2f,0,0,0,0,0,
20201215,LA,272276,19817,3565973,,posNeg,3838249,1597,,,,152,,217930,12/15/2020 13:00,2020-12-15T13:00:00Z,12/15 08:00,6895,,2020-12-15T13:00:00Z,3818432,,,252459,6577,318,,,,,,,,,,,156087,,22,2633,31246,3838249,33879,3838249,,50,0,3fd1d9c054281aa61c0794571b151377b9b89d1d,0,0,0,0,0,
20201214,LA,269643,19351,3534727,,posNeg,3804370,1527,,,,147,,217930,12/14/2020 13:00,2020-12-14T13:00:00Z,12/14 08:00,6845,,2020-12-14T13:00:00Z,3785019,,,250292,6535,310,,,,,,,,,,,152781,,22,1030,9139,3804370,10169,3804370,,27,0,996b13f64c212e558f57b78c408abf25a66bf4bc,0,0,0,0,0,
20201213,LA,268613,19312,3525588,,posNeg,3794201,1533,,,,162,,217930,12/13/2020 13:00,2020-12-13T13:00:00Z,12/13 08:00,6818,,2020-12-13T13:00:00Z,3774889,,,249301,6511,307,,,,,,,,,,,152452,,22,4422,50507,3794201,54929,3794201,,51,0,f545b4db4d8922faf5a76f6521cfcc35c37320bb,0,0,0,0,0,
20201212,LA,264191,18565,3475081,,posNeg,3739272,1589,,,,167,,217930,12/11/2020 13:00,2020-12-11T13:00:00Z,12/11 08:00,6767,,2020-12-11T13:00:00Z,3720707,,,245626,6465,302,,,,,,,,,,,147092,,22,0,0,3739272,0,3739272,,0,0,e41a40357a15837251db808d0dd5dfa4406faac3,0,0,0,0,0,
20201211,LA,264191,18565,3475081,,posNeg,3739272,1589,,,,167,,217930,12/11/2020 13:00,2020-12-11T13:00:00Z,12/11 08:00,6767,,2020-12-11T13:00:00Z,3720707,,,245626,6465,302,,,,,,,,,,,147092,,22,2862,31545,3739272,34407,3739272,,43,0,fc99bb1cf323cea00b8cef737cd2aec640521964,0,0,0,0,0,
20201210,LA,261329,17894,3443536,,posNeg,3704865,1529,,,,180,,217930,12/10/2020 13:00,2020-12-10T13:00:00Z,12/10 08:00,6724,,2020-12-10T13:00:00Z,3686971,,,243435,6426,298,,,,,,,,,,,142606,,22,2415,22542,3704865,24957,3704865,,40,0,cc6c3add3eb91b9f1331e4c11abfb92220d7985c,0,0,0,0,0,
20201209,LA,258914,17566,3420994,,posNeg,3679908,1537,,,,177,,217930,12/9/2020 13:00,2020-12-09T13:00:00Z,12/09 08:00,6684,,2020-12-09T13:00:00Z,3662342,,,241348,6393,291,,,,,,,,,,,139641,,22,4352,28170,3679908,32522,3679908,,32,0,72d4109472908c22c1b4ee384dc58b8ad16791b4,0,0,0,0,0,
20201208,LA,254562,15886,3392824,,posNeg,3647386,1516,,,,165,,202891,12/8/2020 13:00,2020-12-08T13:00:00Z,12/08 08:00,6652,,2020-12-08T13:00:00Z,3631500,,,238676,6363,289,,,,,,,,,,,129429,,22,2426,26136,3647386,28562,3647386,,45,0,e7017abb19f8c22e08aa3d500a880fd623f2db4f,0,0,0,0,0,
20201207,LA,252136,15257,3366688,,posNeg,3618824,1423,,,,161,,202891,12/7/2020 13:00,2020-12-07T13:00:00Z,12/07 08:00,6607,,2020-12-07T13:00:00Z,3603567,,,236879,6331,276,,,,,,,,,,,125278,,22,1013,9728,3618824,10741,3618824,,23,0,82215ffeb93fc043d9766d3d913e03413a68b0ef,0,0,0,0,0,
20201206,LA,251123,15254,3356960,,posNeg,3608083,1392,,,,162,,202891,12/6/2020 13:00,2020-12-06T13:00:00Z,12/06 08:00,6584,,2020-12-06T13:00:00Z,3592829,,,235869,6309,275,,,,,,,,,,,125101,,22,3946,37603,3608083,41549,3608083,,36,0,f5340036cd5e09af05b7bf23b3e93dcc7eb3cb67,0,0,0,0,0,
20201205,LA,247177,14698,3319357,,posNeg,3566534,1357,,,,154,,202891,12/4/2020 13:00,2020-12-04T13:00:00Z,12/04 08:00,6548,,2020-12-04T13:00:00Z,3551836,,,232479,6274,274,,,,,,,,,,,120846,,22,0,0,3566534,0,3566534,,0,0,1ae52546cdf92abd756bcd5f8356c062d9e6694b,0,0,0,0,0,
20201204,LA,247177,14698,3319357,,posNeg,3566534,1357,,,,154,,202891,12/4/2020 13:00,2020-12-04T13:00:00Z,12/04 08:00,6548,,2020-12-04T13:00:00Z,3551836,,,232479,6274,274,,,,,,,,,,,120846,,22,3099,21534,3566534,24633,3566534,,24,0,ad59392056813646c9d1a6e2277f3a680ee28644,0,0,0,0,0,
20201203,LA,244078,14049,3297823,,posNeg,3541901,1325,,,,142,,202891,12/3/2020 13:00,2020-12-03T13:00:00Z,12/03 08:00,6524,,2020-12-03T13:00:00Z,3527852,,,230029,6252,272,,,,,,,,,,,117154,,22,2743,20659,3541901,23402,3541901,,23,0,d4d75a7d7cc397accc62da070a3679cd70a77365,0,0,0,0,0,
20201202,LA,241335,13555,3277164,,posNeg,3518499,1288,,,,134,,202891,12/2/2020 13:00,2020-12-02T13:00:00Z,12/02 08:00,6501,,2020-12-02T13:00:00Z,3504944,,,227780,6231,270,,,,,,,,,,,113951,,22,3595,60453,3518499,64048,3518499,,46,0,a098691bb28c96cc7842fda4f1a6ba30cb71fc24,0,0,0,0,0,
20201201,LA,237740,13330,3216711,,posNeg,3454451,1280,,,,128,,192488,12/1/2020 13:00,2020-12-01T13:00:00Z,12/01 08:00,6455,,2020-12-01T13:00:00Z,3441121,,,224410,6194,261,,,,,,,,,,,111778,,22,5326,45406,3454451,50732,3454451,,35,0,40e5208d3bbb5bcdd7424f665927b1b33386be85,0,0,0,0,0,
20201130,LA,232414,11993,3171305,,posNeg,3403719,1241,,,,125,,192488,11/30/2020 13:00,2020-11-30T13:00:00Z,11/30 08:00,6420,,2020-11-30T13:00:00Z,3391726,,,220421,6163,257,,,,,,,,,,,103527,,22,169,844,3403719,1013,3403719,,13,0,9f0c8e1b241674eeaa0af707bee4ab827f85298e,0,0,0,0,0,
20201129,LA,232245,11936,3170461,,posNeg,3402706,1196,,,,125,,192488,11/29/2020 13:00,2020-11-29T13:00:00Z,11/29 08:00,6407,,2020-11-29T13:00:00Z,3390770,,,220309,6152,255,,,,,,,,,,,103317,,22,1643,22320,3402706,23963,3402706,,16,0,433e7a6ee6acc931a88f002a9093c731c346b9d6,0,0,0,0,0,
20201128,LA,230602,11806,3148141,,posNeg,3378743,1074,,,,125,,192488,11/27/2020 13:00,2020-11-27T13:00:00Z,11/27 08:00,6391,,2020-11-27T13:00:00Z,3366937,,,218796,6136,255,,,,,,,,,,,102237,,22,0,0,3378743,0,3378743,,0,0,371199331219d723b787244c94102bf389c66303,0,0,0,0,0,
20201127,LA,230602,11806,3148141,,posNeg,3378743,1074,,,,125,,192488,11/27/2020 13:00,2020-11-27T13:00:00Z,11/27 08:00,6391,,2020-11-27T13:00:00Z,3366937,,,218796,6136,255,,,,,,,,,,,102237,,22,4964,63074,3378743,68038,3378743,,41,0,e857a9a0def336e6ba41f0ce09dc1627ffda3ac3,0,0,0,0,0,
20201126,LA,225638,11401,3085067,,posNeg,3310705,1077,,,,116,,192488,11/25/2020 13:00,2020-11-25T13:00:00Z,11/25 08:00,6350,,2020-11-25T13:00:00Z,3299304,,,214237,6097,253,,,,,,,,,,,98370,,22,0,0,3310705,0,3310705,,0,0,b02042ee94e1fda76801fcf2db4482a3b8f0d51a,0,0,0,0,0,
20201125,LA,225638,11401,3085067,,posNeg,3310705,1077,,,,116,,192488,11/25/2020 13:00,2020-11-25T13:00:00Z,11/25 08:00,6350,,2020-11-25T13:00:00Z,3299304,,,214237,6097,253,,,,,,,,,,,98370,,22,1235,13086,3310705,14321,3310705,,27,0,c15105016386137a742d41fe3a4d20c157a0b945,0,0,0,0,0,
20201124,LA,224403,11189,3071981,,posNeg,3296384,1052,,,,113,,185960,11/24/2020 13:00,2020-11-24T13:00:00Z,11/24 08:00,6323,,2020-11-24T13:00:00Z,3285195,,,213214,6072,251,,,,,,,,,,,96600,,22,3243,30949,3296384,34192,3296384,,39,0,f4aa9b962eb6d82d2663de6e640a7d97e26d3386,0,0,0,0,0,
20201123,LA,221160,10066,3041032,,posNeg,3262192,1012,,,,114,,185960,11/23/2020 13:00,2020-11-23T13:00:00Z,11/23 08:00,6284,,2020-11-23T13:00:00Z,3252126,,,211094,6039,245,,,,,,,,,,,89615,,22,968,9278,3262192,10246,3262192,,24,0,865b38ee6dae8a9e2f261b9f84d8809a64509d9c,0,0,0,0,0,
20201122,LA,220192,10068,3031754,,posNeg,3251946,967,,,,105,,185960,11/22/2020 13:00,2020-11-22T13:00:00Z,11/22 08:00,6260,,2020-11-22T13:00:00Z,3241878,,,210124,6015,245,,,,,,,,,,,89446,,22,3483,39086,3251946,42569,3251946,,27,0,e6d3a9fa589d72d4fcce17cb94711dc9c4aada95,0,0,0,0,0,
20201121,LA,216709,9670,2992668,,posNeg,3209377,972,,,,101,,185960,11/20/2020 13:00,2020-11-20T13:00:00Z,11/20 08:00,6233,,2020-11-20T13:00:00Z,3199707,,,207039,5985,248,,,,,,,,,,,86376,,22,0,0,3209377,0,3209377,,0,0,d87db5b5d69e8b286bf812a72c39093ef9dbfd3a,0,0,0,0,0,
20201120,LA,216709,9670,2992668,,posNeg,3209377,972,,,,101,,185960,11/20/2020 13:00,2020-11-20T13:00:00Z,11/20 08:00,6233,,2020-11-20T13:00:00Z,3199707,,,207039,5985,248,,,,,,,,,,,86376,,22,4743,93007,3209377,97750,3209377,,34,0,b0de87b76a2b6765d6ac9bb98f4d4b360057199c,0,0,0,0,0,
20201119,LA,211966,9223,2899661,,posNeg,3111627,929,,,,88,,185960,11/19/2020 13:00,2020-11-19T13:00:00Z,11/19 08:00,6199,,2020-11-19T13:00:00Z,3102404,,,202743,5951,248,,,,,,,,,,,82227,,22,2052,23726,3111627,25778,3111627,,15,0,5203b15cdb4a6b4e7aec6eec373c5f0cfb6edfde,0,0,0,0,0,
20201118,LA,209914,8932,2875935,,posNeg,3085849,886,,,,93,,185960,11/18/2020 13:00,2020-11-18T13:00:00Z,11/18 08:00,6184,,2020-11-18T13:00:00Z,3076917,,,200982,5939,245,,,,,,,,,,,79753,,22,2229,15290,3085849,17519,3085849,,28,0,d2b6d44290aa150db96d27e1e809196ee7f84f54,0,0,0,0,0,
20201117,LA,207685,8026,2860645,,posNeg,3068330,874,,,,92,,176107,11/17/2020 13:00,2020-11-17T13:00:00Z,11/17 08:00,6156,,2020-11-17T13:00:00Z,3060304,,,199659,5916,240,,,,,,,,,,,73595,,22,2626,28468,3068330,31094,3068330,,17,0,e4da56af2f4731305d68f3ccc737cd730ecf6f7d,0,0,0,0,0,
20201116,LA,205059,7592,2832177,,posNeg,3037236,818,,,,81,,176107,11/16/2020 13:00,2020-11-16T13:00:00Z,11/16 08:00,6139,,2020-11-16T13:00:00Z,3029644,,,197467,5902,237,,,,,,,,,,,70833,,22,546,7094,3037236,7640,3037236,,7,0,82dd7a3f2fecceaa80f2d57006b4b7b4e4509b4d,0,0,0,0,0,
20201115,LA,204513,7589,2825083,,posNeg,3029596,753,,,,58,,176107,11/15/2020 13:00,2020-11-15T13:00:00Z,11/15 08:00,6132,,2020-11-15T13:00:00Z,3022007,,,196924,5895,237,,,,,,,,,,,70720,,22,2532,34596,3029596,37128,3029596,,11,0,0d596a0e998231bc99fa5145292173d02ac129f5,0,0,0,0,0,
20201114,LA,201981,7296,2790487,,posNeg,2992468,692,,,,62,,176107,11/13/2020 13:00,2020-11-13T13:00:00Z,11/13 08:00,6121,,2020-11-13T13:00:00Z,2985172,,,194685,5885,236,,,,,,,,,,,67211,,22,0,0,2992468,0,2992468,,0,0,76552aede8b24a317034b18fdefef50a6aaf4595,0,0,0,0,0,
20201113,LA,201981,7296,2790487,,posNeg,2992468,692,,,,62,,176107,11/13/2020 13:00,2020-11-13T13:00:00Z,11/13 08:00,6121,,2020-11-13T13:00:00Z,2985172,,,194685,5885,236,,,,,,,,,,,67211,,22,3450,30530,2992468,33980,2992468,,24,0,0765a9268b9fb3a155064863073bb35f402d99e9,0,0,0,0,0,
20201112,LA,198531,6642,2759957,,posNeg,2958488,676,,,,59,,176107,11/12/2020 13:00,2020-11-12T13:00:00Z,11/12 08:00,6097,,2020-11-12T13:00:00Z,2951846,,,191889,5863,234,,,,,,,,,,,,,22,3829,29736,2958488,33565,2958488,,39,0,e58402dd8efcbd74cb9c6b34cdc89675f7e4010d,0,0,0,0,0,
20201111,LA,194702,5020,2730221,,posNeg,2924923,684,,,,66,,172210,11/11/2020 13:00,2020-11-11T13:00:00Z,11/11 08:00,6058,,2020-11-11T13:00:00Z,2919903,,,189682,5829,229,,,,,,,,,,,,,22,0,0,2924923,0,2924923,,0,0,6c4a229fc0a7f89b9c908a733e4ec36d3daea8aa,0,0,0,0,0,
20201110,LA,194702,5020,2730221,,posNeg,2924923,684,,,,66,,172210,11/10/2020 13:00,2020-11-10T13:00:00Z,11/10 08:00,6058,,2020-11-10T13:00:00Z,2919903,,,189682,5829,229,,,,,,,,,,,,,22,1330,25130,2924923,26460,2924923,,10,0,40bce8414183a4f1992d27d8a2ea6b60da79bd0a,0,0,0,0,0,
20201109,LA,193372,5020,2705091,,posNeg,2898463,652,,,,71,,172210,11/9/2020 13:00,2020-11-09T13:00:00Z,11/09 08:00,6048,,2020-11-09T13:00:00Z,2893443,,,188352,5819,229,,,,,,,,,,,,,22,391,5115,2898463,5506,2898463,,12,0,ebdfe1ebc3039f25a49ea206bf0e9c5081123a0c,0,0,0,0,0,
20201108,LA,192981,5020,2699976,,posNeg,2892957,622,,,,72,,172210,11/8/2020 13:00,2020-11-08T13:00:00Z,11/08 08:00,6036,,2020-11-08T13:00:00Z,2887937,,,187961,5807,229,,,,,,,,,,,,,22,1266,25215,2892957,26481,2892957,,20,0,6ff3c6a2025d0ad69846d93614d3c1cdd59ffd4a,0,0,0,0,0,
20201107,LA,191715,5020,2674761,,posNeg,2866476,644,,,,81,,172210,11/6/2020 13:00,2020-11-06T13:00:00Z,11/06 08:00,6016,,2020-11-06T13:00:00Z,2861456,,,186695,5787,229,,,,,,,,,,,,,22,0,0,2866476,0,2866476,,0,0,1112fdc31b1b508ef62ef57356454df04c81c393,0,0,0,0,0,
20201106,LA,191715,5020,2674761,,posNeg,2866476,644,,,,81,,172210,11/6/2020 13:00,2020-11-06T13:00:00Z,11/06 08:00,6016,,2020-11-06T13:00:00Z,2861456,,,186695,5787,229,,,,,,,,,,,,,22,870,17940,2866476,18810,2866476,,21,0,83fa7466ca11c25d8506668147eaad5ead966aed,0,0,0,0,0,
20201105,LA,190845,5020,2656821,,posNeg,2847666,636,,,,82,,172210,11/5/2020 13:00,2020-11-05T13:00:00Z,11/05 08:00,5995,,2020-11-05T13:00:00Z,2842646,,,185825,5766,229,,,,,,,,,,,,,22,681,21066,2847666,21747,2847666,,20,0,8d1d866e46a757e56be9450205bcb483acb83172,0,0,0,0,0,
20201104,LA,190164,5020,2635755,,posNeg,2825919,623,,,,77,,172210,11/4/2020 13:00,2020-11-04T13:00:00Z,11/04 08:00,5975,,2020-11-04T13:00:00Z,2820899,,,185144,5746,229,,,,,,,,,,,,,22,1016,7043,2825919,8059,2825919,,24,0,6e3ca4fea88cc8bdd772733ec6def7cd289826f4,0,0,0,0,0,
20201103,LA,189148,4379,2628712,,posNeg,2817860,619,,,,84,,168634,11/3/2020 13:00,2020-11-03T13:00:00Z,11/03 08:00,5951,,2020-11-03T13:00:00Z,2813481,,,184769,5737,214,,,,,,,,,,,,,22,1153,28223,2817860,29376,2817860,,17,0,3c708c8766db6c5f982055d782019b95946f49c0,0,0,0,0,0,
20201102,LA,187995,4379,2600489,,posNeg,2788484,596,,,,70,,168634,11/2/2020 13:00,2020-11-02T13:00:00Z,11/02 08:00,5934,,2020-11-02T13:00:00Z,2784105,,,183616,5720,214,,,,,,,,,,,,,22,275,5091,2788484,5366,2788484,,8,0,5ccf7c46d62e4f3f35234584eb3e001ca3f7b037,0,0,0,0,0,
20201101,LA,187720,4379,2595398,,posNeg,2783118,598,,,,70,,168634,11/1/2020 13:00,2020-11-01T13:00:00Z,11/01 08:00,5926,,2020-11-01T13:00:00Z,2778739,,,183341,5712,214,,,,,,,,,,,,,22,1071,18376,2783118,19447,2783118,,7,0,47d58d63753d56efed09c06d783422bc6960d7f5,0,0,0,0,0,
20201031,LA,186649,4379,2577022,,posNeg,2763671,612,,,,79,,168634,10/30/2020 13:00,2020-10-30T13:00:00Z,10/30 09:00,5919,,2020-10-30T13:00:00Z,2759292,,,182270,5705,214,,,,,,,,,,,,,22,0,0,2763671,0,2763671,,0,0,2c06c98f5575b812a70b86e38b6d59e6fa2f9941,0,0,0,0,0,
20201030,LA,186649,4379,2577022,,posNeg,2763671,612,,,,79,,168634,10/30/2020 13:00,2020-10-30T13:00:00Z,10/30 09:00,5919,,2020-10-30T13:00:00Z,2759292,,,182270,5705,214,,,,,,,,,,,,,22,433,11441,2763671,11874,2763671,,11,0,8ae1e91aa673f35ffc1e768b546af8d127183c25,0,0,0,0,0,
20201029,LA,186216,4379,2565581,,posNeg,2751797,612,,,,79,,168634,10/29/2020 13:00,2020-10-29T13:00:00Z,10/29 09:00,5908,,2020-10-29T13:00:00Z,2747418,,,181837,5694,214,,,,,,,,,,,,,22,394,13002,2751797,13396,2751797,,18,0,67bf87c5c52426bc1ddf95b8e909697003b3f2c0,0,0,0,0,0,
20201028,LA,185822,4379,2552579,,posNeg,2738401,613,,,,80,,168634,10/28/2020 13:00,2020-10-28T13:00:00Z,10/28 09:00,5890,,2020-10-28T13:00:00Z,2734022,,,181443,5676,214,,,,,,,,,,,,,22,1098,14026,2738401,15124,2738401,,18,0,cb88564d6163ceb80696030a3181adb7c1a588b5,0,0,0,0,0,
20201027,LA,184724,3733,2538553,,posNeg,2723277,600,,,,91,,165282,10/27/2020 13:00,2020-10-27T13:00:00Z,10/27 09:00,5872,,2020-10-27T13:00:00Z,2719544,,,180991,5666,206,,,,,,,,,,,,,22,922,19789,2723277,20711,2723277,,18,0,c919bd94baede5b4d7bf8e6bd80107820411dcc4,0,0,0,0,0,
20201026,LA,183802,3733,2518764,,posNeg,2702566,609,,,,71,,165282,10/26/2020 13:00,2020-10-26T13:00:00Z,10/26 09:00,5854,,2020-10-26T13:00:00Z,2698833,,,180069,5648,206,,,,,,,,,,,,,22,227,4832,2702566,5059,2702566,,17,0,b605ff4aca8c5dcaa5e2a2f4a7f506ea3b3c4435,0,0,0,0,0,
20201025,LA,183575,3733,2513932,,posNeg,2697507,596,,,,66,,165282,10/25/2020 13:00,2020-10-25T13:00:00Z,10/25 09:00,5837,,2020-10-25T13:00:00Z,2693774,,,179842,5631,206,,,,,,,,,,,,,22,972,25297,2697507,26269,2697507,,17,0,12eb8f12b4e6f64defa98a751575b6dc1da92ff9,0,0,0,0,0,
20201024,LA,182603,3733,2488635,,posNeg,2671238,620,,,,65,,165282,10/23/2020 13:00,2020-10-23T13:00:00Z,10/23 09:00,5820,,2020-10-23T13:00:00Z,2667505,,,178870,5614,206,,,,,,,,,,,,,22,0,0,2671238,0,2671238,,0,0,a383e66369da24980a251d9ac3d916429ef142fc,0,0,0,0,0,
20201023,LA,182603,3733,2488635,,posNeg,2671238,620,,,,65,,165282,10/23/2020 13:00,2020-10-23T13:00:00Z,10/23 09:00,5820,,2020-10-23T13:00:00Z,2667505,,,178870,5614,206,,,,,,,,,,,,,22,699,19379,2671238,20078,2671238,,21,0,f8c76cc7d92d794a288ccd96daf80fa5c4af434c,0,0,0,0,0,
20201022,LA,181904,3733,2469256,,posNeg,2651160,598,,,,64,,165282,10/22/2020 13:00,2020-10-22T13:00:00Z,10/22 09:00,5799,,2020-10-22T13:00:00Z,2647427,,,178171,5593,206,,,,,,,,,,,,,22,772,18984,2651160,19756,2651160,,9,0,cb61e5a58dae9b5813e13ed7d69b1a463f3ca24c,0,0,0,0,0,
20201021,LA,181132,3733,2450272,,posNeg,2631404,608,,,,68,,165282,10/21/2020 13:00,2020-10-21T13:00:00Z,10/21 09:00,5790,,2020-10-21T13:00:00Z,2627671,,,177399,5584,206,,,,,,,,,,,,,22,1363,13584,2631404,14947,2631404,,18,0,f267b40463eab855e0f094d6780c258ef5ee1fc9,0,0,0,0,0,
20201020,LA,179769,3088,2436688,,posNeg,2616457,586,,,,62,,161792,10/20/2020 13:00,2020-10-20T13:00:00Z,10/20 09:00,5772,,2020-10-20T13:00:00Z,2613369,,,176681,5572,200,,,,,,,,,,,,,22,699,18294,2616457,18993,2616457,,6,0,b59b8dd8050db4bc87d7d5212157395dbcf1abb3,0,0,0,0,0,
20201019,LA,179070,3088,2418394,,posNeg,2597464,553,,,,64,,161792,10/19/2020 13:00,2020-10-19T13:00:00Z,10/19 09:00,5766,,2020-10-19T13:00:00Z,2594376,,,175982,5566,200,,,,,,,,,,,,,22,201,4665,2597464,4866,2597464,,16,0,f1a1c67c00eab2f2998e4055e1673ec254f30a52,0,0,0,0,0,
20201018,LA,178869,3088,2413729,,posNeg,2592598,550,,,,60,,161792,10/18/2020 13:00,2020-10-18T13:00:00Z,10/18 09:00,5750,,2020-10-18T13:00:00Z,2589510,,,175781,5550,200,,,,,,,,,,,,,22,1143,25803,2592598,26946,2592598,,23,0,118125351c753b214581ecdf42242eee69aa8665,0,0,0,0,0,
20201017,LA,177726,3088,2387926,,posNeg,2565652,557,,,,60,,161792,10/16/2020 13:00,2020-10-16T13:00:00Z,10/16 09:00,5727,,2020-10-16T13:00:00Z,2562564,,,174638,5527,200,,,,,,,,,,,,,22,0,0,2565652,0,2565652,,0,0,3dc4eff0e5e005f87cb2062ebdf98d2447dae02e,0,0,0,0,0,
20201016,LA,177726,3088,2387926,,posNeg,2565652,557,,,,60,,161792,10/16/2020 13:00,2020-10-16T13:00:00Z,10/16 09:00,5727,,2020-10-16T13:00:00Z,2562564,,,174638,5527,200,,,,,,,,,,,,,22,774,18871,2565652,19645,2565652,,20,0,98a0bb59e944d0e84ab4a7e7d9c8abe15b1b383b,0,0,0,0,0,
20201015,LA,176952,3088,2369055,,posNeg,2546007,566,,,,61,,161792,10/15/2020 13:00,2020-10-15T13:00:00Z,10/15 09:00,5707,,2020-10-15T13:00:00Z,2542919,,,173864,5507,200,,,,,,,,,,,,,22,743,25541,2546007,26284,2546007,,12,0,1eda42ecf88229f050495165fe0c248ff42ade4e,0,0,0,0,0,
20201014,LA,176209,3088,2343514,,posNeg,2519723,582,,,,64,,161792,10/14/2020 13:00,2020-10-14T13:00:00Z,10/14 09:00,5695,,2020-10-14T13:00:00Z,2516635,,,173121,5495,200,,,,,,,,,,,,,22,880,5996,2519723,6876,2519723,,16,0,e95b35fd6b9564a9333a71a04acaa294367a3915,0,0,0,0,0,
20201013,LA,175329,2528,2337518,,posNeg,2512847,573,,,,68,,157873,10/13/2020 13:00,2020-10-13T13:00:00Z,10/13 09:00,5679,,2020-10-13T13:00:00Z,2510319,,,172801,5486,193,,,,,,,,,,,,,22,682,19900,2512847,20582,2512847,,10,0,49428d9309ea5de25599964dafbdc3960044add2,0,0,0,0,0,
20201012,LA,174647,2528,2317618,,posNeg,2492265,577,,,,70,,157873,10/12/2020 13:00,2020-10-12T13:00:00Z,10/12 09:00,5669,,2020-10-12T13:00:00Z,2489737,,,172119,5476,193,,,,,,,,,,,,,22,60,3337,2492265,3397,2492265,,14,0,b67747db0fc1130d550f5fdc35320a86c6508bb9,0,0,0,0,0,
20201011,LA,174587,2528,2314281,,posNeg,2488868,563,,,,71,,157873,10/11/2020 13:00,2020-10-11T13:00:00Z,10/11 09:00,5655,,2020-10-11T13:00:00Z,2486340,,,172059,5462,193,,,,,,,,,,,,,22,1181,37600,2488868,38781,2488868,,20,0,aa3d77404717abb5536dc88cc7d3d59e9d10ae1c,0,0,0,0,0,
20201010,LA,173406,2528,2276681,,posNeg,2450087,582,,,,78,,157873,10/9/2020 13:00,2020-10-09T13:00:00Z,10/09 09:00,5635,,2020-10-09T13:00:00Z,2447559,,,170878,5442,193,,,,,,,,,,,,,22,0,0,2450087,0,2450087,,0,0,3f0c2d3e878a0e210f71b992e0f3a12f7cfd0dd2,0,0,0,0,0,
20201009,LA,173406,2528,2276681,,posNeg,2450087,582,,,,78,,157873,10/9/2020 13:00,2020-10-09T13:00:00Z,10/09 09:00,5635,,2020-10-09T13:00:00Z,2447559,,,170878,5442,193,,,,,,,,,,,,,22,257,9615,2450087,9872,2450087,,26,0,6a9449c42f71a471a5893e04136a67b24a12b7b7,0,0,0,0,0,
20201008,LA,173149,2528,2267066,,posNeg,2440215,564,,,,79,,157873,10/8/2020 13:00,2020-10-08T13:00:00Z,10/08 09:00,5609,,2020-10-08T13:00:00Z,2437687,,,170621,5416,193,,,,,,,,,,,,,22,524,11776,2440215,12300,2440215,,5,0,a58d225ce92a81f238036168fc64fd4420218afe,0,0,0,0,0,
20201007,LA,172625,2528,2255290,,posNeg,2427915,552,,,,78,,157873,10/7/2020 13:00,2020-10-07T13:00:00Z,10/07 09:00,5604,,2020-10-07T13:00:00Z,2425387,,,170097,5411,193,,,,,,,,,,,,,22,2156,21979,2427915,24135,2427915,,12,0,1975a659e35a5d8b89805019ee9e9c8697092e42,0,0,0,0,0,
20201006,LA,170469,1425,2233311,,posNeg,2403780,567,,,,71,,154163,10/6/2020 13:00,2020-10-06T13:00:00Z,10/06 09:00,5592,,2020-10-06T13:00:00Z,2402355,,,169044,5402,190,,,,,,,,,,,,,22,532,12228,2403780,12760,2403780,,6,0,79f3ec4c9d44bcd21c46f91535758393d21f28a5,0,0,0,0,0,
20201005,LA,169937,1425,2221083,,posNeg,2391020,547,,,,71,,154163,10/5/2020 13:00,2020-10-05T13:00:00Z,10/05 09:00,5586,,2020-10-05T13:00:00Z,2389595,,,168512,5396,190,,,,,,,,,,,,,22,218,7132,2391020,7350,2391020,,9,0,7b623d22c691a92338552323151cbadf777b5641,0,0,0,0,0,
20201004,LA,169719,1425,2213951,,posNeg,2383670,518,,,,68,,154163,10/4/2020 13:00,2020-10-04T13:00:00Z,10/04 09:00,5577,,2020-10-04T13:00:00Z,2382245,,,168294,5387,190,,,,,,,,,,,,,22,893,25328,2383670,26221,2383670,,32,0,11b201782ef87ca23b406011e23e7044b657f885,0,0,0,0,0,
20201003,LA,168826,1425,2188623,,posNeg,2357449,536,,,,74,,154163,10/2/2020 13:00,2020-10-02T13:00:00Z,10/02 09:00,5545,,2020-10-02T13:00:00Z,2356024,,,167401,5355,190,,,,,,,,,,,,,22,0,0,2357449,0,2357449,,0,0,10ccabc35161d599069c9e24aaeed5a08cd43d2f,0,0,0,0,0,
20201002,LA,168826,1425,2188623,,posNeg,2357449,536,,,,74,,154163,10/2/2020 13:00,2020-10-02T13:00:00Z,10/02 09:00,5545,,2020-10-02T13:00:00Z,2356024,,,167401,5355,190,,,,,,,,,,,,,22,817,21887,2357449,22704,2357449,,26,0,6df61cf04b5e1d01e32f80f8fee88ece1e7d4c3a,0,0,0,0,0,
20201001,LA,168009,1425,2166736,,posNeg,2334745,534,,,,75,,154163,10/1/2020 13:00,2020-10-01T13:00:00Z,10/01 09:00,5519,,2020-10-01T13:00:00Z,2333320,,,166584,5329,190,,,,,,,,,,,,,22,551,15590,2334745,16141,2334745,,8,0,ccbc55c9db9e3a97d36e89673c5070a189db0542,0,0,0,0,0,
20200930,LA,167458,1425,2151146,,posNeg,2318604,553,,,,79,,154163,9/30/2020 13:00,2020-09-30T13:00:00Z,09/30 09:00,5511,,2020-09-30T13:00:00Z,2317179,,,166033,5321,190,,,,,,,,,,,,,22,610,10237,2318604,10847,2318604,,21,0,0b58d13b5ac7520b65341ba993386a6d69f129e3,0,0,0,0,0,
20200929,LA,166848,1224,2140909,,posNeg,2307757,578,,,,80,,149640,9/29/2020 13:00,2020-09-29T13:00:00Z,09/29 09:00,5490,,2020-09-29T13:00:00Z,2306533,,,165624,5308,182,,,,,,,,,,,,,22,533,17606,2307757,18139,2307757,,10,0,037592e62f47a0036c6468768afe6137e323fb9a,0,0,0,0,0,
20200928,LA,166315,1224,2123303,,posNeg,2289618,563,,,,83,,149640,9/28/2020 13:00,2020-09-28T13:00:00Z,09/28 09:00,5480,,2020-09-28T13:00:00Z,2288394,,,165091,5298,182,,,,,,,,,,,,,22,240,6229,2289618,6469,2289618,,15,0,15d3a550ffcf4d4d18d81279262b1dc519266061,0,0,0,0,0,
20200927,LA,166075,1224,2117074,,posNeg,2283149,557,,,,85,,149640,9/27/2020 13:00,2020-09-27T13:00:00Z,09/27 09:00,5465,,2020-09-27T13:00:00Z,2281925,,,164851,5283,182,,,,,,,,,,,,,22,923,26161,2283149,27084,2283149,,21,0,1de319d97439fca66dbc6edf7294dfda9a7b85c6,0,0,0,0,0,
20200926,LA,165152,1224,2090913,,posNeg,2256065,570,,,,86,,149640,9/25/2020 13:00,2020-09-25T13:00:00Z,09/25 09:00,5444,,2020-09-25T13:00:00Z,2254841,,,163928,5262,182,,,,,,,,,,,,,22,0,0,2256065,0,2256065,,0,0,12b91239de9808b28cca786e3367a9da2fc9c757,0,0,0,0,0,
20200925,LA,165152,1224,2090913,,posNeg,2256065,570,,,,86,,149640,9/25/2020 13:00,2020-09-25T13:00:00Z,09/25 09:00,5444,,2020-09-25T13:00:00Z,2254841,,,163928,5262,182,,,,,,,,,,,,,22,706,17825,2256065,18531,2256065,,21,0,2d8f23ebf05833c729f9be9d259cc9b845672dc8,0,0,0,0,0,
20200924,LA,164446,1224,2073088,,posNeg,2237534,575,,,,92,,149640,9/24/2020 13:00,2020-09-24T13:00:00Z,09/24 09:00,5423,,2020-09-24T13:00:00Z,2236310,,,163222,5241,182,,,,,,,,,,,,,22,577,16948,2237534,17525,2237534,,16,0,b6cd69249551f42e64c15ba46c8e36f7734d80b8,0,0,0,0,0,
20200923,LA,163869,1224,2056140,,posNeg,2220009,592,,,,94,,149640,9/23/2020 13:00,2020-09-23T13:00:00Z,09/23 09:00,5407,,2020-09-23T13:00:00Z,2218785,,,162645,5225,182,,,,,,,,,,,,,22,616,12419,2220009,13035,2220009,,21,0,95847dbca13aae268ebebbe9b0c299cab9c8198b,0,0,0,0,0,
20200922,LA,163253,1039,2043721,,posNeg,2206974,571,,,,96,,145570,9/22/2020 13:00,2020-09-22T13:00:00Z,09/22 09:00,5386,,2020-09-22T13:00:00Z,2205935,,,162214,5218,168,,,,,,,,,,,,,22,752,20430,2206974,21182,2206974,,11,0,0e0d3d543a9760746aa935c6e5d2ce845fdac8a5,0,0,0,0,0,
20200921,LA,162501,1039,2023291,,posNeg,2185792,587,,,,93,,145570,9/21/2020 13:00,2020-09-21T13:00:00Z,09/21 09:00,5375,,2020-09-21T13:00:00Z,2184753,,,161462,5207,168,,,,,,,,,,,,,22,243,6550,2185792,6793,2185792,,9,0,6c4004d4ffd676081b7fee9c44c29e71e2de6dec,0,0,0,0,0,
20200920,LA,162258,1039,2016741,,posNeg,2178999,596,,,,100,,145570,9/20/2020 13:00,2020-09-20T13:00:00Z,09/20 09:00,5366,,2020-09-20T13:00:00Z,2177960,,,161219,5198,168,,,,,,,,,,,,,22,936,31077,2178999,32013,2178999,,26,0,93c9bfd43eb3d6e804d527e5288c50b9011352e3,0,0,0,0,0,
20200919,LA,161322,1039,1985664,,posNeg,2146986,647,,,,104,,145570,9/18/2020 13:00,2020-09-18T13:00:00Z,09/18 09:00,5340,,2020-09-18T13:00:00Z,2145947,,,160283,5172,168,,,,,,,,,,,,,22,0,0,2146986,0,2146986,,0,0,28f336935dc3a057c9049c65eb12163ac0540d74,0,0,0,0,0,
20200918,LA,161322,1039,1985664,,posNeg,2146986,647,,,,104,,145570,9/18/2020 13:00,2020-09-18T13:00:00Z,09/18 09:00,5340,,2020-09-18T13:00:00Z,2145947,,,160283,5172,168,,,,,,,,,,,,,22,979,21817,2146986,22796,2146986,,29,0,bb58d83389c64702ecbf42c3c6261643d8a1a2b0,0,0,0,0,0,
20200917,LA,160343,1039,1963847,,posNeg,2124190,663,,,,106,,145570,9/17/2020 13:00,2020-09-17T13:00:00Z,09/17 09:00,5311,,2020-09-17T13:00:00Z,2123151,,,159304,5143,168,,,,,,,,,,,,,22,478,8528,2124190,9006,2124190,,17,0,1d4e778093c7d553036697ff8f07486a069033a6,0,0,0,0,0,
20200916,LA,159865,1039,1955319,,posNeg,2115184,678,,,,107,,145570,9/16/2020 13:00,2020-09-16T13:00:00Z,09/16 09:00,5294,,2020-09-16T13:00:00Z,2114145,,,158826,5126,168,,,,,,,,,,,,,22,612,22614,2115184,23226,2115184,,16,0,dedb3f91978b853f25ae3dc102975b09e4ed2360,0,0,0,0,0,
20200915,LA,159253,935,1932705,,posNeg,2091958,667,,,,99,,140440,9/15/2020 13:00,2020-09-15T13:00:00Z,09/15 09:00,5278,,2020-09-15T13:00:00Z,2091023,,,158318,5108,170,,,,,,,,,,,,,22,371,12288,2091958,12659,2091958,,26,0,abbd1371756aefc84dfa9ba9cae17e5760b38b15,0,0,0,0,0,
20200914,LA,158882,935,1920417,,posNeg,2079299,664,,,,105,,140440,9/14/2020 13:00,2020-09-14T13:00:00Z,09/14 09:00,5252,,2020-09-14T13:00:00Z,2078364,,,157947,5082,170,,,,,,,,,,,,,22,492,12077,2079299,12569,2079299,,17,0,7ff1066b177435af9bc30d678c5b163abc90f977,0,0,0,0,0,
20200913,LA,158390,935,1908340,,posNeg,2066730,680,,,,107,,140440,9/13/2020 13:00,2020-09-13T13:00:00Z,09/13 09:00,5235,,2020-09-13T13:00:00Z,2065795,,,157455,5065,170,,,,,,,,,,,,,22,1281,27696,2066730,28977,2066730,,33,0,8c80f34cf8edc13118dfd04aebb78d51484393d1,0,0,0,0,0,
20200912,LA,157109,935,1880644,,posNeg,2037753,723,,,,117,,140440,9/11/2020 13:00,2020-09-11T13:00:00Z,09/11 09:00,5202,,2020-09-11T13:00:00Z,2036818,,,156174,5032,170,,,,,,,,,,,,,22,0,0,2037753,0,2037753,,0,0,6f70ef7c9c0ac20dc333e45eda3ed0527922307e,0,0,0,0,0,
20200911,LA,157109,935,1880644,,posNeg,2037753,723,,,,117,,140440,9/11/2020 13:00,2020-09-11T13:00:00Z,09/11 09:00,5202,,2020-09-11T13:00:00Z,2036818,,,156174,5032,170,,,,,,,,,,,,,22,755,26479,2037753,27234,2037753,,41,0,0ca623e77e128f342f8cc94ce73e7e55c633b3fa,0,0,0,0,0,
20200910,LA,156354,935,1854165,,posNeg,2010519,762,,,,125,,140440,9/10/2020 13:00,2020-09-10T13:00:00Z,09/10 09:00,5161,,2020-09-10T13:00:00Z,2009584,,,155419,4991,170,,,,,,,,,,,,,22,464,10093,2010519,10557,2010519,,21,0,1b5f0d6340eddfa22f235584d0ac2c1984e38ce7,0,0,0,0,0,
20200909,LA,155890,935,1844072,,posNeg,1999962,782,,,,123,,140440,9/9/2020 13:00,2020-09-09T13:00:00Z,09/09 09:00,5140,,2020-09-09T13:00:00Z,1999027,,,154955,4970,170,,,,,,,,,,,,,22,1561,30047,1999962,31608,1999962,,22,0,f627eeb57b24a9208169a8755fd6475d48cf52e2,0,0,0,0,0,
20200908,LA,154329,896,1814025,,posNeg,1968354,799,,,,131,,134432,9/8/2020 13:00,2020-09-08T13:00:00Z,09/08 09:00,5118,,2020-09-08T13:00:00Z,1967458,,,153433,4955,163,,,,,,,,,,,,,22,256,3869,1968354,4125,1968354,,13,0,bbf081d839d4611cc1eac7583df9adc5d318f661,0,0,0,0,0,
20200907,LA,154073,896,1810156,,posNeg,1964229,787,,,,124,,134432,9/7/2020 13:00,2020-09-07T13:00:00Z,09/07 09:00,5105,,2020-09-07T13:00:00Z,1963333,,,153177,4942,163,,,,,,,,,,,,,22,309,4676,1964229,4985,1964229,,12,0,a68cc7f6d55c2fa456c2184a820b2ad4cb95b1ee,0,0,0,0,0,
20200906,LA,153764,896,1805480,,posNeg,1959244,790,,,,119,,134432,9/6/2020 13:00,2020-09-06T13:00:00Z,09/06 09:00,5093,,2020-09-06T13:00:00Z,1958348,,,152868,4930,163,,,,,,,,,,,,,22,1395,25205,1959244,26600,1959244,,58,0,1f3590e0ef78dc78b17904a813f293ec45f19084,0,0,0,0,0,
20200905,LA,152369,896,1780275,,posNeg,1932644,808,,,,96,,134432,9/4/2020 13:00,2020-09-04T13:00:00Z,09/04 09:00,5035,,2020-09-04T13:00:00Z,1931748,,,151473,4872,163,,,,,,,,,,,,,22,0,0,1932644,0,1932644,,0,0,11c015c0ba36b941019c0df03e9140db6b53bcc3,0,0,0,0,0,
20200904,LA,152369,896,1780275,,posNeg,1932644,808,,,,96,,134432,9/4/2020 13:00,2020-09-04T13:00:00Z,09/04 09:00,5035,,2020-09-04T13:00:00Z,1931748,,,151473,4872,163,,,,,,,,,,,,,22,822,14723,1932644,15545,1932644,,14,0,97bdc7988e062efb74c3ae973d33cf0120f9d80a,0,0,0,0,0,
20200903,LA,151547,896,1765552,,posNeg,1917099,851,,,,128,,134432,9/3/2020 13:00,2020-09-03T13:00:00Z,09/03 09:00,5021,,2020-09-03T13:00:00Z,1916203,,,150651,4858,163,,,,,,,,,,,,,22,813,11507,1917099,12320,1917099,,17,0,95c05af602b58bccf10c307e1d11c60ba711ced3,0,0,0,0,0,
20200902,LA,150734,896,1754045,,posNeg,1904779,873,,,,132,,134432,9/2/2020 13:00,2020-09-02T13:00:00Z,09/02 09:00,5004,,2020-09-02T13:00:00Z,1903883,,,149838,4841,163,,,,,,,,,,,,,22,1151,13102,1904779,14253,1904779,,20,0,f924afb0bb893aa18c09e0d0481fb31b63fb92bc,0,0,0,0,0,
20200901,LA,149583,701,1740943,,posNeg,1890526,910,,,,128,,127918,9/1/2020 13:00,2020-09-01T13:00:00Z,09/01 09:00,4984,,2020-09-01T13:00:00Z,1889825,,,148882,4821,163,,,,,,,,,,,,,22,689,16347,1890526,17036,1890526,,34,0,ac48fe33a4484eccebacf7557da0eb6f1a6da612,0,0,0,0,0,
20200831,LA,148894,701,1724596,,posNeg,1873490,881,,,,132,,127918,8/31/2020 13:00,2020-08-31T13:00:00Z,08/31 09:00,4950,,2020-08-31T13:00:00Z,1872789,,,148193,4787,163,,,,,,,,,,,,,22,326,3713,1873490,4039,1873490,,19,0,69daa6e54aa679dc8ea62f7185d5dff4196b7904,0,0,0,0,0,
20200830,LA,148568,701,1720883,,posNeg,1869451,902,,,,143,,127918,8/30/2020 13:00,2020-08-30T13:00:00Z,08/30 09:00,4931,,2020-08-30T13:00:00Z,1868750,,,147867,4768,163,,,,,,,,,,,,,22,1624,38648,1869451,40272,1869451,,27,0,ae8fc17078ffe412f98756837b3428d2fe2b4f02,0,0,0,0,0,
20200829,LA,146944,701,1682235,,posNeg,1829179,900,,,,141,,127918,8/28/2020 13:00,2020-08-28T13:00:00Z,08/28 09:00,4904,,2020-08-28T13:00:00Z,1828478,,,146243,4741,163,,,,,,,,,,,,,22,0,0,1829179,0,1829179,,0,0,576a7eb6b193f63a79373b10bf6415065de9bb19,0,0,0,0,0,
20200828,LA,146944,701,1682235,,posNeg,1829179,900,,,,141,,127918,8/28/2020 13:00,2020-08-28T13:00:00Z,08/28 09:00,4904,,2020-08-28T13:00:00Z,1828478,,,146243,4741,163,,,,,,,,,,,,,22,606,9669,1829179,10275,1829179,,30,0,5f96e93828dbeba838ebd28dd85b31c9560e10bf,0,0,0,0,0,
20200827,LA,146338,701,1672566,,posNeg,1818904,876,,,,145,,127918,8/27/2020 13:00,2020-08-27T13:00:00Z,08/27 09:00,4874,,2020-08-27T13:00:00Z,1818203,,,145637,4711,163,,,,,,,,,,,,,22,677,9359,1818904,10036,1818904,,23,0,2ccc9743a17cf3b664e33ecfc92e268f3562f831,0,0,0,0,0,
20200826,LA,145661,701,1663207,,posNeg,1808868,914,,,,148,,127918,8/26/2020 13:00,2020-08-26T13:00:00Z,08/26 09:00,4851,,2020-08-26T13:00:00Z,1808167,,,144960,4688,163,,,,,,,,,,,,,22,1545,13261,1808868,14806,1808868,,54,0,1730ac04e0a5a12d6ae7e20c59a47a8ab141cbc6,0,0,0,0,0,
20200825,LA,144116,,1649946,,posNeg,1794062,930,,,,141,,118120,8/25/2020 13:00,2020-08-25T13:00:00Z,08/25 09:00,4797,,2020-08-25T13:00:00Z,1794062,,,144116,4656,141,,,,,,,,,,,,,22,550,21031,1794062,21581,1794062,,33,0,84a6bd1aad2ea821518bb914171315133f13317f,0,0,0,0,0,
20200824,LA,143566,,1628915,,posNeg,1772481,939,,,,152,,118120,8/24/2020 13:00,2020-08-24T13:00:00Z,08/24 09:00,4764,,2020-08-24T13:00:00Z,1772481,,,143566,4623,141,,,,,,,,,,,,,22,623,8020,1772481,8643,1772481,,18,0,a559c67e8c0394179c7cf4cda9ff719552f126be,0,0,0,0,0,
20200823,LA,142943,,1620895,,posNeg,1763838,941,,,,152,,118120,8/23/2020 13:00,2020-08-23T13:00:00Z,08/23 09:00,4746,,2020-08-23T13:00:00Z,1763838,,,142943,4605,141,,,,,,,,,,,,,22,1223,23808,1763838,25031,1763838,,59,0,b7ceffbaef5f830a180ecccbc2c9aec41d8b477a,0,0,0,0,0,
20200822,LA,141720,,1597087,,posNeg,1738807,1051,,,,172,,118120,8/21/2020 13:00,2020-08-21T13:00:00Z,08/21 09:00,4687,,2020-08-21T13:00:00Z,1738807,,,141720,4546,141,,,,,,,,,,,,,22,0,0,1738807,0,1738807,,0,0,490e0066af79f5456cb7379d0a4ca1351c51b3e9,0,0,0,0,0,
20200821,LA,141720,,1597087,,posNeg,1738807,1051,,,,172,,118120,8/21/2020 13:00,2020-08-21T13:00:00Z,08/21 09:00,4687,,2020-08-21T13:00:00Z,1738807,,,141720,4546,141,,,,,,,,,,,,,22,899,18874,1738807,19773,1738807,,50,0,2b96e7c8681ff284a991b89ba7ddd8b918d94175,0,0,0,0,0,
20200820,LA,140821,,1578213,,posNeg,1719034,1087,,,,178,,118120,8/20/2020 13:00,2020-08-20T13:00:00Z,08/20 09:00,4637,,2020-08-20T13:00:00Z,1719034,,,140821,4496,141,,,,,,,,,,,,,22,918,13142,1719034,14060,1719034,,28,0,d1b86af3e4e60c8d7e90fda967f1fe15da5b09c6,0,0,0,0,0,
20200819,LA,139903,,1565071,,posNeg,1704974,1160,,,,175,,118120,8/19/2020 13:00,2020-08-19T13:00:00Z,08/19 09:00,4609,,2020-08-19T13:00:00Z,1704974,,,139903,4468,141,,,,,,,,,,,,,22,778,14205,1704974,14983,1704974,,55,0,8710b0695232d90e0f74a3d2f7d6d01416c9dee1,0,0,0,0,0,
20200818,LA,139125,,1550866,,posNeg,1689991,1204,,,,187,,103512,8/18/2020 13:00,2020-08-18T13:00:00Z,08/18 09:00,4554,,2020-08-18T13:00:00Z,1689991,,,139125,4431,123,,,,,,,,,,,,,22,640,15062,1689991,15702,1689991,,28,0,de60e64594e088411384aa8fa3ceff64b66bfb33,0,0,0,0,0,
20200817,LA,138485,,1535804,,posNeg,1674289,1226,,,,184,,103512,8/17/2020 13:00,2020-08-17T13:00:00Z,08/17 09:00,4526,,2020-08-17T13:00:00Z,1674289,,,138485,4403,123,,,,,,,,,,,,,22,567,15635,1674289,16202,1674289,,19,0,92f986c5996596543596702c3143ad3a474e6c31,0,0,0,0,0,
20200816,LA,137918,,1520169,,posNeg,1658087,1196,,,,189,,103512,8/16/2020 13:00,2020-08-16T13:00:00Z,08/16 09:00,4507,,2020-08-16T13:00:00Z,1658087,,,137918,4384,123,,,,,,,,,,,,,22,1181,19894,1658087,21075,1658087,,77,0,83d953fa3c3ea239053d83c3302409d521ff6c78,0,0,0,0,0,
20200815,LA,136737,,1500275,,posNeg,1637012,1243,,,,197,,103512,8/14/2020 13:00,2020-08-14T13:00:00Z,08/14 09:00,4430,,2020-08-14T13:00:00Z,1637012,,,136737,4307,123,,,,,,,,,,,,,22,0,0,1637012,0,1637012,,0,0,da678aa1037fa769e3e1529f99ca07c62548e2ac,0,0,0,0,0,
20200814,LA,136737,,1500275,,posNeg,1637012,1243,,,,197,,103512,8/14/2020 13:00,2020-08-14T13:00:00Z,08/14 09:00,4430,,2020-08-14T13:00:00Z,1637012,,,136737,4307,123,,,,,,,,,,,,,22,1298,19734,1637012,21032,1637012,,28,0,7bc11e269820471fe92e94f1731cf68bf375f88d,0,0,0,0,0,
20200813,LA,135439,,1480541,,posNeg,1615980,1281,,,,196,,103512,8/13/2020 13:00,2020-08-13T13:00:00Z,08/13 09:00,4402,,2020-08-13T13:00:00Z,1615980,,,135439,4279,123,,,,,,,,,,,,,22,1135,16236,1615980,17371,1615980,,41,0,971e7632d87af6a6a2db9e0576a82f924fe0de45,0,0,0,0,0,
20200812,LA,134304,,1464305,,posNeg,1598609,1320,,,,211,,103512,8/12/2020 13:00,2020-08-12T13:00:00Z,08/12 09:00,4361,,2020-08-12T13:00:00Z,1598609,,,134304,4238,123,,,,,,,,,,,,,22,1179,28866,1598609,30045,1598609,,48,0,0621644832fd4ac639057b0ead192ece7200d0ef,0,0,0,0,0,
20200811,LA,133125,,1435439,,posNeg,1568564,1335,,,,214,,89083,8/11/2020 13:00,2020-08-11T13:00:00Z,08/11 09:00,4313,,2020-08-11T13:00:00Z,1568564,,,133125,4195,118,,,,,,,,,,,,,22,1164,19467,1568564,20631,1568564,,26,0,975bd60db6fb996dffda70df77ececef28d04750,0,0,0,0,0,
20200810,LA,131961,,1415972,,posNeg,1547933,1382,,,,215,,89083,8/10/2020 13:00,2020-08-10T13:00:00Z,08/10 09:00,4287,,2020-08-10T13:00:00Z,1547933,,,131961,4169,118,,,,,,,,,,,,,22,562,6800,1547933,7362,1547933,,24,0,58aeb02d9081a2cc1b059f362b3a749c78aada93,0,0,0,0,0,
20200809,LA,131399,,1409172,,posNeg,1540571,1383,,,,210,,89083,8/9/2020 00:00,2020-08-09T00:00:00Z,08/08 20:00,4263,,2020-08-09T00:00:00Z,1540571,,,131399,4145,118,,,,,,,,,,,,,22,2653,32916,1540571,35569,1540571,,56,0,1b19d30154e2a10c903daa52c5d0117938df4fc9,0,0,0,0,0,
20200808,LA,128746,,1376256,,posNeg,1505002,1406,,,,207,,89083,8/7/2020 00:00,2020-08-07T00:00:00Z,08/06 20:00,4207,,2020-08-07T00:00:00Z,1505002,,,128746,4089,118,,,,,,,,,,,,,22,0,0,1505002,0,1505002,,0,0,f2bd4b06f183486f9177a3556bfdbe0acccbcdb4,0,0,0,0,0,
20200807,LA,128746,,1376256,,posNeg,1505002,1406,,,,207,,89083,8/7/2020 00:00,2020-08-07T00:00:00Z,08/06 20:00,4207,,2020-08-07T00:00:00Z,1505002,,,128746,4089,118,,,,,,,,,,,,,22,1500,18530,1505002,20030,1505002,,61,0,6462243da2278dd9785b687b1743d74e50e35b7e,0,0,0,0,0,
20200806,LA,127246,,1357726,,posNeg,1484972,1457,,,,215,,89083,8/6/2020 00:00,2020-08-06T00:00:00Z,08/05 20:00,4146,,2020-08-06T00:00:00Z,1484972,,,127246,4028,118,,,,,,,,,,,,,22,1303,13802,1484972,15105,1484972,,50,0,d7d8e06371c51c971bbb0334270705c3bf480911,0,0,0,0,0,
20200805,LA,125943,,1343924,,posNeg,1469867,1471,,,,223,,89083,8/5/2020 13:00,2020-08-05T13:00:00Z,08/05 09:00,4096,,2020-08-05T13:00:00Z,1469867,,,125943,3978,118,,,,,,,,,,,,,22,1482,18528,1469867,20010,1469867,,45,0,0ebadc3275d1b6433a432a44a6a820a034e1c182,0,0,0,0,0,
20200804,LA,124461,,1325396,,posNeg,1449857,1487,,,,240,,74246,8/4/2020 13:00,2020-08-04T13:00:00Z,08/04 09:00,4051,,2020-08-04T13:00:00Z,1449857,,,124461,3937,114,,,,,,,,,,,,,22,3615,52332,1449857,55947,1449857,,27,0,a44f0c40f7ca9596bee512f56ee3e5cb97dc0838,0,0,0,0,0,
20200803,LA,120846,,1273064,,posNeg,1393910,1496,,,,230,,74246,8/3/2020 13:00,2020-08-03T13:00:00Z,08/03 09:00,4024,,2020-08-03T13:00:00Z,1393910,,,120846,3910,114,,,,,,,,,,,,,22,1099,13371,1393910,14470,1393910,,17,0,e3b65da3b1b909933badbaaef5260dbec10457f3,0,0,0,0,0,
20200802,LA,119747,,1259693,,posNeg,1379440,1534,,,,221,,74246,8/2/2020 13:00,2020-08-02T13:00:00Z,08/02 09:00,4007,,2020-08-02T13:00:00Z,1379440,,,119747,3893,114,,,,,,,,,,,,,22,3467,33730,1379440,37197,1379440,,58,0,d25d1e29a59b221a6a5f7c1e53e0d7ef9c4ab896,0,0,0,0,0,
20200801,LA,116280,,1225963,,posNeg,1342243,1546,,,,222,,74246,7/31/2020 13:00,2020-07-31T13:00:00Z,07/31 09:00,3949,,2020-07-31T13:00:00Z,1342243,,,116280,3835,114,,,,,,,,,,,,,22,0,0,1342243,0,1342243,,0,0,a4f3b470a6a7700acc9178fa6104f6a9eca016b2,0,0,0,0,0,
20200731,LA,116280,,1225963,,posNeg,1342243,1546,,,,222,,74246,7/31/2020 13:00,2020-07-31T13:00:00Z,07/31 09:00,3949,,2020-07-31T13:00:00Z,1342243,,,116280,3835,114,,,,,,,,,,,,,22,1799,23054,1342243,24853,1342243,,24,0,0e34d6ab0048fbb6fbbac33482ad1027000defda,0,0,0,0,0,
20200730,LA,114481,,1202909,,posNeg,1317390,1524,,,,205,,74246,7/30/2020 13:00,2020-07-30T13:00:00Z,07/30 09:00,3925,,2020-07-30T13:00:00Z,1317390,,,114481,3811,114,,,,,,,,,,,,,22,1708,20551,1317390,22259,1317390,,42,0,46fda758313514edb1ad1eb87ab852de8ac9ed80,0,0,0,0,0,
20200729,LA,112773,,1182358,,posNeg,1295131,1544,,,,221,,74246,7/29/2020 13:00,2020-07-29T13:00:00Z,07/29 09:00,3883,,2020-07-29T13:00:00Z,1295131,,,112773,3769,114,,,,,,,,,,,,,22,1735,17092,1295131,18827,1295131,,71,0,b5dd82b178c47363e1e36ab9eee09e137ab55fd9,0,0,0,0,0,
20200728,LA,111038,,1165266,,posNeg,1276304,1583,,,,214,,61456,7/28/2020 13:00,2020-07-28T13:00:00Z,07/28 09:00,3812,,2020-07-28T13:00:00Z,1276304,,,111038,3700,112,,,,,,,,,,,,,22,1121,15161,1276304,16282,1276304,,26,0,1696f7d81bbd3a8aaf099adfc56e7b204cd1899a,0,0,0,0,0,
20200727,LA,109917,,1150105,,posNeg,1260022,1600,,,,208,,61456,7/27/2020 13:00,2020-07-27T13:00:00Z,07/27 09:00,3786,,2020-07-27T13:00:00Z,1260022,,,109917,3674,112,,,,,,,,,,,,,22,2343,24415,1260022,26758,1260022,,23,0,6b6d482fc4341a4c0632b9474154f7807a245cba,0,0,0,0,0,
20200726,LA,107574,,1125690,,posNeg,1233264,1557,,,,184,,61456,7/26/2020 13:00,2020-07-26T13:00:00Z,07/26 09:00,3763,,2020-07-26T13:00:00Z,1233264,,,107574,3651,112,,,,,,,,,,,,,22,3840,29698,1233264,33538,1233264,,48,0,9e0bc541108c501e8803f932665cd9d95c119818,0,0,0,0,0,
20200725,LA,103734,,1095992,,posNeg,1199726,1600,,,,197,,61456,7/24/2020 13:00,2020-07-24T13:00:00Z,07/24 09:00,3715,,2020-07-24T13:00:00Z,1199726,,,103734,3603,112,,,,,,,,,,,,,22,0,0,1199726,0,1199726,,0,0,14e3c8ad350465856b35814be91cc6e3cf5dbfb3,0,0,0,0,0,
20200724,LA,103734,,1095992,,posNeg,1199726,1600,,,,197,,61456,7/24/2020 13:00,2020-07-24T13:00:00Z,07/24 09:00,3715,,2020-07-24T13:00:00Z,1199726,,,103734,3603,112,,,,,,,,,,,,,22,2084,22774,1199726,24858,1199726,,29,0,03a71041e06062c6a94c2c66093fd34253d91075,0,0,0,0,0,
20200723,LA,101650,,1073218,,posNeg,1174868,1585,,,,197,,61456,7/23/2020 13:00,2020-07-23T13:00:00Z,07/23 09:00,3686,,2020-07-23T13:00:00Z,1174868,,,101650,3574,112,,,,,,,,,,,,,22,2296,19671,1174868,21967,1174868,,16,0,8f908592e620ef8ee37956a0b3d2fa545602f479,0,0,0,0,0,
20200722,LA,99354,,1053547,,posNeg,1152901,1581,,,,188,,61456,7/22/2020 15:30,2020-07-22T15:30:00Z,07/22 11:30,3670,,2020-07-22T15:30:00Z,1152901,,,99354,3558,112,,,,,,,,,,,,,22,2771,27168,1152901,29939,1152901,,62,0,ebef94035b6ca4cadd24e89e1c9bd4d663de1a9d,0,0,0,0,0,
20200721,LA,96583,,1026379,,posNeg,1122962,1527,,,,186,,53288,7/21/2020 13:00,2020-07-21T13:00:00Z,07/21 09:00,3608,,2020-07-21T13:00:00Z,1122962,,,96583,3498,110,,,,,,,,,,,,,22,1691,18347,1122962,20038,1122962,,36,0,347a711847c2cd7420e86693f91486ab578ae81d,0,0,0,0,0,
20200720,LA,94892,,1008032,,posNeg,1102924,1508,,,,192,,53288,7/20/2020 13:00,2020-07-20T13:00:00Z,07/20 09:00,3572,,2020-07-20T13:00:00Z,1102924,,,94892,3462,110,,,,,,,,,,,,,22,3186,30434,1102924,33620,1102924,,29,0,cb27dda56dcae539956bd9142c01eec71a021a9a,0,0,0,0,0,
20200719,LA,91706,,977598,,posNeg,1069304,1469,,,,177,,53288,7/19/2020 13:00,2020-07-19T13:00:00Z,07/19 09:00,3543,,2020-07-19T13:00:00Z,1069304,,,91706,3433,110,,,,,,,,,,,,,22,3116,22248,1069304,25364,1069304,,34,0,4da10003c8744153a7861d4197543bb5357bc080,0,0,0,0,0,
20200718,LA,88590,,955350,,posNeg,1043940,1413,,,,161,,53288,7/17/2020 13:00,2020-07-17T13:00:00Z,07/17 09:00,3509,,2020-07-17T13:00:00Z,1043940,,,88590,3399,110,,,,,,,,,,,,,22,0,0,1043940,0,1043940,,0,0,90f1119212e8b23018bc10209982be2ccf27dae4,0,0,0,0,0,
20200717,LA,88590,,955350,,posNeg,1043940,1413,,,,161,,53288,7/17/2020 13:00,2020-07-17T13:00:00Z,07/17 09:00,3509,,2020-07-17T13:00:00Z,1043940,,,88590,3399,110,,,,,,,,,,,,,22,2179,17624,1043940,19803,1043940,,24,0,16a172038e16086f8998bb06f4c963252f063d6a,0,0,0,0,0,
20200716,LA,86411,,937726,,posNeg,1024137,1401,,,,162,,53288,7/16/2020 13:00,2020-07-16T13:00:00Z,07/16 09:00,3485,,2020-07-16T13:00:00Z,1024137,,,86411,3375,110,,,,,,,,,,,,,22,2280,20657,1024137,22937,1024137,,24,0,4b08d932c547dee198f17fb8cf154d04a5302c75,0,0,0,0,0,
20200715,LA,84131,,917069,,posNeg,1001200,1369,,,,149,,53288,7/15/2020 13:00,2020-07-15T13:00:00Z,07/15 09:00,3461,,2020-07-15T13:00:00Z,1001200,,,84131,3351,110,,,,,,,,,,,,,22,2089,22656,1001200,24745,1001200,,16,0,14c206cc1b24ec8ab8e3dffcd9c56974fb04ca52,0,0,0,0,0,
20200714,LA,82042,,894413,,posNeg,976455,1362,,,,146,,46334,7/14/2020 13:00,2020-07-14T13:00:00Z,07/14 09:00,3445,,2020-07-14T13:00:00Z,976455,,,82042,3337,108,,,,,,,,,,,,,22,2215,20814,976455,23029,976455,,22,0,af9e70d02b802a38ac7fb89daea172db25dadb63,0,0,0,0,0,
20200713,LA,79827,,873599,,posNeg,953426,1308,,,,142,,46334,7/13/2020 13:00,2020-07-13T13:00:00Z,07/13 09:00,3423,,2020-07-13T13:00:00Z,953426,,,79827,3315,108,,,,,,,,,,,,,22,1705,16726,953426,18431,953426,,7,0,baadf12c278e28ae1e3d5870c4fb2a1a2d051c58,0,0,0,0,0,
20200712,LA,78122,,856873,,posNeg,934995,1243,,,,134,,46334,7/12/2020 13:00,2020-07-12T13:00:00Z,07/12 09:00,3416,,2020-07-12T13:00:00Z,934995,,,78122,3308,108,,,,,,,,,,,,,22,1319,9229,934995,10548,934995,,13,0,4765065c3581a4f9286e7a83b8a20490050281c8,0,0,0,0,0,
20200711,LA,76803,,847644,,posNeg,924447,1182,,,,121,,46334,7/11/2020 13:00,2020-07-11T13:00:00Z,07/11 09:00,3403,,2020-07-11T13:00:00Z,924447,,,76803,3295,108,,,,,,,,,,,,,22,2167,17032,924447,19199,924447,,23,0,ee34bbabd7569713f0f41d0b5a6b8510d4f7b1ab,0,0,0,0,0,
20200710,LA,74636,,830612,,posNeg,905248,1117,,,,122,,46334,7/10/2020 13:00,2020-07-10T13:00:00Z,07/10 09:00,3380,,2020-07-10T13:00:00Z,905248,,,74636,3272,108,,,,,,,,,,,,,22,2642,22466,905248,25108,905248,,25,0,af80f4a78d15cd07ee9181485c88eaf9b08524ff,0,0,0,0,0,
20200709,LA,71994,,808146,,posNeg,880140,1042,,,,110,,46334,7/9/2020 13:00,2020-07-09T13:00:00Z,07/09 09:00,3355,,2020-07-09T13:00:00Z,880140,,,71994,3247,108,,,,,,,,,,,,,22,1843,12560,880140,14403,880140,,16,0,e60e1a6389f459dc7f84afef86def46528cba4b7,0,0,0,0,0,
20200708,LA,70151,,795586,,posNeg,865737,1022,,,,105,,46334,7/8/2020 13:00,2020-07-08T13:00:00Z,07/08 09:00,3339,,2020-07-08T13:00:00Z,865737,,,70151,3231,108,,,,,,,,,,,,,22,1888,16251,865737,18139,865737,,20,0,4b7f62f1acee52c7fbd53575ed61dce801c1f099,0,0,0,0,0,
20200707,LA,68263,,779335,,posNeg,847598,1025,,,,109,,43026,7/7/2020 13:00,2020-07-07T13:00:00Z,07/07 09:00,3319,,2020-07-07T13:00:00Z,847598,,,68263,3211,108,,,,,,,,,,,,,22,1936,32017,847598,33953,847598,,23,0,e7f7f455614d511dd9fbae42acd2250ff0738720,0,0,0,0,0,
20200706,LA,66327,,747318,,posNeg,813645,964,,,,109,,43026,7/6/2020 13:00,2020-07-06T13:00:00Z,07/06 09:00,3296,,2020-07-06T13:00:00Z,813645,,,66327,3188,108,,,,,,,,,,,,,22,1101,10090,813645,11191,813645,,8,0,a344766dd10f57602a5fb0997366a64a3934b510,0,0,0,0,0,
20200705,LA,65226,,737228,,posNeg,802454,926,,,,105,,43026,7/5/2020 13:00,2020-07-05T13:00:00Z,07/05 09:00,3288,,2020-07-05T13:00:00Z,802454,,,65226,3180,108,,,,,,,,,,,,,22,1937,16375,802454,18312,802454,,10,0,b468c11b53e01ab7282d6d1998d3c863e51c8f82,0,0,0,0,0,
20200704,LA,63289,,720853,,posNeg,784142,852,,,,93,,43026,7/3/2020 13:00,2020-07-03T13:00:00Z,07/03 09:00,3278,,2020-07-03T13:00:00Z,784142,,,63289,3170,108,,,,,,,,,,,,,22,0,0,784142,0,784142,,0,0,756972c8e5cb3b1692a8ef183dde645cef3d5b80,0,0,0,0,0,
20200703,LA,63289,,720853,,posNeg,784142,852,,,,93,,43026,7/3/2020 13:00,2020-07-03T13:00:00Z,07/03 09:00,3278,,2020-07-03T13:00:00Z,784142,,,63289,3170,108,,,,,,,,,,,,,22,1728,15040,784142,16768,784142,,23,0,8dd750dc723408be9533d7d2a18ef2b26a7d2eee,0,0,0,0,0,
20200702,LA,61561,,705813,,posNeg,767374,840,,,,91,,43026,7/2/2020 13:00,2020-07-02T13:00:00Z,07/02 09:00,3255,,2020-07-02T13:00:00Z,767374,,,61561,3147,108,,,,,,,,,,,,,22,1383,13903,767374,15286,767374,,17,0,76fcc6017e43b55467af1c52b76f2e20b7ec612d,0,0,0,0,0,
20200701,LA,60178,,691910,,posNeg,752088,799,,,,84,,43026,7/1/2020 13:00,2020-07-01T13:00:00Z,07/01 09:00,3238,,2020-07-01T13:00:00Z,752088,,,60178,3130,108,,,,,,,,,,,,,22,2083,21494,752088,23577,752088,,17,0,c9e95995e4fbe2c4111e4f881ea2cfe6b5458540,0,0,0,0,0,
20200630,LA,58095,,670416,,posNeg,728511,781,,,,83,,42225,6/30/2020 13:00,2020-06-30T13:00:00Z,06/30 09:00,3221,,2020-06-30T13:00:00Z,728511,,,58095,3113,108,,,,,,,,,,,,,22,1014,22860,728511,23874,728511,,22,0,a46e4a811f4e2cf3f3125f2ef1a866ff6c31c84f,0,0,0,0,0,
20200629,LA,57081,,647556,,posNeg,704637,737,,,,79,,42225,6/29/2020 13:00,2020-06-29T13:00:00Z,06/29 09:00,3199,,2020-06-29T13:00:00Z,704637,,,57081,3091,108,,,,,,,,,,,,,22,845,7681,704637,8526,704637,,0,0,c49558bbfa3d57d84dd1270c945a8f49e0ea465e,0,0,0,0,0,
20200628,LA,56236,,639875,,posNeg,696111,715,,,,76,,39792,6/28/2020 13:00,2020-06-28T13:00:00Z,06/28 09:00,3199,,2020-06-28T13:00:00Z,696111,,,56236,3086,113,,,,,,,,,,,,,22,1467,16638,696111,18105,696111,,9,0,b1374d1f9d889f6f0a01f4ff8ad88417d365eb16,0,0,0,0,0,
20200627,LA,54769,,623237,,posNeg,678006,700,,,,73,,39792,6/26/2020 13:00,2020-06-26T13:00:00Z,06/26 09:00,3190,,2020-06-26T13:00:00Z,678006,,,54769,3077,113,,,,,,,,,,,,,22,0,0,678006,0,678006,,0,0,793f449adcc962d25db91dfab71a5ba14f096552,0,0,0,0,0,
20200626,LA,54769,,623237,,posNeg,678006,700,,,,73,,39792,6/26/2020 13:00,2020-06-26T13:00:00Z,06/26 09:00,3190,,2020-06-26T13:00:00Z,678006,,,54769,3077,113,,,,,,,,,,,,,22,1354,15987,678006,17341,678006,,26,0,3a40c3a67a6154229c094214442a1ace49f31d47,0,0,0,0,0,
20200625,LA,53415,,607250,,posNeg,660665,653,,,,77,,39792,6/25/2020 13:00,2020-06-25T13:00:00Z,06/25 09:00,3164,,2020-06-25T13:00:00Z,660665,,,53415,3051,113,,,,,,,,,,,,,22,938,11222,660665,12160,660665,,12,0,a1589b1797299ab9eed765e8e833ccd87720d090,0,0,0,0,0,
20200624,LA,52477,,596028,,posNeg,648505,631,,,,77,,39792,6/24/2020 13:00,2020-06-24T13:00:00Z,06/24 09:00,3152,,2020-06-24T13:00:00Z,648505,,,52477,3039,113,,,,,,,,,,,,,22,882,11684,648505,12566,648505,,18,0,edc7f32be1c3853117b8c76f58eb901c2590fa21,0,0,0,0,0,
20200623,LA,51595,,584344,,posNeg,635939,646,,,,83,,39792,6/23/2020 13:00,2020-06-23T13:00:00Z,06/23 09:00,3134,,2020-06-23T13:00:00Z,635939,,,51595,3021,113,,,,,,,,,,,,,22,1356,16519,635939,17875,635939,,17,0,a2891a8e9171665b88cff850bc7e34fe942bdf0d,0,0,0,0,0,
20200622,LA,50239,,567825,,posNeg,618064,630,,,,77,,39792,6/22/2020 13:00,2020-06-22T13:00:00Z,06/22 09:00,3117,,2020-06-22T13:00:00Z,618064,,,50239,3004,113,,,,,,,,,,,,,22,461,6791,618064,7252,618064,,12,0,31cc17eeb0bc25abfb5b24b76b5de99da4e2f14e,0,0,0,0,0,
20200621,LA,49778,,561034,,posNeg,610812,589,,,,69,,37017,6/21/2020 13:00,2020-06-21T13:00:00Z,06/21 09:00,3105,,2020-06-21T13:00:00Z,610812,,,49778,2993,112,,,,,,,,,,,,,22,393,5603,610812,5996,610812,,1,0,006925e40c1f2ba2894e5804dee8c7097c9feb84,0,0,0,0,0,
20200620,LA,49385,,555431,,posNeg,604816,574,,,,73,,37017,6/20/2020 13:00,2020-06-20T13:00:00Z,06/20 09:00,3104,,2020-06-20T13:00:00Z,604816,,,49385,2992,112,,,,,,,,,,,,,22,870,13037,604816,13907,604816,,20,0,6dfb2b267ada3b9c2bdc76300cbae95dbaa54e75,0,0,0,0,0,
20200619,LA,48515,,542394,,posNeg,590909,561,,,,75,,37017,6/18/2020 13:00,2020-06-18T13:00:00Z,06/18 09:00,3084,,2020-06-18T13:00:00Z,590909,,,48515,2972,112,,,,,,,,,,,,,22,-119,45807,590909,45688,590909,,22,0,816caba52a9e90b9f712e062d67e147bd4194f44,0,0,0,0,0,
20200618,LA,48634,,496587,,posNeg,545221,585,,,,83,,37017,6/17/2020 13:00,2020-06-17T13:00:00Z,06/17 09:00,3062,,2020-06-17T13:00:00Z,545221,,,48634,2950,112,,,,,,,,,,,,,22,0,0,545221,0,545221,,0,0,7a815c648c8fe51c045ef7994811d3bf43afd164,0,0,0,0,0,
20200617,LA,48634,,496587,,posNeg,545221,585,,,,83,,37017,6/17/2020 13:00,2020-06-17T13:00:00Z,06/17 09:00,3062,,2020-06-17T13:00:00Z,545221,,,48634,2950,112,,,,,,,,,,,,,22,928,11576,545221,12504,545221,,20,0,b2c8b0ff4c2797944d34bcf8168276022c717776,0,0,0,0,0,
20200616,LA,47706,,485011,,posNeg,532717,588,,,,77,,37017,6/16/2020 13:00,2020-06-16T13:00:00Z,06/16 09:00,3042,,2020-06-16T13:00:00Z,532717,,,47706,2930,112,,,,,,,,,,,,,22,534,13458,532717,13992,532717,,24,0,ae8dbc78e65be93b1410f4ff4f40a8e17e8eb1eb,0,0,0,0,0,
20200615,LA,47172,,471553,,posNeg,518725,568,,,,76,,37017,6/15/2020 13:00,2020-06-15T13:00:00Z,06/15 09:00,3018,,2020-06-15T13:00:00Z,518725,,,47172,2906,112,,,,,,,,,,,,,22,553,8840,518725,9393,518725,,4,0,5edc7a91e3f09304f7d48961bb0f3ac284eca962,0,0,0,0,0,
20200614,LA,46619,,462713,,posNeg,509332,556,,,,76,,33904,6/14/2020 13:00,2020-06-14T13:00:00Z,06/14 09:00,3014,,2020-06-14T13:00:00Z,509332,,,46619,2901,113,,,,,,,,,,,,,22,336,4613,509332,4949,509332,,10,0,06b481d3b32cdfb3e985592c06acecd0084c4611,0,0,0,0,0,
20200613,LA,46283,,458100,,posNeg,504383,542,,,,76,,33904,6/13/2020 13:00,2020-06-13T13:00:00Z,06/13 09:00,3004,,2020-06-13T13:00:00Z,504383,,,46283,2891,113,,,,,,,,,,,,,22,1288,23561,504383,24849,504383,,8,0,a663862c6c315c9b578c5fff13cc64ac881f4cc8,0,0,0,0,0,
20200612,LA,44995,,434539,,posNeg,479534,549,,,,74,,33904,6/12/2020 13:00,2020-06-12T13:00:00Z,06/12 09:00,2996,,2020-06-12T13:00:00Z,479534,,,44995,2883,113,,,,,,,,,,,,,22,523,9338,479534,9861,479534,,9,0,6004b2dc4c729b308106cb9af5230a8168cce3cc,0,0,0,0,0,
20200611,LA,44472,,425201,,posNeg,469673,553,,,,77,,33904,6/11/2020 13:00,2020-06-11T13:00:00Z,06/11 09:00,2987,,2020-06-11T13:00:00Z,469673,,,44472,2874,113,,,,,,,,,,,,,22,442,9111,469673,9553,469673,,19,0,0193bea56c169fafd5871fefa4f22cc5a1dcaac7,0,0,0,0,0,
20200610,LA,44030,,416090,,posNeg,460120,549,,,,72,,33904,6/10/2020 13:00,2020-06-10T13:00:00Z,06/10 09:00,2968,,2020-06-10T13:00:00Z,460120,,,44030,2855,113,,,,,,,,,,,,,22,418,6034,460120,6452,460120,,11,0,6b6113b597db12f1101eb4798063fdc81be92ba3,0,0,0,0,0,
20200609,LA,43612,,410056,,posNeg,453668,568,,,,67,,33904,6/9/2020 13:00,2020-06-09T13:00:00Z,06/09 09:00,2957,,2020-06-09T13:00:00Z,453668,,,43612,2844,113,,,,,,,,,,,,,22,562,10504,453668,11066,453668,,13,0,4bc1faacf116302d17c5102fcb7a1f92c4c7306f,0,0,0,0,0,
20200608,LA,43050,,399552,,posNeg,442602,582,,,,71,,33904,6/8/2020 13:00,2020-06-08T13:00:00Z,06/08 09:00,2944,,2020-06-08T13:00:00Z,442602,,,43050,2831,113,,,,,,,,,,,,,22,234,8303,442602,8537,442602,,8,0,69b36e12c4832b527529b0eb1b28d447f5bf707f,0,0,0,0,0,
20200607,LA,42816,,391249,,posNeg,434065,575,,,,74,,31728,6/7/2020 13:00,2020-06-07T13:00:00Z,06/07 09:00,2936,,2020-06-07T13:00:00Z,434065,,,42816,2825,111,,,,,,,,,,,,,22,330,5666,434065,5996,434065,,11,0,d41859fa4eec7221a9537b55d4f62a753785f46f,0,0,0,0,0,
20200606,LA,42486,,385583,,posNeg,428069,582,,,,77,,31728,6/6/2020 13:00,2020-06-06T13:00:00Z,06/06 09:00,2925,,2020-06-06T13:00:00Z,428069,,,42486,2814,111,,,,,,,,,,,,,22,497,6786,428069,7283,428069,,13,0,fcce8775e3bd8ead34f20b8a553a02aaa1ae0e2c,0,0,0,0,0,
20200605,LA,41989,,378797,,posNeg,420786,604,,,,75,,31728,6/5/2020 13:00,2020-06-05T13:00:00Z,06/05 09:00,2912,,2020-06-05T13:00:00Z,420786,,,41989,2801,111,,,,,,,,,,,,,22,427,9173,420786,9600,420786,,29,0,1047a4226b5b49ff0adbebb717e1637d6abc1619,0,0,0,0,0,
20200604,LA,41562,,369624,,posNeg,411186,613,,,,82,,31728,6/4/2020 13:00,2020-06-04T13:00:00Z,06/04 09:00,2883,,2020-06-04T13:00:00Z,411186,,,41562,2772,111,,,,,,,,,,,,,22,429,8670,411186,9099,411186,,13,0,bffa1d00c79bf0eda7a668a3bb6f67283adfc552,0,0,0,0,0,
20200603,LA,41133,,360954,,posNeg,402087,617,,,,86,,31728,6/3/2020 13:00,2020-06-03T13:00:00Z,06/03 09:00,2870,,2020-06-03T13:00:00Z,402087,,,41133,2759,111,,,,,,,,,,,,,22,387,8567,402087,8954,402087,,35,0,7433b636da8fb21f8a9fd818055cb2141466e7d3,0,0,0,0,0,
20200602,LA,40746,,352387,,posNeg,393133,639,,,,83,,31728,6/2/2020 13:00,2020-06-02T13:00:00Z,06/02 09:00,2835,,2020-06-02T13:00:00Z,393133,,,40746,2724,111,,,,,,,,,,,,,22,405,5358,393133,5763,393133,,34,0,297a8c4e92785b605546a7226d4331f236c44b90,0,0,0,0,0,
20200601,LA,40341,,347029,,posNeg,387370,661,,,,86,,31728,6/1/2020 13:00,2020-06-01T13:00:00Z,06/01 09:00,2801,,2020-06-01T13:00:00Z,387370,,,40341,2690,111,,,,,,,,,,,,,22,425,11836,387370,12261,387370,,10,0,e929ad6bde4798676805208bf7b722049eb3a56a,0,0,0,0,0,
20200531,LA,39916,,335193,,posNeg,375109,678,,,,84,,28700,5/31/2020 13:00,2020-05-31T13:00:00Z,05/31 09:00,2791,,2020-05-31T13:00:00Z,375109,,,39916,2686,105,,,,,,,,,,,,,22,339,5951,375109,6290,375109,,6,0,e6bc608b3fb88b87c881682c15eb4364bcb617dd,0,0,0,0,0,
20200530,LA,39577,,329242,,posNeg,368819,674,,,,84,,28700,5/30/2020 13:00,2020-05-30T13:00:00Z,05/30 09:00,2785,,2020-05-30T13:00:00Z,368819,,,39577,2680,105,,,,,,,,,,,,,22,775,13017,368819,13792,368819,,19,0,0dd3696a94beb77ce3e1f2a0e2ad96edcf280a9d,0,0,0,0,0,
20200529,LA,38802,,316225,,posNeg,355027,714,,,,90,,28700,5/29/2020 13:00,2020-05-29T13:00:00Z,05/29 09:00,2766,,2020-05-29T13:00:00Z,355027,,,38802,2661,105,,,,,,,,,,,,,22,0,0,355027,0,355027,,26,0,9527699a800ba68d3287bb8d1e4add2b072118c3,0,0,0,0,0,
20200528,LA,38802,,316225,,posNeg,355027,761,,,,100,,28700,5/28/2020 13:00,2020-05-28T13:00:00Z,05/28 09:00,2740,,2020-05-28T13:00:00Z,355027,,,38802,2635,105,,,,,,,,,,,,,22,305,7075,355027,7380,355027,,18,0,bfaa303336c3e3d1d4644c18d5166fc60d578ebd,0,0,0,0,0,
20200527,LA,38497,,309150,,posNeg,347647,798,,,,100,,28700,5/27/2020 13:00,2020-05-27T13:00:00Z,05/27 09:00,2722,,2020-05-27T13:00:00Z,347647,,,38497,2617,105,,,,,,,,,,,,,22,443,6178,347647,6621,347647,,21,0,0e7ebc1d996f2289ec2d02b6a1471b6f36e48c0e,0,0,0,0,0,
20200526,LA,38054,,302972,,posNeg,341026,831,,,,103,,28700,5/26/2020 13:00,2020-05-26T13:00:00Z,05/26 09:00,2701,,2020-05-26T13:00:00Z,341026,,,38054,2596,105,,,,,,,,,,,,,22,245,9883,341026,10128,341026,,11,0,e56eb5ed4ac298d408fb8df6597d2ed5d8793f4b,0,0,0,0,0,
20200525,LA,37809,,293089,,posNeg,330898,847,,,,102,,28700,5/25/2020 13:00,2020-05-25T13:00:00Z,05/25 09:00,2690,,2020-05-25T13:00:00Z,330898,,,37809,2585,105,,,,,,,,,,,,,22,640,14222,330898,14862,330898,,0,0,05ebd3602b1aafdbf92a0a4287cc794c6efed679,0,0,0,0,0,
20200524,LA,37169,,278867,,posNeg,316036,813,,,,102,,26249,5/24/2020 13:00,2020-05-24T13:00:00Z,05/24 09:00,2690,,2020-05-24T13:00:00Z,316036,,,37169,2567,123,,,,,,,,,,,,,22,129,1460,316036,1589,316036,,22,0,8602228e2822f014eb6bdd536fdd467ab4c478be,0,0,0,0,0,
20200523,LA,37040,,277407,,posNeg,314447,836,,,,112,,26249,5/23/2020 13:00,2020-05-23T13:00:00Z,05/23 09:00,2668,,2020-05-23T13:00:00Z,314447,,,37040,2560,123,,,,,,,,,,,,,22,115,2524,314447,2639,314447,,0,0,94e18361528e1a25fde0433eaefba773bbef03ca,0,0,0,0,0,
20200522,LA,36925,,274883,,posNeg,311808,867,,,,104,,26249,5/22/2020 13:00,2020-05-22T13:00:00Z,05/22 09:00,2668,,2020-05-22T13:00:00Z,311808,,,36925,2545,123,,,,,,,,,,,,,22,421,6006,311808,6427,311808,,39,0,4e8c46086edced6dfc9c03dae4ed5e38d803fdf8,0,0,0,0,0,
20200521,LA,36504,,268877,,posNeg,305381,884,,,,107,,26249,5/21/2020 13:00,2020-05-21T13:00:00Z,05/21 09:00,2629,,2020-05-21T13:00:00Z,305381,,,36504,2506,123,,,,,,,,,,,,,22,1188,18223,305381,19411,305381,,21,0,3f28e1396a3acccbae59402e9a37ccf029b57f92,0,0,0,0,0,
20200520,LA,35316,,250654,,posNeg,285970,931,,,,110,,26249,5/20/2020 13:00,2020-05-20T13:00:00Z,05/20 09:00,2608,,2020-05-20T13:00:00Z,285970,,,35316,2485,123,,,,,,,,,,,,,22,278,7619,285970,7897,285970,,27,0,ff32f2f4f912cbb2ccbb15a1aff3d0d97d2cff22,0,0,0,0,0,
20200519,LA,35038,,243035,,posNeg,278073,1004,,,,112,,26249,5/19/2020 13:00,2020-05-19T13:00:00Z,05/19 09:00,2581,,2020-05-19T13:00:00Z,278073,,,35038,2458,123,,,,,,,,,,,,,22,329,7996,278073,8325,278073,,18,0,73c2ed24139637a0b67336246e32fc7aa7d8141b,0,0,0,0,0,
20200518,LA,34709,,235039,,posNeg,269748,1031,,,,118,,26249,5/18/2020 13:00,2020-05-18T13:00:00Z,05/18 09:00,2563,,2020-05-18T13:00:00Z,269748,,,34709,2440,123,,,,,,,,,,,,,22,277,4301,269748,4578,269748,,72,0,8e275f52910c9be1da12f1d118c5a185a5a87d0f,0,0,0,0,0,
20200517,LA,34432,,230738,,posNeg,265170,1019,,,,111,,22608,5/17/2020 13:00,2020-05-17T13:00:00Z,05/17 09:00,2491,,2020-05-17T13:00:00Z,265170,,,34432,2425,66,,,,,,,,,,,,,22,315,5113,265170,5428,265170,,12,0,ae660c229df2f67e147cc5a903154f7d4ee115cf,0,0,0,0,0,
20200516,LA,34117,,225625,,posNeg,259742,1028,,,,123,,22608,5/16/2020 13:00,2020-05-16T13:00:00Z,05/16 09:00,2479,,2020-05-16T13:00:00Z,259742,,,34117,2413,66,,,,,,,,,,,,,22,280,6273,259742,6553,259742,,31,0,c85d514bc85f5cdcaa5564c48325d398e1bc34f2,0,0,0,0,0,
20200515,LA,33837,,219352,,posNeg,253189,1091,,,,132,,22608,5/15/2020 13:00,2020-05-15T13:00:00Z,05/15 09:00,2448,,2020-05-15T13:00:00Z,253189,,,33837,2382,66,,,,,,,,,,,,,22,348,5253,253189,5601,253189,,31,0,e272774d000b44a1830eb73925f9d7fb7267c429,0,0,0,0,0,
20200514,LA,33489,,214099,,posNeg,247588,1193,,,,140,,22608,5/14/2020 13:00,2020-05-14T13:00:00Z,05/14 09:00,2417,,2020-05-14T13:00:00Z,237904,,,33489,2351,66,,,,,,,,,,,,,22,827,8857,247588,9684,247588,,36,0,c5a6be5f7127b2a0216f22f92da8027786d72f22,0,0,0,0,0,
20200513,LA,32662,,205242,,posNeg,237904,1194,,,,147,,22608,5/13/2020 13:00,2020-05-13T13:00:00Z,05/13 09:00,2381,,2020-05-13T13:00:00Z,228012,,,32662,2315,66,,,,,,,,,,,,,22,612,9280,237904,9892,237904,,34,0,ba5f361b008f38e3e5ad23c1820c3e9553f47d0a,0,0,0,0,0,
20200512,LA,32050,,195962,,posNeg,228012,1320,,,,146,,22608,5/12/2020 13:00,2020-05-12T13:00:00Z,05/12 09:00,2347,,2020-05-12T13:00:00Z,,,,32050,2281,66,,,,,,,,,,,,,22,235,6947,228012,7182,228012,,39,0,df4060379e56f996763233d2cb3890bb57e1fc92,0,0,0,0,0,
20200511,LA,31815,,189015,,posNeg,220830,1310,,,,157,,22608,5/11/2020 13:00,2020-05-11T13:00:00Z,05/11 09:00,2308,,2020-05-11T13:00:00Z,,,,31815,2242,,,,,,,,,,,,,,22,215,4743,220830,4958,220830,,22,0,1eb500858d5a16e8805f86c06f8aee4a496a16d2,0,0,0,0,0,
20200510,LA,31600,,184272,,posNeg,215872,1324,,,,161,,20316,5/10/2020 13:00,2020-05-10T13:00:00Z,05/10 09:00,2286,,2020-05-10T13:00:00Z,,,,31600,2213,,,,,,,,,,,,,,22,183,3532,215872,3715,215872,,19,0,77f2447aa32d5c30dbc982a91c7b66455210a322,0,0,0,0,0,
20200509,LA,31417,,180740,,posNeg,212157,1333,,,,165,,20316,5/9/2020 13:00,2020-05-09T13:00:00Z,05/09 09:00,2267,,2020-05-09T13:00:00Z,,,,31417,2042,,,,,,,,,,,,,,22,562,9179,212157,9741,212157,,40,0,dfbe7f9135140bbac64501e82c6c38210e1b30e9,0,0,0,0,0,
20200508,LA,30855,,171561,,posNeg,202416,1359,,,,185,,20316,5/8/2020 13:00,2020-05-08T13:00:00Z,05/08 09:00,2227,,2020-05-08T13:00:00Z,,,,30855,1991,,,,,,,,,,,,,,22,203,1446,202416,1649,202416,,19,0,d60338bad1f8dcf31f02dfc4143f23fec9447fd2,0,0,0,0,0,
20200507,LA,30652,,170115,,posNeg,200767,1432,,,,189,,20316,5/7/2020 13:00,2020-05-07T13:00:00Z,05/07 09:00,2208,,2020-05-07T13:00:00Z,,,,30652,1926,,,,,,,,,,,,,,22,253,5842,200767,6095,200767,,93,0,dbdb42e4bb31a28d19ec62c892064c477014e1fb,0,0,0,0,0,
20200506,LA,30399,,164273,,posNeg,194672,1465,,,,187,,20316,5/6/2020 16:30,2020-05-06T16:30:00Z,05/06 12:30,2115,,2020-05-06T16:30:00Z,,,,30399,1907,,,,,,,,,,,,,,22,403,6038,194672,6441,194672,,0,0,59959ed91e164ce101c874f5dd4b12dd271734c6,0,0,0,0,0,
20200505,LA,29996,,158235,,posNeg,188231,1512,,,,194,,20316,5/5/2020 13:00,2020-05-05T13:00:00Z,05/05 09:00,2115,,2020-05-05T13:00:00Z,,,,29996,1884,,,,,,,,,,,,,,22,323,6977,188231,7300,188231,,51,0,d0ac0394e0cea189010f74bce29e44be82a1b650,0,0,0,0,0,
20200504,LA,29673,,151258,,posNeg,180931,1502,,,,220,,20316,5/4/2020 13:00,2020-05-04T13:00:00Z,05/04 09:00,2064,,2020-05-04T13:00:00Z,,,,29673,1905,,,,,,,,,,,,,,22,333,4438,180931,4771,180931,,95,0,38885d4b46b9cb487ca2ef482fd4475e85087e4f,0,0,0,0,0,
20200503,LA,29340,,146820,,posNeg,176160,1530,,,,213,,17303,5/3/2020 13:00,2020-05-03T13:00:00Z,05/03 09:00,1969,,2020-05-03T13:00:00Z,,,,29340,1845,,,,,,,,,,,,,,22,200,3102,176160,3302,176160,,19,0,4edebabfe13589cd01666d5236ce44efe48bbc4c,0,0,0,0,0,
20200502,LA,29140,,143718,,posNeg,172858,1545,,,,208,,17303,5/2/2020 13:00,2020-05-02T13:00:00Z,05/02 09:00,1950,,2020-05-02T13:00:00Z,,,,29140,1801,,,,,,,,,,,,,,22,429,4178,172858,4607,172858,,23,0,8ced6a406ca244d09262d5f545661af8a773b56d,0,0,0,0,0,
20200501,LA,28711,,139540,,posNeg,168251,1607,,,,230,,17303,5/1/2020 13:00,2020-05-01T13:00:00Z,05/01 09:00,1927,,2020-05-01T13:00:00Z,,,,28711,1740,,,,,,,,,,,,,,22,710,6232,168251,6942,168251,,65,0,69b6f59a8211786c50ecb1e495b35585eca2ff03,0,0,0,0,0,
20200430,LA,28001,,133308,,posNeg,161309,1601,,,,231,,17303,4/30/2020 13:00,2020-04-30T13:00:00Z,04/30 09:00,1862,,2020-04-30T13:00:00Z,,,,28001,1729,,,,,,,,,,,,,,22,341,4400,161309,4741,161309,,60,0,0bdf8ce1ae8799ced92e682b4a25481cac3ec41e,0,0,0,0,0,
20200429,LA,27660,,128908,,posNeg,156568,1629,,,,244,,17303,4/29/2020 13:00,2020-04-29T13:00:00Z,04/29 09:00,1802,,2020-04-29T13:00:00Z,,,,27660,1703,,,,,,,,,,,,,,22,374,5086,156568,5460,156568,,44,0,c21f9dc864e995f07a4c402e44c9ac4dec8a002b,0,0,0,0,0,
20200428,LA,27286,,123822,,posNeg,151108,1666,,,,244,,17303,4/28/2020 13:00,2020-04-28T13:00:00Z,04/28 09:00,1758,,2020-04-28T13:00:00Z,,,,27286,1660,,,,,,,,,,,,,,22,218,3901,151108,4119,151108,,61,0,2346ecdae56ca04af49f7df3dd86953dabbc6461,0,0,0,0,0,
20200427,LA,27068,,119921,,posNeg,146989,1683,,,,262,,17303,4/27/2020 13:00,2020-04-27T13:00:00Z,04/27 09:00,1697,,2020-04-27T13:00:00Z,,,,27068,1599,,,,,,,,,,,,,,22,295,3658,146989,3953,146989,,27,0,66392741f44dc18e29263be622743134424f91db,0,0,0,0,0,
20200426,LA,26773,,116263,,posNeg,143036,1701,,,,265,,14927,4/26/2020 13:00,2020-04-26T13:00:00Z,04/26 09:00,1670,,2020-04-26T13:00:00Z,,,,26773,,,,,,,,,,,,,,,22,261,3773,143036,4034,143036,,26,0,2af8342bd594a0b02e4f5b8e5940643c84f0f8d6,0,0,0,0,0,
20200425,LA,26512,,112490,,posNeg,139002,1700,,,,268,,14927,4/25/2020 13:00,2020-04-25T13:00:00Z,04/25 09:00,1644,,2020-04-25T13:00:00Z,,,,26512,,,,,,,,,,,,,,,22,372,518,139002,890,139002,,43,0,8c3e66d40887571c8d214b0adbac75ba215dee6f,0,0,0,0,0,
20200424,LA,26140,,111972,,posNeg,138112,1697,,,,286,,14927,4/24/2020 13:00,2020-04-24T13:00:00Z,04/24 09:00,1601,,2020-04-24T13:00:00Z,,,,26140,,,,,,,,,,,,,,,22,401,198,138112,599,138112,,61,0,3bf7149e98bf2225d728c17942c3897c58831757,0,0,0,0,0,
20200423,LA,25739,,111774,,posNeg,137513,1727,,,,274,,14927,4/23/2020 13:00,2020-04-23T13:00:00Z,04/23 09:00,1540,,2020-04-23T13:00:00Z,,,,25739,,,,,,,,,,,,,,,22,481,186,137513,667,137513,,67,0,f58bbd0317a94acce9278824d53c63731ff9b911,0,0,0,0,0,
20200422,LA,25258,,111588,,posNeg,136846,1747,,,,287,,14927,4/22/2020 13:00,2020-04-22T13:00:00Z,04/22 09:00,1473,,2020-04-22T13:00:00Z,,,,25258,,,,,,,,,,,,,,,22,404,0,136846,404,136846,,68,0,9e8f5587fb211d3fbc1975307bbb5260a01d7c32,0,0,0,0,0,
20200421,LA,24854,,111588,,posNeg,136442,1798,,,,297,,,4/21/2020 13:00,2020-04-21T13:00:00Z,04/21 09:00,1405,,2020-04-21T13:00:00Z,,,,24854,,,,,,,,,,,,,,,22,331,0,136442,331,136442,,77,0,a03811ae9ec132a78bb25004972dcfbd292fe5e5,0,0,0,0,0,
20200420,LA,24523,,111588,,posNeg,136111,1794,,,,332,,,4/20/2020 13:00,2020-04-20T13:00:00Z,04/20 09:00,1328,,2020-04-20T13:00:00Z,,,,24523,,,,,,,,,,,,,,,22,595,168,136111,763,136111,,32,0,3336a3228d6fd3cb4ef8ed48df36fcb923d2853e,0,0,0,0,0,
20200419,LA,23928,,111420,,posNeg,135348,1748,,,,349,,,4/19/2020 13:00,2020-04-19T13:00:00Z,04/19 09:00,1296,,2020-04-19T13:00:00Z,,,,23928,,,,,,,,,,,,,,,22,348,-2999,135348,-2651,135348,,29,0,719d78c609e05692f9ffd7f993e737d0be5f61ba,0,0,0,0,0,
20200418,LA,23580,,114419,,posNeg,137999,1761,,,,347,,,4/18/2020 13:00,2020-04-18T13:00:00Z,04/18 09:00,1267,,2020-04-18T13:00:00Z,,,,23580,,,,,,,,,,,,,,,22,462,5550,137999,6012,137999,,54,0,f3963dfe6643b34692c639478ce98776f627f18c,0,0,0,0,0,
20200417,LA,23118,,108869,,posNeg,131987,1868,,,,363,,,4/17/2020 13:00,2020-04-17T13:00:00Z,04/17 09:00,1213,,2020-04-17T13:00:00Z,,,,23118,,,,,,,,,,,,,,,22,586,4815,131987,5401,131987,,57,0,8db6db580b297260f17279e4924bc640a8fe3273,0,0,0,0,0,
20200416,LA,22532,,104054,,posNeg,126586,1914,,,,396,,,4/16/2020 13:00,2020-04-16T13:00:00Z,04/16 09:00,1156,,2020-04-16T13:00:00Z,,,,22532,,,,,,,,,,,,,,,22,581,4077,126586,4658,126586,,53,0,af9ef508b78af8deb536031a027e99a7874d7f8b,0,0,0,0,0,
20200415,LA,21951,,99977,,posNeg,121928,1943,,,,425,,,4/15/2020 13:00,2020-04-15T13:00:00Z,04/15 09:00,1103,,2020-04-15T13:00:00Z,,,,21951,,,,,,,,,,,,,,,22,433,3073,121928,3506,121928,,90,0,006d07cab7fa5c73250b080965c4451a136e7ba9,0,0,0,0,0,
20200414,LA,21518,,96904,,posNeg,118422,1977,,,,436,,,4/13/2020 13:00,2020-04-13T13:00:00Z,04/13 09:00,1013,,2020-04-13T13:00:00Z,,,,21518,,,,,,,,,,,,,,,22,502,9829,118422,10331,118422,,129,0,9ecc4aa9f9a189c947d0975a7c28eea81af30b86,0,0,0,0,0,
20200413,LA,21016,,87075,,posNeg,108091,2134,,,,461,,,4/13/2020 13:00,2020-04-13T13:00:00Z,04/13 09:00,884,,2020-04-13T13:00:00Z,,,,21016,,,,,,,,,,,,,,,22,421,3625,108091,4046,108091,,44,0,2e8c45e766afe080494cf41ac70dfc1cf3b37bbd,0,0,0,0,0,
20200412,LA,20595,,83450,,posNeg,104045,2084,,,,458,,,4/12/2020 13:00,2020-04-12T13:00:00Z,04/12 09:00,840,,2020-04-12T13:00:00Z,,,,20595,,,,,,,,,,,,,,,22,581,6549,104045,7130,104045,,34,0,f1c5b5888b52deba59e5fa233296e772e26daf09,0,0,0,0,0,
20200411,LA,20014,,76901,,posNeg,96915,2067,,,,470,,,4/11/2020 13:00,2020-04-11T13:00:00Z,04/11 09:00,806,,2020-04-11T13:00:00Z,,,,20014,,,,,,,,,,,,,,,22,761,3874,96915,4635,96915,,51,0,a2c51705ea77b2fdb762836ee7169854372ee952,0,0,0,0,0,
20200410,LA,19253,,73027,,posNeg,92280,2054,,,,479,,,4/10/2020 13:00,2020-04-10T13:00:00Z,04/10 09:00,755,,2020-04-10T13:00:00Z,,,,19253,,,,,,,,,,,,,,,22,970,4391,92280,5361,92280,,53,0,43c671d97cc9e6125a0261752dc2b09e51de3d73,0,0,0,0,0,
20200409,LA,18283,,68636,,posNeg,86919,2014,,,,473,,,4/9/2020 13:00,2020-04-09T13:00:00Z,04/09 09:00,702,,2020-04-09T13:00:00Z,,,,18283,,,,,,,,,,,,,,,22,1253,4260,86919,5513,86919,,50,0,25af37cff4c63357cac46be84eae75c3852e86e7,0,0,0,0,0,
20200408,LA,17030,,64376,,posNeg,81406,1983,,,,490,,,4/8/2020 13:00,2020-04-08T13:00:00Z,04/08 09:00,652,,2020-04-08T13:00:00Z,,,,17030,,,,,,,,,,,,,,,22,746,6005,81406,6751,81406,,70,0,a8f127e309a2615167baa091f7ebfcb2729c89c1,0,0,0,0,0,
20200407,LA,16284,,58371,,posNeg,74655,1996,,,,519,,,4/7/2020 13:00,2020-04-07T13:00:00Z,04/07 09:00,582,,2020-04-07T13:00:00Z,,,,16284,,,,,,,,,,,,,,,22,1417,4072,74655,5489,74655,,70,0,731bba871b8f87eb986fa4195f0a031082f52d64,0,0,0,0,0,
20200406,LA,14867,,54299,,posNeg,69166,1981,,,,552,,,4/6/2020 13:00,2020-04-06T13:00:00Z,04/06 09:00,512,,2020-04-06T13:00:00Z,,,,14867,,,,,,,,,,,,,,,22,1857,6984,69166,8841,69166,,35,0,a1c604f8c4dbd4ee88b97958b05a1c337eee8140,0,0,0,0,0,
20200405,LA,13010,,47315,,posNeg,60325,1803,,,,561,,,4/5/2020 13:00,2020-04-05T13:00:00Z,04/05 09:00,477,,2020-04-05T13:00:00Z,,,,13010,,,,,,,,,,,,,,,22,514,1313,60325,1827,60325,,68,0,280b141af7bb3886ac8b711f5b4dddf75e467d12,0,0,0,0,0,
20200404,LA,12496,,46002,,posNeg,58498,1726,,,,571,,,4/4/2020 13:40,2020-04-04T13:40:00Z,04/04 09:40,409,,2020-04-04T13:40:00Z,,,,12496,,,,,,,,,,,,,,,22,2199,2654,58498,4853,58498,,39,0,b6ce406aab2c8f4c93251737de9e56f2bb1db3f8,0,0,0,0,0,
20200403,LA,10297,,43348,,posNeg,53645,1707,,,,535,,,4/3/2020 13:00,2020-04-03T13:00:00Z,04/03 09:00,370,,2020-04-03T13:00:00Z,,,,10297,,,,,,,,,,,,,,,22,1147,1412,53645,2559,53645,,60,0,d5c7d75d1f4fc55cfa3618ae5bbcd1c790106dd9,0,0,0,0,0,
20200402,LA,9150,,41936,,posNeg,51086,1639,,,,507,,,4/2/2020 13:00,2020-04-02T13:00:00Z,04/02 09:00,310,,2020-04-02T13:00:00Z,,,,9150,,,,,,,,,,,,,,,22,2726,2584,51086,5310,51086,,37,0,714413d5afdd70b5d9fb3fc3acecd335af5eda83,0,0,0,0,0,
20200401,LA,6424,,39352,,posNeg,45776,1498,,,,490,,,4/1/2020 13:00,2020-04-01T13:00:00Z,04/01 09:00,273,,2020-04-01T13:00:00Z,,,,6424,,,,,,,,,,,,,,,22,1187,5622,45776,6809,45776,,34,0,d4a70ff1cb046dfb3a9c2a71387c159b4228e982,0,0,0,0,0,
20200331,LA,5237,,33730,,posNeg,38967,1355,,,,438,,,3/31/2020 13:00,2020-03-31T13:00:00Z,03/31 09:00,239,,2020-03-31T13:00:00Z,,,,5237,,,,,,,,,,,,,,,22,1212,3722,38967,4934,38967,,54,0,90b706a26a3972c9e2a31ac88834edec8a999c14,0,0,0,0,0,
20200330,LA,4025,,30008,,posNeg,34033,1185,,,,385,,,3/30/2020 13:00,2020-03-30T13:00:00Z,03/30 09:00,185,,2020-03-30T13:00:00Z,,,,4025,,,,,,,,,,,,,,,22,485,5677,34033,6162,34033,,34,0,719c69c2e4b4c740a4a013c24a125d487fe001b3,0,0,0,0,0,
20200329,LA,3540,,24331,,posNeg,27871,1127,,,,380,,,3/29/2020 13:00,2020-03-29T13:00:00Z,03/29 09:00,151,,2020-03-29T13:00:00Z,,,,3540,,,,,,,,,,,,,,,22,225,2485,27871,2710,27871,,14,0,42b3e78af5b70b65e9c3833a1f4dd911ee69abe9,0,0,0,0,0,
20200328,LA,3315,,21846,,posNeg,25161,927,,,,336,,,3/28/2020 13:00,2020-03-28T13:00:00Z,03/28 09:00,137,,2020-03-28T13:00:00Z,,,,3315,,,,,,,,,,,,,,,22,569,3233,25161,3802,25161,,18,0,7f5486ea3096fd0e955fcdc4d4e0c8be464e189c,0,0,0,0,0,
20200327,LA,2746,,18613,,posNeg,21359,773,,,,270,,,3/27/2020 13:00,2020-03-27T13:00:00Z,03/27 09:00,119,,2020-03-27T13:00:00Z,,,,2746,,,,,,,,,,,,,,,22,441,2889,21359,3330,21359,,36,0,5e3d214c41d67fd8ab314ce806380de10f4594c1,0,0,0,0,0,
20200326,LA,2305,,15724,,posNeg,18029,676,,,,239,,,3/26/2020 15:00,2020-03-26T15:00:00Z,03/26 11:00,83,,2020-03-26T15:00:00Z,,,,2305,,,,,,,,,,,,,,,22,510,6068,18029,6578,18029,,18,0,af6c091b09856af849af334c6922eec6e157db03,0,0,0,0,0,
20200325,LA,1795,,9656,,posNeg,11451,491,,,,163,,,3/25/2020 13:00,2020-03-25T13:00:00Z,03/25 09:00,65,,2020-03-25T13:00:00Z,,,,1795,,,,,,,,,,,,,,,22,407,2441,11451,2848,11451,,19,0,a2a7ce1780c140a78866300f3ee4672d4d6f280c,0,0,0,0,0,
20200324,LA,1388,,7215,,posNeg,8603,271,,,,,,,3/24/2020 13:00,2020-03-24T13:00:00Z,03/24 09:00,46,,2020-03-24T13:00:00Z,,,,1388,,,,,,,,,,,,,,,22,216,2439,8603,2655,8603,,12,0,634e6f3fbe4c9dd3d311c564ddbd46fe6a317379,0,0,0,0,0,
20200323,LA,1172,,4776,,posNeg,5948,,,,,,,,3/23/2020 13:00,2020-03-23T13:00:00Z,03/23 09:00,34,,2020-03-23T13:00:00Z,,,,1172,,,,,,,,,,,,,,,22,335,2115,5948,2450,5948,,14,0,8d8844b32bd4de39831df2e558cab1112997d604,0,0,0,0,0,
20200322,LA,837,,2661,,posNeg,3498,,,,,,,,3/22/2020 10:00,2020-03-22T10:00:00Z,03/22 06:00,20,,2020-03-22T10:00:00Z,,,,837,,,,,,,,,,,,,,,22,257,481,3498,738,3498,,4,0,95dda51916d03aba554819246d79f003cd01d528,0,0,0,0,0,
20200321,LA,580,,2180,,posNeg,2760,,,,,,,,3/21/2020 10:30,2020-03-21T10:30:00Z,03/21 06:30,16,,2020-03-21T10:30:00Z,,,,580,,,,,,,,,,,,,,,22,107,1612,2760,1719,2760,,4,0,ff39eb1187ed942251efb3aafdb4c697655f19fa,0,0,0,0,0,
20200320,LA,473,,568,,posNeg,1041,,,,,,,,3/20/2020 15:30,2020-03-20T15:30:00Z,03/20 11:30,12,,2020-03-20T15:30:00Z,,,,473,,,,,,,,,,,,,,,22,126,110,1041,236,1041,,4,0,40ba22dd3785eaa70c5367f101039b30e767b769,0,0,0,0,0,
20200319,LA,347,,458,,posNeg,805,,,,,,,,3/19/2020 10:30,2020-03-19T10:30:00Z,03/19 06:30,8,,2020-03-19T10:30:00Z,,,,347,,,,,,,,,,,,,,,22,107,123,805,230,805,,2,0,8daf4a1622511beb2976c3b6c3e32770d505e878,0,0,0,0,0,
20200318,LA,240,,335,,posNeg,575,,,,,,,,3/18/2020 00:00,2020-03-18T00:00:00Z,03/17 20:00,6,,2020-03-18T00:00:00Z,,,,240,,,,,,,,,,,,,,,22,103,49,575,152,575,,2,0,979a19d63fe0713bc8c2d55f4a78fb28f8db98a5,0,0,0,0,0,
20200317,LA,137,,286,,posNeg,423,,,,,,,,3/17/2020 10:30,2020-03-17T10:30:00Z,03/17 06:30,4,,2020-03-17T10:30:00Z,,,,137,,,,,,,,,,,,,,,22,22,98,423,120,423,,2,0,621f1ce4fc21432f8f7995706edc811dc55bcf49,0,0,0,0,0,
20200316,LA,115,,188,,posNeg,303,,,,,,,,3/16/2020 15:50,2020-03-16T15:50:00Z,03/16 11:50,2,,2020-03-16T15:50:00Z,,,,115,,,,,,,,,,,,,,,22,25,32,303,57,303,,0,0,2800e72d3473fc122a1b2e5344418070efcc6a3a,0,0,0,0,0,
20200315,LA,90,,156,,posNeg,246,,,,,,,,3/15/2020 11:30,2020-03-15T11:30:00Z,03/15 07:30,2,,2020-03-15T11:30:00Z,,,,90,,,,,,,,,,,,,,,22,39,47,246,86,246,,2,0,ebf5efe0cb2c88ed658ba3db79e57519a3848fbd,0,0,0,0,0,
20200314,LA,51,,109,,posNeg,160,,,,,,,,3/14/2020 12:15,2020-03-14T12:15:00Z,03/14 08:15,,,2020-03-14T12:15:00Z,,,,51,,,,,,,,,,,,,,,22,15,72,160,87,160,,0,0,27c763ed6187a983835fab2ec3ef8f63fea242bf,0,0,0,0,0,
20200313,LA,36,,37,,posNeg,73,,,,,,,,3/13/2020 16:00,2020-03-13T16:00:00Z,03/13 12:00,,,2020-03-13T16:00:00Z,,,,36,,,,,,,,,,,,,,,22,22,0,73,22,73,,0,0,862fea49420559ba2aba63b1ae5576da5b01fd64,0,0,0,0,0,
20200312,LA,14,,37,,posNeg,51,,,,,,,,3/12/2020 10:30,2020-03-12T10:30:00Z,03/12 06:30,,,2020-03-12T10:30:00Z,,,,14,,,,,,,,,,,,,,,22,8,0,51,8,51,,0,0,85527f3e7e5cb4b4b56d3afce843228b23cf650d,0,0,0,0,0,
20200311,LA,6,,37,,posNeg,43,,,,,,,,,,,,,,,,,6,,,,,,,,,,,,,,,22,5,26,43,31,43,,0,0,7f53b374b988da4a46373100b8d0b0bed134093b,0,0,0,0,0,
20200310,LA,1,,11,,posNeg,12,,,,,,,,,,,,,,,,,1,,,,,,,,,,,,,,,22,0,6,12,6,12,,0,0,7017398265078de5fff6c5be870bd89eb4794419,0,0,0,0,0,
20200309,LA,1,,5,,posNeg,6,,,,,,,,,,,,,,,,,1,,,,,,,,,,,,,,,22,1,0,6,1,6,,0,0,6db9e3290ccc05283f7ca2043b86fc8d81e2fc9a,0,0,0,0,0,
20200308,LA,0,,5,,posNeg,5,,,,,,,,,,,,,,,,,0,,,,,,,,,,,,,,,22,0,5,5,5,5,,0,0,f77f1ddccdfc1dde11ea0a907a121ddb7a8ee305,0,0,0,0,0,
20200307,LA,0,,,,posNeg,0,,,,,,,,,,,,,,,,,0,,,,,,,,,,,,,,,22,0,0,0,0,0,,0,0,4c0d8d082259b6ab8966808ddcfb80878fd10a82,0,0,0,0,0,
