date,state,positive,probableCases,negative,pending,totalTestResultsSource,totalTestResults,hospitalizedCurrently,hospitalizedCumulative,inIcuCurrently,inIcuCumulative,onVentilatorCurrently,onVentilatorCumulative,recovered,lastUpdateEt,dateModified,checkTimeEt,death,hospitalized,hospitalizedDischarged,dateChecked,totalTestsViral,positiveTestsViral,negativeTestsViral,positiveCasesViral,deathConfirmed,deathProbable,totalTestEncountersViral,totalTestsPeopleViral,totalTestsAntibody,positiveTestsAntibody,negativeTestsAntibody,totalTestsPeopleAntibody,positiveTestsPeopleAntibody,negativeTestsPeopleAntibody,totalTestsPeopleAntigen,positiveTestsPeopleAntigen,totalTestsAntigen,positiveTestsAntigen,fips,positiveIncrease,negativeIncrease,total,totalTestResultsIncrease,posNeg,dataQualityGrade,deathIncrease,hospitalizedIncrease,hash,commercialScore,negativeRegularScore,negativeScore,positiveScore,score,grade
20210225,NV,292630,,1111490,,totalTestEncountersViral,2696649,532,,116,,71,,,2/24/2021 00:00,2021-02-24T00:00:00Z,02/23 19:00,4933,,,2021-02-24T00:00:00Z,,,,292630,,,2696649,1404120,,,,,,,,,,,32,571,2718,1404120,10057,1404120,,14,0,866f474c691f2f3d761d78b5887a65276eb2e7e2,0,0,0,0,0,
20210224,NV,292059,,1108772,,totalTestEncountersViral,2686592,534,,120,,78,,,2/23/2021 00:00,2021-02-23T00:00:00Z,02/22 19:00,4919,,,2021-02-23T00:00:00Z,,,,292059,,,2686592,1400831,,,,,,,,,,,32,516,2124,1400831,8343,1400831,,16,0,e5b8c5bbd570e4c3a0a4a96307a3539367507416,0,0,0,0,0,
20210223,NV,291543,,1106648,,totalTestEncountersViral,2678249,581,,131,,84,,,2/22/2021 00:00,2021-02-22T00:00:00Z,02/21 19:00,4903,,,2021-02-22T00:00:00Z,,,,291543,,,2678249,1398191,,,,,,,,,,,32,398,3439,1398191,10449,1398191,,21,0,1a8ea98f126c539454249af4ec15c07f22a673a6,0,0,0,0,0,
20210222,NV,291145,,1103209,,totalTestEncountersViral,2667800,580,,142,,87,,,2/21/2021 00:00,2021-02-21T00:00:00Z,02/20 19:00,4882,,,2021-02-21T00:00:00Z,,,,291145,,,2667800,1394354,,,,,,,,,,,32,173,1263,1394354,4933,1394354,,10,0,bccae2b022cb6b8d5f3df4ec725017bfb3aacfb5,0,0,0,0,0,
20210221,NV,290972,,1101946,,totalTestEncountersViral,2662867,639,,145,,103,,,2/20/2021 00:00,2021-02-20T00:00:00Z,02/19 19:00,4872,,,2021-02-20T00:00:00Z,,,,290972,,,2662867,1392918,,,,,,,,,,,32,301,1807,1392918,6034,1392918,,4,0,376971ff8713d6a5189febb21e6a0705082708b9,0,0,0,0,0,
20210220,NV,290671,,1100139,,totalTestEncountersViral,2656833,639,,145,,103,,,2/19/2021 00:00,2021-02-19T00:00:00Z,02/18 19:00,4868,,,2021-02-19T00:00:00Z,,,,290671,,,2656833,1390810,,,,,,,,,,,32,371,1534,1390810,6747,1390810,,37,0,581bea857b4eb9d0da9d4d93713b388b771ba5ca,0,0,0,0,0,
20210219,NV,290300,,1098605,,totalTestEncountersViral,2650086,670,,154,,106,,,2/18/2021 00:00,2021-02-18T00:00:00Z,02/17 19:00,4831,,,2021-02-18T00:00:00Z,,,,290300,,,2650086,1388905,,,,,,,,,,,32,420,1707,1388905,7193,1388905,,26,0,aa6e6669b84cad7222fbb96b7904d4353181e09c,0,0,0,0,0,
20210218,NV,289880,,1096898,,totalTestEncountersViral,2642893,698,,173,,111,,,2/17/2021 00:00,2021-02-17T00:00:00Z,02/16 19:00,4805,,,2021-02-17T00:00:00Z,,,,289880,,,2642893,1386778,,,,,,,,,,,32,488,2366,1386778,7902,1386778,,31,0,f084a168f8a54a2ae641081339d867db4a8cc2e4,0,0,0,0,0,
20210217,NV,289392,,1094532,,totalTestEncountersViral,2634991,740,,176,,110,,,2/16/2021 00:00,2021-02-16T00:00:00Z,02/15 19:00,4774,,,2021-02-16T00:00:00Z,,,,289392,,,2634991,1383924,,,,,,,,,,,32,363,3701,1383924,8214,1383924,,41,0,09a3d435871dacc6db363eca5d967da0c95af887,0,0,0,0,0,
20210216,NV,289029,,1090831,,totalTestEncountersViral,2626777,773,,193,,113,,,2/15/2021 00:00,2021-02-15T00:00:00Z,02/14 19:00,4733,,,2021-02-15T00:00:00Z,,,,289029,,,2626777,1379860,,,,,,,,,,,32,290,3280,1379860,7971,1379860,,13,0,087680e5cfedd1980afacf56cfb9ecab32e3e6a2,0,0,0,0,0,
20210215,NV,288739,,1087551,,totalTestEncountersViral,2618806,755,,197,,117,,,2/14/2021 00:00,2021-02-14T00:00:00Z,02/13 19:00,4720,,,2021-02-14T00:00:00Z,,,,288739,,,2618806,1376290,,,,,,,,,,,32,391,1666,1376290,6386,1376290,,11,0,4d59a0f68358cecd19208995ac2f66a7d4c495ed,0,0,0,0,0,
20210214,NV,288348,,1085885,,totalTestEncountersViral,2612420,827,,201,,127,,,2/13/2021 00:00,2021-02-13T00:00:00Z,02/12 19:00,4709,,,2021-02-13T00:00:00Z,,,,288348,,,2612420,1374233,,,,,,,,,,,32,512,2147,1374233,8210,1374233,,15,0,5c786ef261709f0a15b470b4f2d8910a514f260e,0,0,0,0,0,
20210213,NV,287836,,1083738,,totalTestEncountersViral,2604210,827,,201,,127,,,2/12/2021 00:00,2021-02-12T00:00:00Z,02/11 19:00,4694,,,2021-02-12T00:00:00Z,,,,287836,,,2604210,1371574,,,,,,,,,,,32,813,3295,1371574,13564,1371574,,31,0,caa3384f4d775939961a9449782d080bdbf7fbbc,0,0,0,0,0,
20210212,NV,287023,,1080443,,totalTestEncountersViral,2590646,847,,219,,137,,,2/11/2021 00:00,2021-02-11T00:00:00Z,02/10 19:00,4663,,,2021-02-11T00:00:00Z,,,,287023,,,2590646,1367466,,,,,,,,,,,32,636,1976,1367466,7807,1367466,,26,0,b233cee36546cf504d843f831d40a90409d14887,0,0,0,0,0,
20210211,NV,286387,,1078467,,totalTestEncountersViral,2582839,879,,223,,147,,,2/10/2021 00:00,2021-02-10T00:00:00Z,02/09 19:00,4637,,,2021-02-10T00:00:00Z,,,,286387,,,2582839,1364854,,,,,,,,,,,32,592,2476,1364854,9894,1364854,,55,0,15a077dc23a451f4f5faed2ad5ec43de91b696e5,0,0,0,0,0,
20210210,NV,285795,,1075991,,totalTestEncountersViral,2572945,922,,226,,139,,,2/9/2021 00:00,2021-02-09T00:00:00Z,02/08 19:00,4582,,,2021-02-09T00:00:00Z,,,,285795,,,2572945,1361786,,,,,,,,,,,32,659,2495,1361786,8965,1361786,,23,0,e1e080f59c2d2cf0240c6090e3e70e8576ae8af3,0,0,0,0,0,
20210209,NV,285136,,1073496,,totalTestEncountersViral,2563980,971,,237,,151,,,2/8/2021 00:00,2021-02-08T00:00:00Z,02/07 19:00,4559,,,2021-02-08T00:00:00Z,,,,285136,,,2563980,1358632,,,,,,,,,,,32,546,3176,1358632,6212,1358632,,37,0,c8df82bf5d2a4e39dea3fe65e6550194b81a2f1d,0,0,0,0,0,
20210208,NV,284590,,1070320,,totalTestEncountersViral,2557768,964,,259,,147,,,2/7/2021 00:00,2021-02-07T00:00:00Z,02/06 19:00,4522,,,2021-02-07T00:00:00Z,,,,284590,,,2557768,1354910,,,,,,,,,,,32,548,1842,1354910,7702,1354910,,2,0,f6983875655743002097855289786d53c96646fc,0,0,0,0,0,
20210207,NV,284042,,1068478,,totalTestEncountersViral,2550066,983,,250,,151,,,2/6/2021 00:00,2021-02-06T00:00:00Z,02/05 19:00,4520,,,2021-02-06T00:00:00Z,,,,284042,,,2550066,1352520,,,,,,,,,,,32,651,1987,1352520,7772,1352520,,24,0,77936e0d77d28d5717531bece51db86a093ed730,0,0,0,0,0,
20210206,NV,283391,,1066491,,totalTestEncountersViral,2542294,983,,250,,151,,,2/5/2021 00:00,2021-02-05T00:00:00Z,02/04 19:00,4496,,,2021-02-05T00:00:00Z,,,,283391,,,2542294,1349882,,,,,,,,,,,32,898,2493,1349882,10408,1349882,,33,0,b233b753f44bced958c14cf902ee1e992af3d06c,0,0,0,0,0,
20210205,NV,282493,,1063998,,totalTestEncountersViral,2531886,1072,,268,,155,,,2/4/2021 00:00,2021-02-04T00:00:00Z,02/03 19:00,4463,,,2021-02-04T00:00:00Z,,,,282493,,,2531886,1346491,,,,,,,,,,,32,897,2302,1346491,9335,1346491,,39,0,ab5a7c92301f81408197a37668608411dbd7b639,0,0,0,0,0,
20210204,NV,281596,,1061696,,totalTestEncountersViral,2522551,1121,,254,,153,,,2/3/2021 00:00,2021-02-03T00:00:00Z,02/02 19:00,4424,,,2021-02-03T00:00:00Z,,,,281596,,,2522551,1343292,,,,,,,,,,,32,889,2878,1343292,11391,1343292,,51,0,bae46f683a55be1a3c74451f39ecc04a0b96a8e9,0,0,0,0,0,
20210203,NV,280707,,1058818,,totalTestEncountersViral,2511160,1145,,259,,159,,,2/2/2021 00:00,2021-02-02T00:00:00Z,02/01 19:00,4373,,,2021-02-02T00:00:00Z,,,,280707,,,2511160,1339525,,,,,,,,,,,32,750,2192,1339525,7840,1339525,,49,0,a5ff037cee339d583ee399db7cf23da83308c7a8,0,0,0,0,0,
20210202,NV,279957,,1056626,,totalTestEncountersViral,2503320,1209,,265,,182,,,2/1/2021 00:00,2021-02-01T00:00:00Z,01/31 19:00,4324,,,2021-02-01T00:00:00Z,,,,279957,,,2503320,1336583,,,,,,,,,,,32,811,1605,1336583,7250,1336583,,46,0,68b5d17555d59547d3e8aefb8540407dcd9889ef,0,0,0,0,0,
20210201,NV,279146,,1055021,,totalTestEncountersViral,2496070,1247,,290,,184,,,1/31/2021 00:00,2021-01-31T00:00:00Z,01/30 19:00,4278,,,2021-01-31T00:00:00Z,,,,279146,,,2496070,1334167,,,,,,,,,,,32,838,2204,1334167,8021,1334167,,8,0,82f088fcb5d2059ad71789471da698aec4e1b5a8,0,0,0,0,0,
20210131,NV,278308,,1052817,,totalTestEncountersViral,2488049,1242,,293,,203,,,1/30/2021 00:00,2021-01-30T00:00:00Z,01/29 19:00,4270,,,2021-01-30T00:00:00Z,,,,278308,,,2488049,1331125,,,,,,,,,,,32,959,2238,1331125,8856,1331125,,6,0,5b418ee707f55bf8aacaa90ad56e6850dd21adc2,0,0,0,0,0,
20210130,NV,277349,,1050579,,totalTestEncountersViral,2479193,1242,,293,,203,,,1/29/2021 00:00,2021-01-29T00:00:00Z,01/28 19:00,4264,,,2021-01-29T00:00:00Z,,,,277349,,,2479193,1327928,,,,,,,,,,,32,1070,2375,1327928,10512,1327928,,46,0,3c435b6e75076f0c94b7fd5a1a444a34d3604ef8,0,0,0,0,0,
20210129,NV,276279,,1048204,,totalTestEncountersViral,2468681,1290,,305,,221,,,1/28/2021 00:00,2021-01-28T00:00:00Z,01/27 19:00,4218,,,2021-01-28T00:00:00Z,,,,276279,,,2468681,1324483,,,,,,,,,,,32,1328,3310,1324483,12493,1324483,,37,0,1a5a83f19686e25773cbf097004cbc68e3b140e8,0,0,0,0,0,
20210128,NV,274951,,1044894,,totalTestEncountersViral,2456188,1322,,322,,236,,,1/27/2021 00:00,2021-01-27T00:00:00Z,01/26 19:00,4181,,,2021-01-27T00:00:00Z,,,,274951,,,2456188,1319845,,,,,,,,,,,32,1078,2731,1319845,10802,1319845,,47,0,f9d236e2e36626440a34dafbb0faa6ab7b4bd0ee,0,0,0,0,0,
20210127,NV,273873,,1042163,,totalTestEncountersViral,2445386,1400,,344,,235,,,1/26/2021 00:00,2021-01-26T00:00:00Z,01/25 19:00,4134,,,2021-01-26T00:00:00Z,,,,273873,,,2445386,1316036,,,,,,,,,,,32,1020,2195,1316036,8401,1316036,,46,0,fd50a3facdff581608387f27fa671097d92081f0,0,0,0,0,0,
20210126,NV,272853,,1039968,,totalTestEncountersViral,2436985,1462,,335,,243,,,1/25/2021 00:00,2021-01-25T00:00:00Z,01/24 19:00,4088,,,2021-01-25T00:00:00Z,,,,272853,,,2436985,1312821,,,,,,,,,,,32,956,2517,1312821,9545,1312821,,59,0,bd47dda1136375528b67bd2c7354283416b792a4,0,0,0,0,0,
20210125,NV,271897,,1037451,,totalTestEncountersViral,2427440,1441,,323,,247,,,1/24/2021 00:00,2021-01-24T00:00:00Z,01/23 19:00,4029,,,2021-01-24T00:00:00Z,,,,271897,,,2427440,1309348,,,,,,,,,,,32,990,2122,1309348,8405,1309348,,3,0,93513aca0f0cbfc84a75bbc470750185e4be1277,0,0,0,0,0,
20210124,NV,270907,,1035329,,totalTestEncountersViral,2419035,1499,,357,,258,,,1/23/2021 00:00,2021-01-23T00:00:00Z,01/22 19:00,4026,,,2021-01-23T00:00:00Z,,,,270907,,,2419035,1306236,,,,,,,,,,,32,1194,2215,1306236,9308,1306236,,15,0,8cc4fabe574de9e394dbddad134efb0070c6970c,0,0,0,0,0,
20210123,NV,269713,,1033114,,totalTestEncountersViral,2409727,1499,,357,,258,,,1/22/2021 00:00,2021-01-22T00:00:00Z,01/21 19:00,4011,,,2021-01-22T00:00:00Z,,,,269713,,,2409727,1302827,,,,,,,,,,,32,1501,2990,1302827,14585,1302827,,53,0,ae9d3f45b948a4161dec69246101abf9b623d5e8,0,0,0,0,0,
20210122,NV,268212,,1030124,,totalTestEncountersViral,2395142,1549,,359,,256,,,1/21/2021 00:00,2021-01-21T00:00:00Z,01/20 19:00,3958,,,2021-01-21T00:00:00Z,,,,268212,,,2395142,1298336,,,,,,,,,,,32,1869,2800,1298336,13359,1298336,,48,0,570ecf569169e00f88d5da969d34ff0be2d898dd,0,0,0,0,0,
20210121,NV,266343,,1027324,,totalTestEncountersViral,2381783,1640,,371,,273,,,1/20/2021 00:00,2021-01-20T00:00:00Z,01/19 19:00,3910,,,2021-01-20T00:00:00Z,,,,266343,,,2381783,1293667,,,,,,,,,,,32,1200,5312,1293667,19271,1293667,,47,0,389e4f852a67f91d2b80144b4120ae9800989a22,0,0,0,0,0,
20210120,NV,265143,,1022012,,totalTestEncountersViral,2362512,1727,,408,,287,,,1/19/2021 00:00,2021-01-19T00:00:00Z,01/18 19:00,3863,,,2021-01-19T00:00:00Z,,,,265143,,,2362512,1287155,,,,,,,,,,,32,1171,2815,1287155,12084,1287155,,71,0,263d01fd6a77d2c57c276b98da466a4c49b9a467,0,0,0,0,0,
20210119,NV,263972,,1019197,,totalTestEncountersViral,2350428,1716,,404,,289,,,1/18/2021 00:00,2021-01-18T00:00:00Z,01/17 19:00,3792,,,2021-01-18T00:00:00Z,,,,263972,,,2350428,1283169,,,,,,,,,,,32,1178,1479,1283169,11156,1283169,,8,0,2091f7aebad46cd04f325af0ead26e223912a711,0,0,0,0,0,
20210118,NV,262794,,1017718,,totalTestEncountersViral,2339272,1702,,409,,285,,,1/17/2021 00:00,2021-01-17T00:00:00Z,01/16 19:00,3784,,,2021-01-17T00:00:00Z,,,,262794,,,2339272,1280512,,,,,,,,,,,32,1221,2324,1280512,9596,1280512,,5,0,494cc60ff77c444bb556e1b8ce6f1db84faf01b0,0,0,0,0,0,
20210117,NV,261573,,1015394,,totalTestEncountersViral,2329676,1702,,409,,285,,,1/16/2021 00:00,2021-01-16T00:00:00Z,01/15 19:00,3779,,,2021-01-16T00:00:00Z,,,,261573,,,2329676,1276967,,,,,,,,,,,32,1483,2812,1276967,11816,1276967,,18,0,ee4c85eeeda63d68a45cc2d267920be904e92b13,0,0,0,0,0,
20210116,NV,260090,,1012582,,totalTestEncountersViral,2317860,1702,,409,,285,,,1/15/2021 00:00,2021-01-15T00:00:00Z,01/14 19:00,3761,,,2021-01-15T00:00:00Z,,,,260090,,,2317860,1272672,,,,,,,,,,,32,2040,3232,1272672,13733,1272672,,63,0,3c3c467a5d597a9cda59b62f48ff495a869f7dc1,0,0,0,0,0,
20210115,NV,258050,,1009350,,totalTestEncountersViral,2304127,1676,,418,,287,,,1/14/2021 00:00,2021-01-14T00:00:00Z,01/13 19:00,3698,,,2021-01-14T00:00:00Z,,,,258050,,,2304127,1267400,,,,,,,,,,,32,1878,3931,1267400,14971,1267400,,40,0,e0eb5f14283622c06476887c132369595348c208,0,0,0,0,0,
20210114,NV,256172,,1005419,,totalTestEncountersViral,2289156,1746,,410,,288,,,1/13/2021 00:00,2021-01-13T00:00:00Z,01/12 19:00,3658,,,2021-01-13T00:00:00Z,,,,256172,,,2289156,1261591,,,,,,,,,,,32,2187,4238,1261591,20465,1261591,,62,0,c8a5bee9f0bc3fbba4841e1a0e47bcc8ac87c53e,0,0,0,0,0,
20210113,NV,253985,,1001181,,totalTestEncountersViral,2268691,1784,,411,,280,,,1/12/2021 00:00,2021-01-12T00:00:00Z,01/11 19:00,3596,,,2021-01-12T00:00:00Z,,,,253985,,,2268691,1255166,,,,,,,,,,,32,1143,3693,1255166,13943,1255166,,50,0,b8e07798a8d3c6fc7dc56bff32c21cb5613ac46e,0,0,0,0,0,
20210112,NV,252842,,997488,,totalTestEncountersViral,2254748,1827,,425,,292,,,1/11/2021 00:00,2021-01-11T00:00:00Z,01/10 19:00,3546,,,2021-01-11T00:00:00Z,,,,252842,,,2254748,1250330,,,,,,,,,,,32,2593,3915,1250330,19664,1250330,,46,0,62ae57447e322213e6b08934d038c9be755e1a59,0,0,0,0,0,
20210111,NV,250249,,993573,,totalTestEncountersViral,2235084,1777,,404,,279,,,1/10/2021 00:00,2021-01-10T00:00:00Z,01/09 19:00,3500,,,2021-01-10T00:00:00Z,,,,250249,,,2235084,1243822,,,,,,,,,,,32,1681,2977,1243822,11767,1243822,,33,0,d537167834a4d0f0e2811a4cde00bd961113e58c,0,0,0,0,0,
20210110,NV,248568,,990596,,totalTestEncountersViral,2223317,1758,,407,,277,,,1/9/2021 00:00,2021-01-09T00:00:00Z,01/08 19:00,3467,,,2021-01-09T00:00:00Z,,,,248568,,,2223317,1239164,,,,,,,,,,,32,2259,3046,1239164,12541,1239164,,17,0,b625904e5be18b61c550d5f68a5098ac42198daa,0,0,0,0,0,
20210109,NV,246309,,987550,,totalTestEncountersViral,2210776,1758,,407,,277,,,1/8/2021 00:00,2021-01-08T00:00:00Z,01/07 19:00,3450,,,2021-01-08T00:00:00Z,,,,246309,,,2210776,1233859,,,,,,,,,,,32,2648,2808,1233859,12293,1233859,,56,0,8459e07acb7a947c8dba4dd8cd2d48a2542f1e75,0,0,0,0,0,
20210108,NV,243661,,984742,,totalTestEncountersViral,2198483,1874,,399,,263,,,1/7/2021 00:00,2021-01-07T00:00:00Z,01/06 19:00,3394,,,2021-01-07T00:00:00Z,,,,243661,,,2198483,1228403,,,,,,,,,,,32,2866,4666,1228403,18452,1228403,,55,0,3ce674e579b764951b8a8034e653019fa710f764,0,0,0,0,0,
20210107,NV,240795,,980076,,totalTestEncountersViral,2180031,1918,,411,,280,,,1/6/2021 00:00,2021-01-06T00:00:00Z,01/05 19:00,3339,,,2021-01-06T00:00:00Z,,,,240795,,,2180031,1220871,,,,,,,,,,,32,3402,3535,1220871,17902,1220871,,44,0,a38340cc8fe981b4591d7670a40de0b806fd576f,0,0,0,0,0,
20210106,NV,237393,,976541,,totalTestEncountersViral,2162129,1919,,411,,280,,,1/5/2021 00:00,2021-01-05T00:00:00Z,01/04 19:00,3295,,,2021-01-05T00:00:00Z,,,,237393,,,2162129,1213934,,,,,,,,,,,32,1938,3679,1213934,11391,1213934,,60,0,ed124947de0d416dd371f3f76ac52f9236d01f8f,0,0,0,0,0,
20210105,NV,235455,,972862,,totalTestEncountersViral,2150738,1867,,415,,278,,,1/4/2021 00:00,2021-01-04T00:00:00Z,01/03 19:00,3235,,,2021-01-04T00:00:00Z,,,,235455,,,2150738,1208317,,,,,,,,,,,32,2423,2568,1208317,10296,1208317,,29,0,f34f0180a9688511502c2d05002bb124a29d52b9,0,0,0,0,0,
20210104,NV,233032,,970294,,totalTestEncountersViral,2140442,1879,,423,,268,,,1/4/2021 00:00,2021-01-04T00:00:00Z,01/03 19:00,3206,,,2021-01-04T00:00:00Z,,,,233032,,,2140442,1203326,,,,,,,,,,,32,1414,23032,1203326,17649,1203326,,23,0,919d51f4948ffab4cb50a925dd9b5e1b44ae34b3,0,0,0,0,0,
20210103,NV,231618,,947262,,totalTestEncountersViral,2122793,1871,,398,,273,,,1/3/2021 00:00,2021-01-03T00:00:00Z,01/02 19:00,3183,,,2021-01-03T00:00:00Z,,,,231618,,,2122793,1178880,,,,,,,,,,,32,2747,2237,1178880,11234,1178880,,32,0,dc4907b67030a6b4900927176c7a39b24051c97a,0,0,0,0,0,
20210102,NV,228871,,945025,,totalTestEncountersViral,2111559,1871,,398,,273,,,1/2/2021 00:00,2021-01-02T00:00:00Z,01/01 19:00,3151,,,2021-01-02T00:00:00Z,,,,228871,,,2111559,1173896,,,,,,,,,,,32,1825,4212,1173896,15781,1173896,,5,0,21ad01969fbbd4114251b622415c2657613ae7d2,0,0,0,0,0,
20210101,NV,227046,,940813,,totalTestEncountersViral,2095778,1871,,398,,273,,,1/1/2021 00:00,2021-01-01T00:00:00Z,12/31 19:00,3146,,,2021-01-01T00:00:00Z,,,,227046,,,2095778,1167859,,,,,,,,,,,32,2315,2789,1167859,13824,1167859,,21,0,9fe276cbe48e8359703c855ca2db618e436334d1,0,0,0,0,0,
20201231,NV,224731,,938024,,totalTestEncountersViral,2081954,1927,,404,,278,,,12/31/2020 00:00,2020-12-31T00:00:00Z,12/30 19:00,3125,,,2020-12-31T00:00:00Z,,,,224731,,,2081954,1162755,,,,,,,,,,,32,2137,2964,1162755,13435,1162755,,59,0,f0f2445a9177a35568a7edbffe0bca6865e20fc2,0,0,0,0,0,
20201230,NV,222594,,935060,,totalTestEncountersViral,2068519,1988,,408,,282,,,12/30/2020 00:00,2020-12-30T00:00:00Z,12/29 19:00,3066,,,2020-12-30T00:00:00Z,,,,222594,,,2068519,1157654,,,,,,,,,,,32,2470,2170,1157654,11253,1157654,,47,0,fdf812e04ea5ef191120fec4eda6b409fbdd0905,0,0,0,0,0,
20201229,NV,220124,,932890,,totalTestEncountersViral,2057266,1929,,414,,282,,,12/29/2020 00:00,2020-12-29T00:00:00Z,12/28 19:00,3019,,,2020-12-29T00:00:00Z,,,,220124,,,2057266,1153014,,,,,,,,,,,32,1747,1481,1153014,9902,1153014,,46,0,d1ea81dbe50d2f389b41822f064859a7b711d974,0,0,0,0,0,
20201228,NV,218377,,931409,,totalTestEncountersViral,2047364,1899,,427,,283,,,12/28/2020 00:00,2020-12-28T00:00:00Z,12/27 19:00,2973,,,2020-12-28T00:00:00Z,,,,218377,,,2047364,1149786,,,,,,,,,,,32,868,2630,1149786,7574,1149786,,21,0,719c6ca10c10b19563319fd396522645edd53d2f,0,0,0,0,0,
20201227,NV,217509,,928779,,totalTestEncountersViral,2039790,1885,,442,,298,,,12/27/2020 00:00,2020-12-27T00:00:00Z,12/26 19:00,2952,,,2020-12-27T00:00:00Z,,,,217509,,,2039790,1146288,,,,,,,,,,,32,1856,1726,1146288,9107,1146288,,8,0,52d6cff64cd26f14ed81675f1558ebaeb08ec992,0,0,0,0,0,
20201226,NV,215653,,927053,,totalTestEncountersViral,2030683,1885,,442,,298,,,12/26/2020 00:00,2020-12-26T00:00:00Z,12/25 19:00,2944,,,2020-12-26T00:00:00Z,,,,215653,,,2030683,1142706,,,,,,,,,,,32,1589,4770,1142706,16744,1142706,,1,0,ed82375ff58a0845efe547250cafc336f2a73097,0,0,0,0,0,
20201225,NV,214064,,922283,,totalTestEncountersViral,2013939,1885,,442,,298,,,12/25/2020 00:00,2020-12-25T00:00:00Z,12/24 19:00,2943,,,2020-12-25T00:00:00Z,,,,214064,,,2013939,1136347,,,,,,,,,,,32,1853,2229,1136347,10343,1136347,,27,0,bc135f26efb7fe47a316d2cdfa203c1ee949202f,0,0,0,0,0,
20201224,NV,212211,,920054,,totalTestEncountersViral,2003596,1908,,458,,287,,,12/24/2020 00:00,2020-12-24T00:00:00Z,12/23 19:00,2916,,,2020-12-24T00:00:00Z,,,,212211,,,2003596,1132265,,,,,,,,,,,32,2249,5829,1132265,18658,1132265,,45,0,4ba79b08e13a89210c677a1c6036f650ceb95321,0,0,0,0,0,
20201223,NV,209962,,914225,,totalTestEncountersViral,1984938,2001,,460,,312,,,,,,2871,,,,,,,209962,,,1984938,1124187,,,,,,,,,,,32,2988,3502,1124187,16319,1124187,,46,0,7a1f0653685b2a01c970dfd80082e5c0ea62d710,0,0,0,0,0,
20201222,NV,206974,,910723,,totalTestEncountersViral,1968619,1996,,437,,302,,,,,,2825,,,,,,,206974,,,1968619,1117697,,,,,,,,,,,32,1090,2677,1117697,8961,1117697,,38,0,54b5fcdf432d8f0ce23b5ffd1686ea915e65d4ce,0,0,0,0,0,
20201221,NV,205884,,908046,,totalTestEncountersViral,1959658,1996,,437,,297,,,,,,2787,,,,,,,205884,,,1959658,1113930,,,,,,,,,,,32,1939,5525,1113930,18610,1113930,,6,0,9b82e70cd8af8b62f7e0f22e2d6e5e593136bdb0,0,0,0,0,0,
20201220,NV,203945,,902521,,totalTestEncountersViral,1941048,1924,,434,,286,,,,,,2781,,,,,,,203945,,,1941048,1106466,,,,,,,,,,,32,2087,2176,1106466,9995,1106466,,30,0,7c5a03859127525c8d0226d2fa684889434812c6,0,0,0,0,0,
20201219,NV,201858,,900345,,totalTestEncountersViral,1931053,1924,,434,,286,,,12/19/2020 00:00,2020-12-19T00:00:00Z,12/18 19:00,2751,,,2020-12-19T00:00:00Z,,,,201858,,,1931053,1102203,,,,,,,,,,,32,2601,2760,1102203,15005,1102203,,43,0,99ac41964eec3a89b34ed760ff7a6e0cbf2379bd,0,0,0,0,0,
20201218,NV,199257,,897585,,totalTestEncountersViral,1916048,1951,,433,,286,,,12/18/2020 00:00,2020-12-18T00:00:00Z,12/17 19:00,2708,,,2020-12-18T00:00:00Z,,,,199257,,,1916048,1096842,,,,,,,,,,,32,2878,3587,1096842,15645,1096842,,35,0,495c70bc690844f290314ec84cc0dc688028fc06,0,0,0,0,0,
20201217,NV,196379,,893998,,totalTestEncountersViral,1900403,1975,,416,,282,,,12/17/2020 00:00,2020-12-17T00:00:00Z,12/16 19:00,2673,,,2020-12-17T00:00:00Z,,,,196379,,,1900403,1090377,,,,,,,,,,,32,2281,3526,1090377,14474,1090377,,20,0,74b51741b424863453ba9ff7b96f0f62330ed6cc,0,0,0,0,0,
20201216,NV,194098,,890472,,totalTestEncountersViral,1885929,1550,,329,,247,,,12/16/2020 00:00,2020-12-16T00:00:00Z,12/15 19:00,2653,,,2020-12-16T00:00:00Z,,,,194098,,,1885929,1084570,,,,,,,,,,,32,2366,3599,1084570,19084,1084570,,57,0,57a82475681befc765b8c5d06514c17bba9b5173,0,0,0,0,0,
20201215,NV,191732,,886873,,totalTestEncountersViral,1866845,1979,,414,,258,,,12/15/2020 00:00,2020-12-15T00:00:00Z,12/14 19:00,2596,,,2020-12-15T00:00:00Z,,,,191732,,,1866845,1078605,,,,,,,,,,,32,2320,5865,1078605,21538,1078605,,48,0,6885ab4f53c1252d9db8545f228d01672ceb4545,0,0,0,0,0,
20201214,NV,189412,,881008,,totalTestEncountersViral,1845307,2025,,400,,263,,,12/14/2020 00:00,2020-12-14T00:00:00Z,12/13 19:00,2548,,,2020-12-14T00:00:00Z,,,,189412,,,1845307,1070420,,,,,,,,,,,32,2579,4328,1070420,16093,1070420,,9,0,8e24af31505f6919947aa01db462c9340101bbe5,0,0,0,0,0,
20201213,NV,186833,,876680,,totalTestEncountersViral,1829214,1823,,416,,240,,,12/13/2020 00:00,2020-12-13T00:00:00Z,12/12 19:00,2539,,,2020-12-13T00:00:00Z,,,,186833,,,1829214,1063513,,,,,,,,,,,32,2882,4011,1063513,15459,1063513,,19,0,df2f567e6549a00c06f2e855f38788f2904dbced,0,0,0,0,0,
20201212,NV,183951,,872669,,totalTestEncountersViral,1813755,1823,,416,,240,,,12/12/2020 00:00,2020-12-12T00:00:00Z,12/11 19:00,2520,,,2020-12-12T00:00:00Z,,,,183951,,,1813755,1056620,,,,,,,,,,,32,2641,5127,1056620,18322,1056620,,41,0,9b12cc6fdaab6d240f57509540d2c9c6e65ce6bb,0,0,0,0,0,
20201211,NV,181310,,867542,,totalTestEncountersViral,1795433,1854,,394,,239,,,12/11/2020 00:00,2020-12-11T00:00:00Z,12/10 19:00,2479,,,2020-12-11T00:00:00Z,,,,181310,,,1795433,1048852,,,,,,,,,,,32,2783,223,1048852,7571,1048852,,45,0,437aa1581f8e5dc23b8cfaa96e0332d148498f48,0,0,0,0,0,
20201210,NV,178527,,867319,,totalTestEncountersViral,1787862,1824,,382,,246,,,12/10/2020 00:00,2020-12-10T00:00:00Z,12/09 19:00,2434,,,2020-12-10T00:00:00Z,,,,178527,,,1787862,1045846,,,,,,,,,,,32,2193,3711,1045846,14461,1045846,,50,0,87abde3296a4f034d99b8b5f9a0a97711146178f,0,0,0,0,0,
20201209,NV,176334,,863608,,totalTestEncountersViral,1773401,1811,,371,,252,,,12/9/2020 00:00,2020-12-09T00:00:00Z,12/08 19:00,2384,,,2020-12-09T00:00:00Z,,,,176334,,,1773401,1039942,,,,,,,,,,,32,3053,3759,1039942,14295,1039942,,25,0,f630d8bd6c705446b676ec66989e01d3251fe67d,0,0,0,0,0,
20201208,NV,173281,,859849,,totalTestEncountersViral,1759106,1784,,385,,235,,,12/8/2020 00:00,2020-12-08T00:00:00Z,12/07 19:00,2359,,,2020-12-08T00:00:00Z,,,,173281,,,1759106,1033130,,,,,,,,,,,32,2694,2205,1033130,11990,1033130,,40,0,b7dd58474934ed9bba4d057179ea20482fcb22f9,0,0,0,0,0,
20201207,NV,170587,,857644,,totalTestEncountersViral,1747116,1767,,379,,227,,,12/6/2020 00:00,2020-12-06T00:00:00Z,12/05 19:00,2319,,,2020-12-06T00:00:00Z,,,,170587,,,1747116,1028231,,,,,,,,,,,32,2448,3997,1028231,13853,1028231,,4,0,9b27620f9b5071c03e06062c7d9dd5105dc0c1cc,0,0,0,0,0,
20201206,NV,168139,,853647,,totalTestEncountersViral,1733263,1789,,382,,214,,,12/6/2020 00:00,2020-12-06T00:00:00Z,12/05 19:00,2315,,,2020-12-06T00:00:00Z,,,,168139,,,1733263,1021786,,,,,,,,,,,32,2511,4379,1021786,14716,1021786,,14,0,c0dfcbe3ed3250815d26e3156bd020c2af9b3704,0,0,0,0,0,
20201205,NV,165628,,849268,,totalTestEncountersViral,1718547,1789,,382,,214,,,12/5/2020 00:00,2020-12-05T00:00:00Z,12/04 19:00,2301,,,2020-12-05T00:00:00Z,,,,165628,,,1718547,1014896,,,,,,,,,,,32,3194,7047,1014896,21653,1014896,,29,0,6a7feab679553e12c96ac5b186791586e85af4d0,0,0,0,0,0,
20201204,NV,162434,,842221,,totalTestEncountersViral,1696894,1678,,356,,204,,,12/4/2020 00:00,2020-12-04T00:00:00Z,12/03 19:00,2272,,,2020-12-04T00:00:00Z,,,,162434,,,1696894,1004655,,,,,,,,,,,32,2902,2565,1004655,14136,1004655,,23,0,6078337cedad195de41221f7831a3569eaad3454,0,0,0,0,0,
20201203,NV,159532,,839656,,totalTestEncountersViral,1682758,1645,,373,,215,,,12/3/2020 00:00,2020-12-03T00:00:00Z,12/02 19:00,2249,,,2020-12-03T00:00:00Z,,,,159532,,,1682758,999188,,,,,,,,,,,32,2536,5225,999188,17759,999188,,48,0,52ad2c1a447fc5951e70d76b0a098d2c63e24058,0,0,0,0,0,
20201202,NV,156996,,834431,,totalTestEncountersViral,1664999,1652,,352,,202,,,12/2/2020 00:00,2020-12-02T00:00:00Z,12/01 19:00,2201,,,2020-12-02T00:00:00Z,,,,156996,,,1664999,991427,,,,,,,,,,,32,2129,2542,991427,11141,991427,,35,0,868785ea9451998b702c5c703eeea22b6417c07e,0,0,0,0,0,
20201201,NV,154867,,831889,,totalTestEncountersViral,1653858,1589,,344,,198,,,12/1/2020 00:00,2020-12-01T00:00:00Z,11/30 19:00,2166,,,2020-12-01T00:00:00Z,,,,154867,,,1653858,986756,,,,,,,,,,,32,2698,4209,986756,15759,986756,,22,0,cd492a18ef730b114315e329ddd24eb0a5edbb59,0,0,0,0,0,
20201130,NV,152169,,827680,,totalTestEncountersViral,1638099,1545,,307,,190,,,11/30/2020 00:00,2020-11-30T00:00:00Z,11/29 19:00,2144,,,2020-11-30T00:00:00Z,,,,152169,,,1638099,979849,,,,,,,,,,,32,1642,2911,979849,10793,979849,,8,0,29b8faff7e3a788ccd8e168ffb07ed5026a4a208,0,0,0,0,0,
20201129,NV,150527,,824769,,totalTestEncountersViral,1627306,1460,,317,,162,,,11/29/2020 00:00,2020-11-29T00:00:00Z,11/28 19:00,2136,,,2020-11-29T00:00:00Z,,,,150257,,,1627306,975296,,,,,,,,,,,32,1298,882,975296,4490,975296,,17,0,06059f0b8f2122dd8c137f090d3753f920b987b0,0,0,0,0,0,
20201128,NV,149229,,823887,,totalTestEncountersViral,1622816,1460,,317,,162,,,11/28/2020 00:00,2020-11-28T00:00:00Z,11/27 19:00,2119,,,2020-11-28T00:00:00Z,,,,149229,,,1622816,973116,,,,,,,,,,,32,2912,4459,973116,15811,973116,,24,0,7d6c64d784b28c6531c9cc1657c5b7adc7f61cf1,0,0,0,0,0,
20201127,NV,146317,,819428,,totalTestEncountersViral,1607005,1440,,306,,162,,,11/27/2020 00:00,2020-11-27T00:00:00Z,11/26 19:00,2095,,,2020-11-27T00:00:00Z,,,,146317,,,1607005,965745,,,,,,,,,,,32,1536,5016,965745,14090,965745,,2,0,40fc322a073471d5315b5093d50a1d36e0efcdc1,0,0,0,0,0,
20201126,NV,144781,,814412,,totalTestEncountersViral,1592915,1440,,306,,162,,,11/26/2020 00:00,2020-11-26T00:00:00Z,11/25 19:00,2093,,,2020-11-26T00:00:00Z,,,,144781,,,1592915,959193,,,,,,,,,,,32,2542,5935,959193,18658,959193,,22,0,137c11504b3a4e18dd54bcfe8cf5086dbcf09644,0,0,0,0,0,
20201125,NV,142239,,808477,,totalTestEncountersViral,1574257,1414,,312,,169,,,11/25/2020 18:55,2020-11-25T18:55:00Z,11/25 13:55,2071,,,2020-11-25T18:55:00Z,,,,142239,,,1574257,950716,,,,,,,,,,,32,3159,3831,950716,15631,950716,,24,0,c62b014809f42c080f1db257475600f5c2dfe177,0,0,0,0,0,
20201124,NV,139080,,804646,,totalTestEncountersViral,1558626,1399,,296,,161,,,11/24/2020 00:00,2020-11-24T00:00:00Z,11/23 19:00,2047,,,2020-11-24T00:00:00Z,,,,139080,,,1558626,943726,,,,,,,,,,,32,2853,7285,943726,22550,943726,,24,0,7eb1cd2eccb3769d81832c021d4b5a31648359d6,0,0,0,0,0,
20201123,NV,136227,,797361,,totalTestEncountersViral,1536076,1274,,278,,163,,,11/23/2020 00:00,2020-11-23T00:00:00Z,11/22 19:00,2023,,,2020-11-23T00:00:00Z,,,,136227,,,1536076,933588,,,,,,,,,,,32,2339,5435,933588,15531,933588,,6,0,abad57071f09f5f287f40662f08008a8a33f4543,0,0,0,0,0,
20201122,NV,133888,,791926,,totalTestEncountersViral,1520545,1273,,266,,152,,,11/22/2020 00:00,2020-11-22T00:00:00Z,11/21 19:00,2017,,,2020-11-22T00:00:00Z,,,,133888,,,1520545,925814,,,,,,,,,,,32,2155,4280,925814,13481,925814,,6,0,8600bd20268c8fbcf3f1fe54938803f5c2da21df,0,0,0,0,0,
20201121,NV,131733,,787646,,totalTestEncountersViral,1507064,1273,,266,,152,,,11/21/2020 00:00,2020-11-21T00:00:00Z,11/20 19:00,2011,,,2020-11-21T00:00:00Z,,,,131733,,,1507064,919379,,,,,,,,,,,32,2019,10966,919379,28901,919379,,29,0,af517c318bc499b259ebf9b9507b99c97675f66b,0,0,0,0,0,
20201120,NV,129714,,776680,,totalTestEncountersViral,1478163,1283,,271,,151,,,11/20/2020 00:00,2020-11-20T00:00:00Z,11/19 19:00,1982,,,2020-11-20T00:00:00Z,,,,129714,,,1478163,906394,,,,,,,,,,,32,1839,1382,906394,6399,906394,,29,0,126c5e7ff5019490e6a993de46faa7597f0415fa,0,0,0,0,0,
20201119,NV,127875,,775298,,totalTestEncountersViral,1471764,1288,,261,,150,,,11/19/2020 00:00,2020-11-19T00:00:00Z,11/18 19:00,1953,,,2020-11-19T00:00:00Z,,,,127875,,,1471764,903173,,,,,,,,,,,32,2416,4986,903173,17023,903173,,6,0,56802397147a6a03973c87f95ade0550b9fc4bec,0,0,0,0,0,
20201118,NV,125459,,770312,,totalTestEncountersViral,1454741,1246,,264,,141,,,11/18/2020 00:00,2020-11-18T00:00:00Z,11/17 19:00,1947,,,2020-11-18T00:00:00Z,,,,125459,,,1454741,895771,,,,,,,,,,,32,1665,1614,895771,6918,895771,,3,0,9d6a3921e02e73d3ccaa2172296683a5301fc6e3,0,0,0,0,0,
20201117,NV,123794,,768698,,totalTestEncountersViral,1447823,1159,,237,,136,,,11/17/2020 00:00,2020-11-17T00:00:00Z,11/16 19:00,1944,,,2020-11-17T00:00:00Z,,,,123794,,,1447823,892492,,,,,,,,,,,32,1697,3636,892492,12032,892492,,27,0,3ff68eb4a62fee331d76d4e8bed4f52f8e4b8b6a,0,0,0,0,0,
20201116,NV,122097,,765062,,totalTestEncountersViral,1435791,1157,,251,,146,,,11/16/2020 00:00,2020-11-16T00:00:00Z,11/15 19:00,1917,,,2020-11-16T00:00:00Z,,,,122097,,,1435791,887159,,,,,,,,,,,32,1914,2722,887159,9709,887159,,8,0,331d274e1a19a4904cc8480734a90d527992b3b7,0,0,0,0,0,
20201115,NV,120183,,762340,,totalTestEncountersViral,1426082,1025,,243,,120,,,11/15/2020 00:00,2020-11-15T00:00:00Z,11/14 19:00,1909,,,2020-11-15T00:00:00Z,,,,120183,,,1426082,882523,,,,,,,,,,,32,1177,3508,882523,12629,882523,,1,0,ea562f849770a009d9f21c029176ff8b94e8e08b,0,0,0,0,0,
20201114,NV,119006,,758832,,totalTestEncountersViral,1413453,1025,,243,,120,,,11/14/2020 00:00,2020-11-14T00:00:00Z,11/13 19:00,1908,,,2020-11-14T00:00:00Z,,,,119006,,,1413453,877838,,,,,,,,,,,32,2269,4564,877838,25167,877838,,15,0,181b84aa9fcf9dc3363a43cefc5572d131ec5088,0,0,0,0,0,
20201113,NV,116737,,754268,,totalTestEncountersViral,1388286,985,,247,,119,,,11/13/2020 00:00,2020-11-13T00:00:00Z,11/12 19:00,1893,,,2020-11-13T00:00:00Z,,,,116737,,,1388286,871005,,,,,,,,,,,32,1857,3785,871005,12617,871005,,13,0,6718ae9bb69c0301ea7cbc2358c1594997433634,0,0,0,0,0,
20201112,NV,114880,,750483,,totalTestEncountersViral,1375669,941,,229,,115,,,11/12/2020 00:00,2020-11-12T00:00:00Z,11/11 19:00,1880,,,2020-11-12T00:00:00Z,,,,114880,,,1375669,865363,,,,,,,,,,,32,1469,4575,865363,12785,865363,,3,0,a7fd04abd8ecc7984dd174fbbf89d9b1d1a91f36,0,0,0,0,0,
20201111,NV,113411,,745908,,totalTestEncountersViral,1362884,950,,233,,107,,,11/11/2020 00:00,2020-11-11T00:00:00Z,11/10 19:00,1877,,,2020-11-11T00:00:00Z,,,,113411,,,1362884,859319,,,,,,,,,,,32,1107,3678,859319,10138,859319,,18,0,e63e5506ddab104fd3c5ac67f96c066794b258d7,0,0,0,0,0,
20201110,NV,112304,,742230,,totalTestEncountersViral,1352746,898,,231,,101,,,11/10/2020 00:00,2020-11-10T00:00:00Z,11/09 19:00,1859,,,2020-11-10T00:00:00Z,,,,112304,,,1352746,854534,,,,,,,,,,,32,1322,2271,854534,8438,854534,,7,0,f20a1f45b5227e86905804c903496d6dba2246ee,0,0,0,0,0,
20201109,NV,110982,,739959,,totalTestEncountersViral,1344308,891,,254,,100,,,11/9/2020 00:00,2020-11-09T00:00:00Z,11/08 19:00,1852,,,2020-11-09T00:00:00Z,,,,110982,,,1344308,850941,,,,,,,,,,,32,960,3733,850941,8676,850941,,1,0,2659e88838f80f01a5201376732b13cdcad50637,0,0,0,0,0,
20201108,NV,110022,,736226,,totalTestEncountersViral,1335632,826,,206,,89,,,11/8/2020 00:00,2020-11-08T00:00:00Z,11/07 19:00,1851,,,2020-11-08T00:00:00Z,,,,110022,,,1335632,846248,,,,,,,,,,,32,1276,2968,846248,9254,846248,,1,0,b0fb549277afb1f9a1e28e2f08b15bf135184ed0,0,0,0,0,0,
20201107,NV,108746,,733258,,totalTestEncountersViral,1326378,826,,206,,89,,,11/7/2020 00:00,2020-11-07T00:00:00Z,11/06 19:00,1850,,,2020-11-07T00:00:00Z,,,,108746,,,1326378,842004,,,,,,,,,,,32,1824,4766,842004,13886,842004,,5,0,87599ae8ea009b98b9dd0c55244ce5178781c3ad,0,0,0,0,0,
20201106,NV,106922,,728492,,totalTestEncountersViral,1312492,770,,183,,85,,,11/6/2020 00:00,2020-11-06T00:00:00Z,11/05 19:00,1845,,,2020-11-06T00:00:00Z,,,,106922,,,1312492,835414,,,,,,,,,,,32,1562,4279,835414,13371,835414,,21,0,1a069a4131b99fc96cb2249b388d257626b537c4,0,0,0,0,0,
20201105,NV,105360,,724213,,totalTestEncountersViral,1299121,740,,170,,75,,,11/5/2020 00:00,2020-11-05T00:00:00Z,11/04 19:00,1824,,,2020-11-05T00:00:00Z,,,,105360,,,1299121,829573,,,,,,,,,,,32,1267,4763,829573,12915,829573,,10,0,6e9c2bb07aedc1049654ea9683801d42512c422e,0,0,0,0,0,
20201104,NV,104093,,719450,,totalTestEncountersViral,1286206,696,,162,,72,,,11/4/2020 00:00,2020-11-04T00:00:00Z,11/03 19:00,1814,,,2020-11-04T00:00:00Z,,,,104093,,,1286206,823543,,,,,,,,,,,32,1068,2579,823543,8262,823543,,7,0,2063d589e5728a1c06494ed0afc992d1c4a5999c,0,0,0,0,0,
20201103,NV,103025,,716871,,totalTestEncountersViral,1277944,695,,176,,75,,,11/3/2020 00:00,2020-11-03T00:00:00Z,11/02 19:00,1807,,,2020-11-03T00:00:00Z,,,,103025,,,1277944,819896,,,,,,,,,,,32,911,2552,819896,7301,819896,,23,0,643aabe82901a4b380d1950104fa5dd682593724,0,0,0,0,0,
20201102,NV,102114,,714319,,totalTestEncountersViral,1270643,678,,182,,64,,,11/2/2020 00:00,2020-11-02T00:00:00Z,11/01 19:00,1784,,,2020-11-02T00:00:00Z,,,,102114,,,1270643,816433,,,,,,,,,,,32,635,2608,816433,7460,816433,,3,0,2418ae7d82b754b9195c576b88d38fc133036bb7,0,0,0,0,0,
20201101,NV,101479,,711711,,totalTestEncountersViral,1263183,585,,165,,58,,,11/1/2020 13:00,2020-11-01T13:00:00Z,11/01 08:00,1781,,,2020-11-01T13:00:00Z,,,,101479,,,1263183,813190,,,,,,,,,,,32,716,3987,813190,10100,813190,,4,0,c24cafe8b30aff45aa4292822692ed62394588c9,0,0,0,0,0,
20201031,NV,100763,,707724,,totalTestEncountersViral,1253083,585,,165,,58,,,10/31/2020 00:00,2020-10-31T00:00:00Z,10/30 20:00,1777,,,2020-10-31T00:00:00Z,,,,100763,,,1253083,808487,,,,,,,,,,,32,977,3925,808487,10374,808487,,0,0,f81549e07e886e4700249306bba4adfdd78a2548,0,0,0,0,0,
20201030,NV,99786,,703799,,totalTestEncountersViral,1242709,594,,163,,56,,,10/30/2020 00:00,2020-10-30T00:00:00Z,10/29 20:00,1777,,,2020-10-30T00:00:00Z,,,,99786,,,1242709,803585,,,,,,,,,,,32,1232,3735,803585,11597,803585,,8,0,70ebeb76125c27aa70800058d1c55fa344fc3b57,0,0,0,0,0,
20201029,NV,98554,,700064,,totalTestEncountersViral,1231112,594,,162,,64,,,10/29/2020 00:00,2020-10-29T00:00:00Z,10/28 20:00,1769,,,2020-10-29T00:00:00Z,,,,98554,,,1231112,798618,,,,,,,,,,,32,1075,-707,798618,3423,798618,,3,0,460d01c4609a524c33abefad34e9450c3b8f7ae3,0,0,0,0,0,
20201028,NV,97479,,700771,,totalTestEncountersViral,1227689,565,,142,,56,,,10/28/2020 00:00,2020-10-28T00:00:00Z,10/27 20:00,1766,,,2020-10-28T00:00:00Z,,,,97479,,,1227689,798250,,,,,,,,,,,32,571,2758,798250,7246,798250,,10,0,b638146f1d6db20ab10c1d979d90418a9e5754b5,0,0,0,0,0,
20201027,NV,96908,,698013,,totalTestEncountersViral,1220443,568,,144,,58,,,10/27/2020 00:00,2020-10-27T00:00:00Z,10/26 20:00,1756,,,2020-10-27T00:00:00Z,,,,96908,,,1220443,794921,,,,,,,,,,,32,730,2870,794921,8006,794921,,7,0,178938c33cdef3b924ef807adbdab6c04ea31844,0,0,0,0,0,
20201026,NV,96178,,695143,,totalTestEncountersViral,1212437,531,,148,,64,,,10/26/2020 00:00,2020-10-26T00:00:00Z,10/25 20:00,1749,,,2020-10-26T00:00:00Z,,,,96178,,,1212437,791321,,,,,,,,,,,32,475,2977,791321,7691,791321,,1,0,1f75ca8925916254d3569e85e49815c3e4fb9b3b,0,0,0,0,0,
20201025,NV,95703,,692166,,totalTestEncountersViral,1204746,493,,134,,51,,,10/25/2020 00:00,2020-10-25T00:00:00Z,10/24 20:00,1748,,,2020-10-25T00:00:00Z,,,,95703,,,1204746,787869,,,,,,,,,,,32,891,3271,787869,8635,787869,,5,0,4fd40e48d5b601c0d821c6c15dc2040bcd655866,0,0,0,0,0,
20201024,NV,94812,,688895,,totalTestEncountersViral,1196111,493,,134,,51,,,10/24/2020 00:00,2020-10-24T00:00:00Z,10/23 20:00,1743,,,2020-10-24T00:00:00Z,,,,94812,,,1196111,783707,,,,,,,,,,,32,1146,1914,783707,11042,783707,,5,0,c0c33fffd313da18dd96d81b7852043d5936f035,0,0,0,0,0,
20201023,NV,93666,,686981,,totalTestEncountersViral,1185069,493,,134,,51,,,10/23/2020 00:00,2020-10-23T00:00:00Z,10/22 20:00,1738,,,2020-10-23T00:00:00Z,,,,93666,,,1185069,780647,,,,,,,,,,,32,813,5739,780647,9655,780647,,2,0,b642b269c11865e3f7214a83c21cd4c1ffef5106,0,0,0,0,0,
20201022,NV,92853,,681242,,totalTestEncountersViral,1175414,520,,161,,53,,,10/22/2020 00:00,2020-10-22T00:00:00Z,10/21 20:00,1736,,,2020-10-22T00:00:00Z,,,,92853,,,1175414,774095,,,,,,,,,,,32,789,3693,774095,10000,774095,,4,0,18b6a25eaf5975430dda942149b75eb029c4f0f9,0,0,0,0,0,
20201021,NV,92064,,677549,,totalTestEncountersViral,1165414,535,,147,,47,,,10/21/2020 00:00,2020-10-21T00:00:00Z,10/20 20:00,1732,,,2020-10-21T00:00:00Z,,,,92064,,,1165414,769613,,,,,,,,,,,32,565,2736,769613,9385,769613,,5,0,1917fa0102978c1972ef4f1046818b373af6bf7e,0,0,0,0,0,
20201020,NV,91499,,674813,,totalTestEncountersViral,1156029,506,,141,,57,,,10/20/2020 00:00,2020-10-20T00:00:00Z,10/19 20:00,1727,,,2020-10-20T00:00:00Z,,,,91499,,,1156029,766312,,,,,,,,,,,32,656,2454,766312,28,766312,,15,0,172f8ff475ad804c92211d13e8b5e1962600eae3,0,0,0,0,0,
20201019,NV,90843,,672359,,totalTestEncountersViral,1156001,485,,148,,53,,,10/19/2020 00:00,2020-10-19T00:00:00Z,10/18 20:00,1712,,,2020-10-19T00:00:00Z,,,,90843,,,1156001,763202,,,,,,,,,,,32,582,3112,763202,1348,763202,,2,0,49e62d84d21926093d436a759b520c6df77121dd,0,0,0,0,0,
20201018,NV,90261,,669247,,totalTestEncountersViral,1154653,503,,139,,60,,,10/18/2020 00:00,2020-10-18T00:00:00Z,10/17 20:00,1710,,,2020-10-18T00:00:00Z,,,,90261,,,1154653,759508,,,,,,,,,,,32,609,3665,759508,4230,759508,,3,0,7f4b31a780fd500af95b4499f197e58cd2f8ca3b,0,0,0,0,0,
20201017,NV,89652,,665582,,totalTestEncountersViral,1150423,503,,139,,60,,,10/17/2020 00:00,2020-10-17T00:00:00Z,10/16 20:00,1707,,,2020-10-17T00:00:00Z,,,,89652,,,1150423,755234,,,,,,,,,,,32,967,6596,755234,8160,755234,,0,0,7dbc02ff951c16957fab56cff5d0f90717568681,0,0,0,0,0,
20201016,NV,88685,,658986,,totalTestEncountersViral,1142263,469,,142,,60,,,10/16/2020 00:00,2020-10-16T00:00:00Z,10/15 20:00,1707,,,2020-10-16T00:00:00Z,,,,88685,,,1142263,747671,,,,,,,,,,,32,716,1611,747671,8475,747671,,9,0,a4d9bf931beed9933d5dacc680b9fdc95e7b1bf4,0,0,0,0,0,
20201015,NV,87969,,657375,,totalTestEncountersViral,1133788,486,,142,,63,,,10/15/2020 00:00,2020-10-15T00:00:00Z,10/14 20:00,1698,,,2020-10-15T00:00:00Z,,,,87969,,,1133788,745344,,,,,,,,,,,32,655,-2729,745344,9280,745344,,7,0,85952ad652b8e9a657f545b11632e951383d143a,0,0,0,0,0,
20201014,NV,87314,,660104,,totalTestEncountersViral,1124508,519,,133,,64,,,10/14/2020 02:59,2020-10-14T02:59:00Z,10/13 22:59,1691,,,2020-10-14T02:59:00Z,1154583,,,87314,,,1124508,745810,,,,,,,,,,,32,479,3262,747418,9592,747418,,17,0,0f897dfcdb5f1b822e745d8774c319d523924f0c,0,0,0,0,0,
20201013,NV,86835,,656842,,totalTestEncountersViral,1114916,505,,130,,61,,,10/13/2020 02:59,2020-10-13T02:59:00Z,10/12 22:59,1674,,,2020-10-13T02:59:00Z,1147363,,,86835,,,1114916,741931,,,,,,,,,,,32,487,2022,743677,7424,743677,,10,0,9e692dd775492ac5c5970b1c8388f0b209f13a8f,0,0,0,0,0,
20201012,NV,86348,,654820,,totalTestEncountersViral,1107492,509,,136,,56,,,10/12/2020 02:59,2020-10-12T02:59:00Z,10/11 22:59,1664,,,2020-10-12T02:59:00Z,1143512,,,86348,,,1107492,740560,,,,,,,,,,,32,569,2295,741168,2265,741168,,3,0,1e90e761013d7f50decd215123cb7606d41e0bc3,0,0,0,0,0,
20201011,NV,85779,,652525,,totalTestEncountersViral,1105227,519,,133,,64,,,10/11/2020 02:59,2020-10-11T02:59:00Z,10/10 22:59,1661,,,2020-10-11T02:59:00Z,1135445,,,85779,,,1105227,736873,,,,,,,,,,,32,380,2981,738304,4912,738304,,2,0,8aed23daf3980557d9230adf3fa843eb39b249a4,0,0,0,0,0,
20201010,NV,85399,,649544,,totalTestEncountersViral,1100315,519,,133,,64,,,10/10/2020 02:59,2020-10-10T02:59:00Z,10/09 22:59,1659,,,2020-10-10T02:59:00Z,1128337,,,85399,,,1100315,733395,,,,,,,,,,,32,806,3903,734943,8279,734943,,2,0,3c0bfe7ff062076a57433b4bf972c26f567dd0ec,0,0,0,0,0,
20201009,NV,84593,,645641,,totalTestEncountersViral,1092036,502,,127,,63,,,10/9/2020 02:59,2020-10-09T02:59:00Z,10/08 22:59,1657,,,2020-10-09T02:59:00Z,1119083,,,84593,,,1092036,728864,,,,,,,,,,,32,766,5270,730234,9314,730234,,8,0,c22b14756b884ea2a227cef5a9366e05c8bb597c,0,0,0,0,0,
20201008,NV,83827,,640371,,totalTestEncountersViral,1082722,498,,130,,64,,,10/8/2020 02:59,2020-10-08T02:59:00Z,10/07 22:59,1649,,,2020-10-08T02:59:00Z,1101167,,,83827,,,1082722,722508,,,,,,,,,,,32,480,3209,724198,8002,724198,,13,0,680d5ea1b8e46cc0abaa604ffa4c328ca0137cfa,0,0,0,0,0,
20201007,NV,83347,,637162,,totalTestEncountersViral,1074720,495,,137,,67,,,10/7/2020 02:59,2020-10-07T02:59:00Z,10/06 22:59,1636,,,2020-10-07T02:59:00Z,1093978,,,83347,,,1074720,718853,,,,,,,,,,,32,431,1346,720509,11026,720509,,7,0,78c3aceb26503943febada8c7fe2485ae065cdbd,0,0,0,0,0,
20201006,NV,82916,,635816,,totalTestEncountersViral,1063694,485,,125,,69,,,10/6/2020 02:59,2020-10-06T02:59:00Z,10/05 22:59,1629,,,2020-10-06T02:59:00Z,1092912,,,82916,,,1063694,717439,,,,,,,,,,,32,479,1689,718732,7635,718732,,6,0,7c86a14319cd19022e410e7592edb14a836285f7,0,0,0,0,0,
20201005,NV,82437,,634127,,totalTestEncountersViral,1056059,441,,114,,64,,,10/5/2020 02:59,2020-10-05T02:59:00Z,10/04 22:59,1623,,,2020-10-05T02:59:00Z,1089057,,,82437,,,1056059,715456,,,,,,,,,,,32,337,2838,716564,2385,716564,,0,0,557d19bf41570b2393de3149ddd2cb256b751a05,0,0,0,0,0,
20201004,NV,82100,,631289,,totalTestEncountersViral,1053674,442,,140,,68,,,10/4/2020 02:59,2020-10-04T02:59:00Z,10/03 22:59,1623,,,2020-10-04T02:59:00Z,1082321,,,82100,,,1053674,712204,,,,,,,,,,,32,392,2787,713389,4767,713389,,3,0,07862c156bdfc941f161ae9b35ffe407618eb38f,0,0,0,0,0,
20201003,NV,81708,,628502,,totalTestEncountersViral,1048907,442,,140,,68,,,10/3/2020 02:59,2020-10-03T02:59:00Z,10/02 22:59,1620,,,2020-10-03T02:59:00Z,1075816,,,81708,,,1048907,708992,,,,,,,,,,,32,526,3049,710210,7341,710210,,11,0,3f79346cf86f41d0b92a899d7ea48c8ec1d6b18b,0,0,0,0,0,
20201002,NV,81182,,625453,,totalTestEncountersViral,1041566,463,,130,,73,,,10/2/2020 02:59,2020-10-02T02:59:00Z,10/01 22:59,1609,,,2020-10-02T02:59:00Z,1068802,,,81182,,,1041566,705512,,,,,,,,,,,32,772,4306,706635,8913,706635,,6,0,e80a343e29ab410c5d757ac6c2924d0bc8efed2d,0,0,0,0,0,
20201001,NV,80410,,621147,,totalTestEncountersViral,1032653,449,,125,,63,,,10/1/2020 02:59,2020-10-01T02:59:00Z,09/30 22:59,1603,,,2020-10-01T02:59:00Z,1058242,,,80410,,,1032653,700415,,,,,,,,,,,32,430,3031,701557,6366,701557,,3,0,31b1b8e165ffe2e0e333ccdd0532bb552f1beb8a,0,0,0,0,0,
20200930,NV,79980,,618116,,totalTestEncountersViral,1026287,452,,129,,70,,,9/30/2020 02:59,2020-09-30T02:59:00Z,09/29 22:59,1600,,,2020-09-30T02:59:00Z,1052436,,,79980,,,1026287,696997,,,,,,,,,,,32,385,1991,698096,8989,698096,,7,0,0e1cadbdd823343158c3f0939a7c8a289f6f8c09,0,0,0,0,0,
20200929,NV,79595,,616125,,totalTestEncountersViral,1017298,446,,136,,69,,,9/29/2020 02:59,2020-09-29T02:59:00Z,09/28 22:59,1593,,,2020-09-29T02:59:00Z,1045334,,,79595,,,1017298,694709,,,,,,,,,,,32,404,2643,695720,7032,695720,,8,0,c12c9da0af50b43a2f7f146c061bbe62c50d0399,0,0,0,0,0,
20200928,NV,79191,,613482,,totalTestEncountersViral,1010266,451,,128,,68,,,9/28/2020 02:59,2020-09-28T02:59:00Z,09/27 22:59,1585,,,2020-09-28T02:59:00Z,1040432,,,79191,,,1010266,691831,,,,,,,,,,,32,463,3254,692673,2278,692673,,0,0,443f758614c3c1ec5d1751006708350c3099e623,0,0,0,0,0,
20200927,NV,78728,,610228,,totalTestEncountersViral,1007988,442,,125,,64,,,9/27/2020 02:59,2020-09-27T02:59:00Z,09/26 22:59,1585,,,2020-09-27T02:59:00Z,1033519,,,78728,,,1007988,688073,,,,,,,,,,,32,373,2905,688956,3475,688956,,3,0,3009131b0b2fa0a6e27edaa71e08c60b3518babf,0,0,0,0,0,
20200926,NV,78355,,607323,,totalTestEncountersViral,1004513,442,,125,,64,,,9/26/2020 02:59,2020-09-26T02:59:00Z,09/25 22:59,1582,,,2020-09-26T02:59:00Z,1026486,,,78355,,,1004513,684796,,,,,,,,,,,32,602,3740,685678,7438,685678,,9,0,2c5fd867b668fdf149702342662cf7071ec46e9f,0,0,0,0,0,
20200925,NV,77753,,603583,,totalTestEncountersViral,997075,460,,130,,62,,,9/25/2020 02:59,2020-09-25T02:59:00Z,09/24 22:59,1573,,,2020-09-25T02:59:00Z,1017333,,,77753,,,997075,680480,,,,,,,,,,,32,556,5292,681336,6903,681336,,9,0,8e07a3d441a72ef5ef22f35af166fd1557df4488,0,0,0,0,0,
20200924,NV,77197,,598291,,totalTestEncountersViral,990172,468,,137,,67,,,9/24/2020 02:59,2020-09-24T02:59:00Z,09/23 22:59,1564,,,2020-09-24T02:59:00Z,1004215,,,77197,,,990172,674482,,,,,,,,,,,32,390,3174,675488,8362,675488,,8,0,ae2bf4c0c6520b0eeea4f1b99aa043ec48939e54,0,0,0,0,0,
20200923,NV,76807,,595117,,totalTestEncountersViral,981810,479,,134,,69,,,9/23/2020 02:59,2020-09-23T02:59:00Z,09/22 22:59,1556,,,2020-09-23T02:59:00Z,996307,,,76807,,,981810,670908,,,,,,,,,,,32,509,2341,671924,10629,671924,,10,0,ca483104983e8c3d713243daf31c0da5b133c699,0,0,0,0,0,
20200922,NV,76298,,592776,,totalTestEncountersViral,971181,441,,140,,75,,,9/22/2020 02:59,2020-09-22T02:59:00Z,09/21 22:59,1546,,,2020-09-22T02:59:00Z,991960,,,76298,,,971181,668264,,,,,,,,,,,32,262,2020,669074,7706,669074,,15,0,685c0574be05bfe839eb63ab46c97bd8b9975875,0,0,0,0,0,
20200921,NV,76036,,590756,,totalTestEncountersViral,963475,449,,130,,81,,,9/21/2020 02:59,2020-09-21T02:59:00Z,09/20 22:59,1531,,,2020-09-21T02:59:00Z,988019,,,76036,,,963475,666062,,,,,,,,,,,32,232,1376,666792,2104,666792,,0,0,2dec58f9ad4c5cbd6493bddfde62bee8d0439fef,0,0,0,0,0,
20200920,NV,75804,,589380,,totalTestEncountersViral,961371,443,,127,,89,,,9/20/2020 02:59,2020-09-20T02:59:00Z,09/19 22:59,1531,,,2020-09-20T02:59:00Z,984667,,,75804,,,961371,664479,,,,,,,,,,,32,385,4113,665184,3170,665184,,3,0,d7e266501451bbd29ddf6efc9d75fbc7a10a550b,0,0,0,0,0,
20200919,NV,75419,,585267,,totalTestEncountersViral,958201,443,,127,,89,,,9/19/2020 02:59,2020-09-19T02:59:00Z,09/18 22:59,1528,,,2020-09-19T02:59:00Z,975887,,,75419,,,958201,659972,,,,,,,,,,,32,323,3762,660686,7246,660686,,4,0,54a0e82ef54eb64b7072e30502aa5d60b1c64242,0,0,0,0,0,
20200918,NV,75096,,581505,,totalTestEncountersViral,950955,461,,136,,85,,,9/18/2020 02:59,2020-09-18T02:59:00Z,09/17 22:59,1524,,,2020-09-18T02:59:00Z,967840,,,75096,,,950955,655860,,,,,,,,,,,32,501,3517,656601,7788,656601,,18,0,98b4f1089a1e74d1c31ad2ee298d6bc045202a25,0,0,0,0,0,
20200917,NV,74595,,577988,,totalTestEncountersViral,943167,484,,150,,98,,,9/17/2020 02:59,2020-09-17T02:59:00Z,09/16 22:59,1506,,,2020-09-17T02:59:00Z,959839,,,74595,,,943167,651900,,,,,,,,,,,32,347,2703,652583,8095,652583,,12,0,fea36beb89002b94f94b3b83105d7c0a81e0b7a8,0,0,0,0,0,
20200916,NV,74248,,575285,,totalTestEncountersViral,935072,488,,150,,97,,,9/16/2020 02:59,2020-09-16T02:59:00Z,09/15 22:59,1494,,,2020-09-16T02:59:00Z,953155,,,74248,,,935072,648814,,,,,,,,,,,32,208,2789,649533,8746,649533,,12,0,3d121a1bc8566a1734b6988ba21a38ea254e4666,0,0,0,0,0,
20200915,NV,74040,,572496,,totalTestEncountersViral,926326,483,,154,,98,,,9/15/2020 02:59,2020-09-15T02:59:00Z,09/14 22:59,1482,,,2020-09-15T02:59:00Z,948184,,,74040,,,926326,645803,,,,,,,,,,,32,226,1439,646536,8578,646536,,26,0,091ec2c534543fa5ba821c89eca539d05b8381a3,0,0,0,0,0,
20200914,NV,73814,,571057,,totalTestEncountersViral,917748,473,,158,,99,,,9/14/2020 02:59,2020-09-14T02:59:00Z,09/13 22:59,1456,,,2020-09-14T02:59:00Z,945646,,,73814,,,917748,644335,,,,,,,,,,,32,277,2519,644871,1719,644871,,4,0,aabe212adc86e16e1abc69108505dc0f31cf6781,0,0,0,0,0,
20200913,NV,73537,,568538,,totalTestEncountersViral,916029,476,,165,,102,,,9/13/2020 02:59,2020-09-13T02:59:00Z,09/12 22:59,1452,,,2020-09-13T02:59:00Z,939865,,,73537,,,916029,641532,,,,,,,,,,,32,317,3856,642075,3115,642075,,3,0,3c3c4e4cb1718e32fd88ade4071e9fb2b694358e,0,0,0,0,0,
20200912,NV,73220,,564682,,totalTestEncountersViral,912914,476,,165,,102,,,9/12/2020 02:59,2020-09-12T02:59:00Z,09/11 22:59,1449,,,2020-09-12T02:59:00Z,931974,,,73220,,,912914,637308,,,,,,,,,,,32,414,4206,637902,7009,637902,,10,0,20b2af0ae4af661bb5ca953a27cd63a8374c56d1,0,0,0,0,0,
20200911,NV,72806,,560476,,totalTestEncountersViral,905905,476,,165,,102,,,9/11/2020 02:59,2020-09-11T02:59:00Z,09/10 22:59,1439,,,2020-09-11T02:59:00Z,922480,,,72806,,,905905,632668,,,,,,,,,,,32,260,5703,633282,7043,633282,,10,0,7b58a9f5cbfe860d09f7f3f0e0127fc7708222b5,0,0,0,0,0,
20200910,NV,72546,,554773,,totalTestEncountersViral,898862,519,,175,,112,,,9/10/2020 02:59,2020-09-10T02:59:00Z,09/09 22:59,1429,,,2020-09-10T02:59:00Z,912404,,,72546,,,898862,626590,,,,,,,,,,,32,288,2157,627319,7552,627319,,17,0,d9c5ff3ce362aff0968ef278564a2593a3d9afd0,0,0,0,0,0,
20200909,NV,72258,,552616,,totalTestEncountersViral,891310,552,,164,,110,,,9/9/2020 02:59,2020-09-09T02:59:00Z,09/08 22:59,1412,,,2020-09-09T02:59:00Z,907451,,,72258,,,891310,624152,,,,,,,,,,,32,154,668,624874,10917,624874,,19,0,5f132612135158a9a725fa4393b1277b520fcad7,0,0,0,0,0,
20200908,NV,72104,,551948,,totalTestEncountersViral,880393,538,,170,,107,,,9/8/2020 02:59,2020-09-08T02:59:00Z,09/07 22:59,1393,,,2020-09-08T02:59:00Z,905525,,,72104,,,880393,623395,,,,,,,,,,,32,137,1273,624052,2580,624052,,0,0,058d4eb6968975ced1a36ccafcb1672afe8e38f6,0,0,0,0,0,
20200907,NV,71967,,550675,,totalTestEncountersViral,877813,597,,184,,114,,,9/7/2020 02:59,2020-09-07T02:59:00Z,09/06 22:59,1393,,,2020-09-07T02:59:00Z,902801,,,71967,,,877813,621990,,,,,,,,,,,32,357,2803,622642,1458,622642,,4,0,9eed2a0250845906b68af972a39634cce2683a7c,0,0,0,0,0,
20200906,NV,71610,,547872,,totalTestEncountersViral,876355,597,,184,,114,,,9/6/2020 02:59,2020-09-06T02:59:00Z,09/05 22:59,1389,,,2020-09-06T02:59:00Z,896316,,,71610,,,876355,618850,,,,,,,,,,,32,508,5970,619482,4534,619482,,1,0,591ad80286909aa14dec406184a911f0ac9dfa07,0,0,0,0,0,
20200905,NV,71102,,541902,,totalTestEncountersViral,871821,597,,184,,114,,,9/5/2020 02:59,2020-09-05T02:59:00Z,09/04 22:59,1388,,,2020-09-05T02:59:00Z,885384,,,71102,,,871821,612405,,,,,,,,,,,32,390,3799,613004,7125,613004,,13,0,914550a0840cdb195db3a77c421435794593040b,0,0,0,0,0,
20200904,NV,70712,,538103,,totalTestEncountersViral,864696,611,,178,,112,,,9/4/2020 02:59,2020-09-04T02:59:00Z,09/03 22:59,1375,,,2020-09-04T02:59:00Z,875292,,,70712,,,864696,608181,,,,,,,,,,,32,489,3058,608815,8610,608815,,12,0,51a41ae2d756bd4dfcbcec0a04eaf327a9ef6fd5,0,0,0,0,0,
20200903,NV,70223,,535045,,totalTestEncountersViral,856086,631,,187,,117,,,9/3/2020 02:59,2020-09-03T02:59:00Z,09/02 22:59,1363,,,2020-09-03T02:59:00Z,868028,,,70223,,,856086,604692,,,,,,,,,,,32,351,2609,605268,8911,605268,,27,0,3e54ce70421036756513c123e6d0e952643bef72,0,0,0,0,0,
20200902,NV,69872,,532436,,totalTestEncountersViral,847175,675,,199,,113,,,9/2/2020 02:59,2020-09-02T02:59:00Z,09/01 22:59,1336,,,2020-09-02T02:59:00Z,862254,,,69872,,,847175,601740,,,,,,,,,,,32,239,1720,602308,8548,602308,,23,0,317bace72f0bcc3123f0bceac1eb71a15f606db2,0,0,0,0,0,
20200901,NV,69633,,530716,,totalTestEncountersViral,838627,643,,193,,119,,,9/1/2020 02:59,2020-09-01T02:59:00Z,08/31 22:59,1313,,,2020-09-01T02:59:00Z,859175,,,69633,,,838627,599812,,,,,,,,,,,32,405,2023,600349,7765,600349,,8,0,5ffbd2ec45f5e097e6c7898af297833c0871ff92,0,0,0,0,0,
20200831,NV,69228,,528693,,totalTestEncountersViral,830862,664,,196,,106,,,8/31/2020 02:59,2020-08-31T02:59:00Z,08/30 22:59,1305,,,2020-08-31T02:59:00Z,854785,,,69228,,,830862,597508,,,,,,,,,,,32,320,1916,597921,1510,597921,,3,0,1ca5101e4c0778e1d3038deecf66cf5770344ff4,0,0,0,0,0,
20200830,NV,68908,,526777,,totalTestEncountersViral,829352,675,,182,,102,,,8/30/2020 02:59,2020-08-30T02:59:00Z,08/29 22:59,1302,,,2020-08-30T02:59:00Z,850535,,,68908,,,829352,595273,,,,,,,,,,,32,447,2717,595685,3502,595685,,0,0,d41be5e3d127de54d5d813ecbd84b88987e1d3a7,0,0,0,0,0,
20200829,NV,68461,,524060,,totalTestEncountersViral,825850,675,,182,,102,,,8/29/2020 02:59,2020-08-29T02:59:00Z,08/28 22:59,1302,,,2020-08-29T02:59:00Z,844391,,,68461,,,825850,592115,,,,,,,,,,,32,609,3361,592521,5691,592521,,15,0,621dd90a739942e43608fd88a50fa2a6277528e7,0,0,0,0,0,
20200828,NV,67852,,520699,,totalTestEncountersViral,820159,707,,197,,108,,,8/28/2020 02:59,2020-08-28T02:59:00Z,08/27 22:59,1287,,,2020-08-28T02:59:00Z,837057,,,67852,,,820159,588301,,,,,,,,,,,32,632,3687,588551,6269,588551,,16,0,277f8e9ab90432282745ad973e7265610812f79f,0,0,0,0,0,
20200827,NV,67220,,517012,,totalTestEncountersViral,813890,727,,207,,110,,,8/27/2020 02:59,2020-08-27T02:59:00Z,08/26 22:59,1271,,,2020-08-27T02:59:00Z,828931,,,67220,,,813890,584007,,,,,,,,,,,32,554,2523,584232,6499,584232,,21,0,1098c9578204a08bf290af3919a2d6773c5ff8c0,0,0,0,0,0,
20200826,NV,66666,,514489,,totalTestEncountersViral,807391,761,,211,,118,,,8/26/2020 13:00,2020-08-26T13:00:00Z,08/26 09:00,1250,,,2020-08-26T13:00:00Z,823189,,,66666,,,807391,580996,,,,,,,,,,,32,253,1620,581155,7626,581155,,20,0,486537c89f63e1553bf498564ad9e219be7c12a3,0,0,0,0,0,
20200825,NV,66413,,512869,,totalTestEncountersViral,799765,772,,216,,122,,,8/25/2020 02:59,2020-08-25T02:59:00Z,08/24 22:59,1230,,,2020-08-25T02:59:00Z,819782,,,66413,,,799765,579176,,,,,,,,,,,32,403,2202,579282,5618,579282,,30,0,93985bade2bc7d944bd3b602817358f588801766,0,0,0,0,0,
20200824,NV,66010,,510667,,totalTestEncountersViral,794147,771,,229,,126,,,8/24/2020 02:59,2020-08-24T02:59:00Z,08/23 22:59,1200,,,2020-08-24T02:59:00Z,814793,,,66010,,,794147,576621,,,,,,,,,,,32,409,2039,576677,1569,576677,,3,0,09cae2ad6588e98e166cf63b9df6625b5c7dc3cc,0,0,0,0,0,
20200823,NV,65601,,508628,,totalTestEncountersViral,792578,825,,247,,138,,,8/23/2020 02:59,2020-08-23T02:59:00Z,08/22 22:59,1197,,,2020-08-23T02:59:00Z,809683,,,65601,,,792578,574119,,,,,,,,,,,32,532,3571,574229,3779,574229,,0,0,f1ea4cc05693578be9309af85e751d9632d475e1,0,0,0,0,0,
20200822,NV,65069,,505057,,totalTestEncountersViral,788799,825,,247,,138,,,8/22/2020 02:59,2020-08-22T02:59:00Z,08/21 22:59,1197,,,2020-08-22T02:59:00Z,802019,,,65069,,,788799,569960,,,,,,,,,,,32,636,3179,570126,6632,570126,,12,0,c0e71e82ae61612dc327ce1614588f0505e479e1,0,0,0,0,0,
20200821,NV,64433,,501878,,totalTestEncountersViral,782167,807,,246,,140,,,8/21/2020 02:59,2020-08-21T02:59:00Z,08/20 22:59,1185,,,2020-08-21T02:59:00Z,795264,,,64433,,,782167,566236,,,,,,,,,,,32,849,4499,566311,6447,566311,,13,0,940afeb9e0d368c2a653dbfdff445dd10bcd22a7,0,0,0,0,0,
20200820,NV,63584,,497379,,totalTestEncountersViral,775720,874,,263,,152,,,8/20/2020 02:59,2020-08-20T02:59:00Z,08/19 22:59,1172,,,2020-08-20T02:59:00Z,786344,,,63584,,,775720,560981,,,,,,,,,,,32,556,3881,560963,7724,560963,,38,0,ff4b3f330690a15ffc4b1c1f8279e81fc5f98869,0,0,0,0,0,
20200819,NV,63028,,493498,,totalTestEncountersViral,767996,867,,262,,160,,,8/19/2020 02:59,2020-08-19T02:59:00Z,08/18 22:59,1134,,,2020-08-19T02:59:00Z,769298,,,63028,,,767996,556436,,,,,,,,,,,32,389,2209,556526,9745,556526,,32,0,61d3635f71257a88ee50d3076e2c64911b889786,0,0,0,0,0,
20200818,NV,62639,,491289,,totalTestEncountersViral,758251,903,,267,,165,,,8/18/2020 02:59,2020-08-18T02:59:00Z,08/17 22:59,1102,,,2020-08-18T02:59:00Z,762714,,,62639,,,758251,553908,,,,,,,,,,,32,672,1833,553928,8280,553928,,25,0,797c26ab56277f5e418e7878ea8e377b8b93263a,0,0,0,0,0,
20200817,NV,61967,,489456,,totalTestEncountersViral,749971,869,,256,,150,,,8/17/2020 02:59,2020-08-17T02:59:00Z,08/16 22:59,1077,,,2020-08-17T02:59:00Z,759112,,,61967,,,749971,551770,,,,,,,,,,,32,662,3298,551423,2593,551423,,5,0,604a45086e61a2f25feb1f2398607c3fd441c468,0,0,0,0,0,
20200816,NV,61305,,486158,,totalTestEncountersViral,747378,941,,258,,166,,,8/16/2020 02:59,2020-08-16T02:59:00Z,08/15 22:59,1072,,,2020-08-16T02:59:00Z,752065,,,61305,,,747378,547746,,,,,,,,,,,32,697,3916,547463,4446,547463,,3,0,4f838897db6fca954d15b731fca34baf9e8b2f1b,0,0,0,0,0,
20200815,NV,60608,,482242,,totalTestEncountersViral,742932,941,,258,,166,,,8/15/2020 02:59,2020-08-15T02:59:00Z,08/14 22:59,1069,,,2020-08-15T02:59:00Z,743871,,,60608,,,742932,538202,,,,,,,,,,,32,859,3787,542850,7950,542850,,24,0,bb96397d0102325e4141ece4c4f00877d8220b62,0,0,0,0,0,
20200814,NV,59749,,478455,,totalTestEncountersViral,734982,948,,260,,166,,,8/14/2020 02:59,2020-08-14T02:59:00Z,08/13 22:59,1045,,,2020-08-14T02:59:00Z,735891,,,59749,,,734982,538202,,,,,,,,,,,32,1099,3961,538204,8324,538204,,15,0,0e0bcbcf56b72cbe51cda798453307026280468c,0,0,0,0,0,
20200813,NV,58650,,474494,,totalTestEncountersViral,726658,982,,260,,174,,,8/13/2020 02:59,2020-08-13T02:59:00Z,08/12 22:59,1030,,,2020-08-13T02:59:00Z,727283,,,58650,,,726658,533281,,,,,,,,,,,32,602,5007,533144,9083,533144,,34,0,e4dccd4a371e29301496b1789f4adab748882743,0,0,0,0,0,
20200812,NV,58048,,469487,,totalTestEncountersViral,717575,998,,268,,177,,,8/12/2020 02:59,2020-08-12T02:59:00Z,08/11 22:59,996,,,2020-08-12T02:59:00Z,717306,,,58048,,,717575,527501,,,,,,,,,,,32,528,2258,527535,8770,527535,,15,0,0351a67e94bf9fd36fe1727226b1c4c06ecae5c0,0,0,0,0,0,
20200811,NV,57520,,467229,,totalTestEncountersViral,708805,971,,257,,171,,,8/11/2020 02:59,2020-08-11T02:59:00Z,08/10 22:59,981,,,2020-08-11T02:59:00Z,712619,,,57520,,,708805,524812,,,,,,,,,,,32,548,2009,524749,6920,524749,,18,0,b63169a2eb8b65739b884c9889d168803ba2465c,0,0,0,0,0,
20200810,NV,56972,,465220,,totalTestEncountersViral,701885,1014,,266,,172,,,8/10/2020 13:00,2020-08-10T13:00:00Z,08/10 09:00,963,,,2020-08-10T13:00:00Z,708461,,,56972,,,701885,522403,,,,,,,,,,,32,742,3846,522192,1985,522192,,6,0,6985e8c54960073b794e08abd71abd0590adda24,0,0,0,0,0,
20200809,NV,56230,,461374,,totalTestEncountersViral,699900,976,,278,,173,,,8/9/2020 02:59,2020-08-09T02:59:00Z,08/08 22:59,957,,,2020-08-09T02:59:00Z,700212,,,56230,,,699900,517740,,,,,,,,,,,32,811,3774,517604,4148,517604,,8,0,68963e6ecd5c302285b946625ead1c7264f5b44b,0,0,0,0,0,
20200808,NV,55419,,457600,,totalTestEncountersViral,695752,976,,278,,173,,,8/8/2020 02:59,2020-08-08T02:59:00Z,08/07 22:59,949,,,2020-08-08T02:59:00Z,691615,,,55419,,,695752,513036,,,,,,,,,,,32,886,5135,513019,8131,513019,,29,0,4160369d5803ac07741f863a03f609186cdcef37,0,0,0,0,0,
20200807,NV,54533,,452465,,totalTestEncountersViral,687621,1035,,289,,178,,,8/7/2020 02:59,2020-08-07T02:59:00Z,08/06 22:59,920,,,2020-08-07T02:59:00Z,679482,,,54533,,,687621,506737,,,,,,,,,,,32,976,5827,506998,7453,506998,,20,0,9a6a65cef3f439726653125591d397622eb32346,0,0,0,0,0,
20200806,NV,53557,,446638,,totalTestEncountersViral,680168,1117,,307,,208,,,8/6/2020 02:59,2020-08-06T02:59:00Z,08/05 22:59,900,,,2020-08-06T02:59:00Z,666990,,,53557,,,680168,499606,,,,,,,,,,,32,729,8349,500195,8646,500195,,10,0,88f0a7bcbc189171e3302f6d239c6bfe54eb72b8,0,0,0,0,0,
20200805,NV,52828,,438289,,totalTestEncountersViral,671522,1148,,320,,214,,,8/5/2020 02:59,2020-08-05T02:59:00Z,08/04 22:59,890,,,2020-08-05T02:59:00Z,650621,,,52828,,,671522,489247,,,,,,,,,,,32,649,1381,491117,8525,491117,,28,0,f595bba3b6efe9dcec5b3a1f7f2a5599bf10e306,0,0,0,0,0,
20200804,NV,52179,,436908,,totalTestEncountersViral,662997,1146,,310,,202,,,8/4/2020 02:59,2020-08-04T02:59:00Z,08/03 22:59,862,,,2020-08-04T02:59:00Z,647677,,,52179,,,662997,487602,,,,,,,,,,,32,980,3241,489087,8103,489087,,15,0,bf025f356f64ade5068515064cec77eecf1ea4ee,0,0,0,0,0,
20200803,NV,51199,,433667,,totalTestEncountersViral,654894,1152,,326,,207,,,8/3/2020 02:59,2020-08-03T02:59:00Z,08/02 22:59,847,,,2020-08-03T02:59:00Z,641665,,,51199,,,654894,483520,,,,,,,,,,,32,994,1753,484866,2045,484866,,15,0,d62462d437ce66fc6e258131a085cb85722dad37,0,0,0,0,0,
20200802,NV,50205,,431914,,totalTestEncountersViral,652849,1165,,333,,193,,,8/2/2020 02:59,2020-08-02T02:59:00Z,08/01 22:59,832,,,2020-08-02T02:59:00Z,637026,,,50205,,,652849,481319,,,,,,,,,,,32,1131,6768,482119,3065,482119,,0,0,e150d80ca76a9861e678835cf150ada46baf3b03,0,0,0,0,0,
20200801,NV,49074,,425146,,totalTestEncountersViral,649784,1165,,333,,193,,,8/1/2020 02:59,2020-08-01T02:59:00Z,07/31 22:59,832,,,2020-08-01T02:59:00Z,624843,,,49074,,,649784,473050,,,,,,,,,,,32,986,3331,474220,7595,474220,,2,0,5b9bf66ccff9682a612144983aa9cafad0934958,0,0,0,0,0,
20200731,NV,48088,,421815,,totalTestEncountersViral,642189,1159,,333,,191,,,7/31/2020 02:59,2020-07-31T02:59:00Z,07/30 22:59,830,,,2020-07-31T02:59:00Z,616731,,,48088,,,642189,468967,,,,,,,,,,,32,1264,4994,469903,7751,469903,,29,0,68b7e2587bb19971214c19cc5378b3773718637b,0,0,0,0,0,
20200730,NV,46824,,416821,,totalTestEncountersViral,634438,1145,,327,,187,,,7/30/2020 02:59,2020-07-30T02:59:00Z,07/29 22:59,801,,,2020-07-30T02:59:00Z,607288,,,46824,,,634438,462885,,,,,,,,,,,32,1018,5242,463645,8595,463645,,21,0,95cc2f2a5dfeea1569b5180e5306ba3ed4f72fe3,0,0,0,0,0,
20200729,NV,45806,,411579,,totalTestEncountersViral,625843,1110,,325,,190,,,7/29/2020 02:59,2020-07-29T02:59:00Z,07/28 22:59,780,,,2020-07-29T02:59:00Z,596795,,,45806,,,625843,456602,,,,,,,,,,,32,870,5629,457385,8756,457385,,21,0,821f6223ddea14879b7eae9badc697829ae541d8,0,0,0,0,0,
20200728,NV,44936,,405950,,totalTestEncountersViral,617087,1147,,319,,191,,,7/28/2020 02:59,2020-07-28T02:59:00Z,07/27 22:59,759,,,2020-07-28T02:59:00Z,585736,,,44936,,,617087,449720,,,,,,,,,,,32,1105,5102,450886,8949,450886,,20,0,8d6561a2df4e31b80d28e662bbbdb3844ecf581b,0,0,0,0,0,
20200727,NV,43831,,400848,,totalTestEncountersViral,608138,1112,,310,,184,,,7/27/2020 02:59,2020-07-27T02:59:00Z,07/26 22:59,739,,,2020-07-27T02:59:00Z,575427,,,43831,,,608138,443608,,,,,,,,,,,32,997,4760,444679,2544,444679,,5,0,11c1f2bc5ae6e931ead9366e7f07f0e848fb28cb,0,0,0,0,0,
20200726,NV,42834,,396088,,totalTestEncountersViral,605594,1147,,314,,180,,,7/26/2020 02:59,2020-07-26T02:59:00Z,07/25 22:59,734,,,2020-07-26T02:59:00Z,566376,,,42834,,,605594,437808,,,,,,,,,,,32,1018,7383,438922,5465,438922,,2,0,9e012f82ed5a26011fcc9f1e2e153a340ce96d6a,0,0,0,0,0,
20200725,NV,41816,,388705,,totalTestEncountersViral,600129,1147,,314,,180,,,7/25/2020 12:15,2020-07-25T12:15:00Z,07/25 08:15,732,,,2020-07-25T12:15:00Z,552481,,,41816,,,600129,429047,,,,,,,,,,,32,931,7719,430521,10306,430521,,10,0,2ff9823e76c54c3ec80c35135197d22952c73405,0,0,0,0,0,
20200724,NV,40885,,380986,,totalTestEncountersViral,589823,1160,,315,,165,,,7/24/2020 13:00,2020-07-24T13:00:00Z,07/24 09:00,722,,,2020-07-24T13:00:00Z,537720,,,40885,,,589823,419810,,,,,,,,,,,32,966,6769,421871,10581,421871,,13,0,ac6d3147d6ecd2a75a863886e074b783ae00bd0f,0,0,0,0,0,
20200723,NV,39919,,374217,,totalTestEncountersViral,579242,1136,,306,,156,,,7/23/2020 14:50,2020-07-23T14:50:00Z,07/23 10:50,709,,,2020-07-23T14:50:00Z,526275,,,39919,,,579242,411695,,,,,,,,,,,32,1262,8566,414136,12062,414136,,5,0,60af324b1c2732ad507d433a405f3ab584a2eeb3,0,0,0,0,0,
20200722,NV,38657,,365651,,totalTestEncountersViral,567180,1102,,299,,154,,,7/22/2020 13:10,2020-07-22T13:10:00Z,07/22 09:10,704,,,2020-07-22T13:10:00Z,510978,,,38657,,,567180,401440,,,,,,,,,,,32,1129,4357,404308,11806,404308,,28,0,85d5a8d7047ed409f6d59e4ab0ae94b0fee4bc47,0,0,0,0,0,
20200721,NV,37528,,361294,,totalTestEncountersViral,555374,1095,,301,,143,,,7/21/2020 13:30,2020-07-21T13:30:00Z,07/21 09:30,676,,,2020-07-21T13:30:00Z,503464,,,37528,,,555374,396079,,,,,,,,,,,32,815,2586,398822,8821,398822,,28,0,2eecd2b2834c8ad1b91043af8c15e127e23d17fb,0,0,0,0,0,
20200720,NV,36713,,358708,,totalTestEncountersViral,546553,1086,,304,,156,,,7/20/2020 13:50,2020-07-20T13:50:00Z,07/20 09:50,648,,,2020-07-20T13:50:00Z,498739,,,36713,,,546553,392988,,,,,,,,,,,32,948,4685,395421,2720,395421,,1,0,6b9718a62acb8702fb8d2241788418f83cf29ab7,0,0,0,0,0,
20200719,NV,35765,,354023,,totalTestEncountersViral,543833,1045,,287,,149,,,7/18/2020 12:00,2020-07-18T12:00:00Z,07/18 08:00,647,,,2020-07-18T12:00:00Z,490644,,,35765,,,543833,387074,,,,,,,,,,,32,1288,5963,389788,7176,389788,,1,0,d3a7898b6e6d6b1ab5bc8d2ebee6c46d64dc5ffb,0,0,0,0,0,
20200718,NV,34477,,348060,,totalTestEncountersViral,536657,1006,,285,,150,,,7/18/2020 11:30,2020-07-18T11:30:00Z,07/18 07:30,646,,,2020-07-18T11:30:00Z,480442,,,34477,,,536657,379879,,,,,,,,,,,32,1182,4348,382537,14175,382537,,9,0,5f0258837b6f2f2457aa30c76603a8c2347c0ca9,0,0,0,0,0,
20200717,NV,33295,,343712,,totalTestEncountersViral,522482,1000,,269,,134,,,7/17/2020 13:20,2020-07-17T13:20:00Z,07/17 09:20,637,,,2020-07-17T13:20:00Z,472989,,,33295,,,522482,374547,,,,,,,,,,,32,1380,4784,377007,12783,377007,,11,0,a684a1947c320756679e84e9a0789b0c4b4d66af,0,0,0,0,0,
20200716,NV,31915,,338928,,totalTestEncountersViral,509699,1051,,251,,124,,,7/16/2020 13:30,2020-07-16T13:30:00Z,07/16 09:30,626,,,2020-07-16T13:30:00Z,465682,,,31915,,,509699,369204,,,,,,,,,,,32,1447,4971,370843,14021,370843,,8,0,e49c486aaa327d016aed1f172225bfe33e37e282,0,0,0,0,0,
20200715,NV,30468,,333957,,totalTestEncountersViral,495678,1051,,251,,124,,,7/15/2020 13:00,2020-07-15T13:00:00Z,07/15 09:00,618,,,2020-07-15T13:00:00Z,457521,,,30468,,,495678,363320,,,,,,,,,,,32,849,3396,364425,13712,364425,,6,0,5fb22a2b17127067056471e8996537d382a94d27,0,0,0,0,0,
20200714,NV,29619,,330561,,totalTestEncountersViral,481966,983,,247,,121,,,7/14/2020 12:00,2020-07-14T12:00:00Z,07/14 08:00,612,,,2020-07-14T12:00:00Z,452381,,,29619,,,481966,359315,,,,,,,,,,,32,1104,5883,360180,9678,360180,,19,0,ebe9bba87dd8eeb260e8fc373e505194fa24ba7c,0,0,0,0,0,
20200713,NV,28515,,324678,,totalTestEncountersViral,472288,953,,250,,107,,,7/13/2020 11:45,2020-07-13T11:45:00Z,07/13 07:45,593,,,2020-07-13T11:45:00Z,443136,,,28515,,,472288,352456,,,,,,,,,,,32,832,4805,353193,2652,353193,,0,0,548bb0ab0baffcf83cb4afa051d3154fd88026b5,0,0,0,0,0,
20200712,NV,27683,,319873,,totalTestEncountersViral,469636,895,,239,,114,,,7/12/2020 11:50,2020-07-12T11:50:00Z,07/12 07:50,593,,,2020-07-12T11:50:00Z,434401,,,27683,,,469636,346799,,,,,,,,,,,32,845,5478,347556,8373,347556,,1,0,3af76fb488d8ee4124e6d253c8f8ae1338c11584,0,0,0,0,0,
20200711,NV,26838,,314395,,totalTestEncountersViral,461263,918,,241,,122,,,7/10/2020 12:00,2020-07-10T12:00:00Z,07/10 08:00,592,,,2020-07-10T12:00:00Z,425027,,,26838,,,461263,340338,,,,,,,,,,,32,930,4812,341233,14654,341233,,13,0,8a056a375a5cdfe91ee05e768bba73e01ba21a64,0,0,0,0,0,
20200710,NV,25908,,309583,,totalTestEncountersViral,446609,924,,248,,111,,,7/10/2020 12:00,2020-07-10T12:00:00Z,07/10 08:00,579,,,2020-07-10T12:00:00Z,416707,,,25908,,,446609,334447,,,,,,,,,,,32,1004,4709,335491,12392,335491,,8,0,c97e52b6b8480dc4b27822b0554db6328fce5e05,0,0,0,0,0,
20200709,NV,24904,,304874,,totalTestEncountersViral,434217,935,,237,,112,,,7/9/2020 11:30,2020-07-09T11:30:00Z,07/09 07:30,571,,,2020-07-09T11:30:00Z,408611,,,24904,,,434217,328935,,,,,,,,,,,32,603,5522,329778,13894,329778,,18,0,23119f03a89261a9bcab8bb74edcf04aef635c0a,0,0,0,0,0,
20200708,NV,24301,,299352,,totalTestEncountersViral,420323,876,,233,,109,,,7/8/2020 12:00,2020-07-08T12:00:00Z,07/08 08:00,553,,,2020-07-08T12:00:00Z,396632,,,24301,,,420323,322406,,,,,,,,,,,32,516,6591,323653,12297,323653,,5,0,4b043b2d71f9341439bc02919a5fdb9e46a82ad2,0,0,0,0,0,
20200707,NV,23785,,292761,,totalTestEncountersViral,408026,849,,236,,112,,,7/7/2020 13:00,2020-07-07T13:00:00Z,07/07 09:00,548,,,2020-07-07T13:00:00Z,383856,,,23785,,,408026,314928,,,,,,,,,,,32,876,4189,316546,12815,316546,,11,0,377351e79a507b01ff35652a873ad7b6310ebc04,0,0,0,0,0,
20200706,NV,22909,,288572,,totalTestEncountersViral,395211,748,,201,,114,,,7/6/2020 12:00,2020-07-06T12:00:00Z,07/06 08:00,537,,,2020-07-06T12:00:00Z,376887,,,22909,,,395211,309995,,,,,,,,,,,32,491,3293,311481,2948,311481,,3,0,5e785dc4160c584adbdbb6614708482c2e8130c4,0,0,0,0,0,
20200705,NV,22418,,285279,,totalTestEncountersViral,392263,760,,226,,99,,,7/5/2020 11:40,2020-07-05T11:40:00Z,07/05 07:40,534,,,2020-07-05T11:40:00Z,371890,,,22418,,,392263,306086,,,,,,,,,,,32,843,5625,307697,1956,307697,,4,0,2cf7ca4612013e6ef41f2ee9c36c3901c903b75a,0,0,0,0,0,
20200704,NV,21575,,279654,,totalTestEncountersViral,390307,749,,205,,97,,,7/4/2020 11:40,2020-07-04T11:40:00Z,07/04 07:40,530,,,2020-07-04T11:40:00Z,363432,,,21575,,,390307,299786,,,,,,,,,,,32,857,6687,301229,5073,301229,,2,0,1bf596767d16d0f2e2825101a07538bb95fa5066,0,0,0,0,0,
20200703,NV,20718,,272967,,totalTestEncountersViral,385234,704,,219,,87,,,7/3/2020 11:00,2020-07-03T11:00:00Z,07/03 07:00,528,,,2020-07-03T11:00:00Z,353255,,,20718,,,385234,292132,,,,,,,,,,,32,985,7972,293685,12077,293685,,3,0,b8db0332adb7b5f4fbf4e20ec20f61283389713b,0,0,0,0,0,
20200702,NV,19733,,264995,,totalTestEncountersViral,373157,662,,196,,78,,,7/2/2020 11:00,2020-07-02T11:00:00Z,07/02 07:00,525,,,2020-07-02T11:00:00Z,341463,,,19733,,,373157,282805,,,,,,,,,,,32,632,0,284728,11463,284728,,14,0,807b4f59a02a29d8204128790767ec4543916fd6,0,0,0,0,0,
20200701,NV,19101,,264995,,totalTestEncountersViral,361694,630,,142,,74,,,7/1/2020 11:30,2020-07-01T11:30:00Z,07/01 07:30,511,,,2020-07-01T11:30:00Z,331318,,,19101,,,361694,282805,,,,,,,,,,,32,645,5883,284096,12485,284096,,4,0,c519b27eed59f15aaa2565cf92b572b6ebdcc882,0,0,0,0,0,
20200630,NV,18456,,259112,,totalTestEncountersViral,349209,593,,134,,65,,,6/30/2020 11:30,2020-06-30T11:30:00Z,06/30 07:30,507,,,2020-06-30T11:30:00Z,322944,,,18456,,,349209,275978,,,,,,,,,,,32,562,3989,277568,9795,277568,,3,0,d2ef1411a5864451eedfda2f9da157f1b79bf111,0,0,0,0,0,
20200629,NV,17894,,255123,,totalTestEncountersViral,339414,555,,124,,65,,,6/29/2020 11:30,2020-06-29T11:30:00Z,06/29 07:30,504,,,2020-06-29T11:30:00Z,314388,,,17894,,,339414,271397,,,,,,,,,,,32,734,4703,273017,2719,273017,,4,0,7493b6ec2e0ff6207f6ce19c2dc697871340f0c4,0,0,0,0,0,
20200628,NV,17160,,250420,,totalTestEncountersViral,336695,511,,122,,59,,,6/28/2020 11:30,2020-06-28T11:30:00Z,06/28 07:30,500,,,2020-06-28T11:30:00Z,307131,,,17160,,,336695,265938,,,,,,,,,,,32,821,3733,267580,6417,267580,,0,0,a11acf55c6bb346c57f8fd911ff189fa6c5124a7,0,0,0,0,0,
20200627,NV,16339,,246687,,totalTestEncountersViral,330278,503,,117,,66,,,6/27/2020 12:00,2020-06-27T12:00:00Z,06/27 08:00,500,,,2020-06-27T12:00:00Z,301815,,,16339,,,330278,261667,,,,,,,,,,,32,479,3265,263026,9806,263026,,2,0,608bb3c0d67f29acc015d02c36355f1ae2e305ac,0,0,0,0,0,
20200626,NV,15860,,243422,,totalTestEncountersViral,320472,471,,118,,59,,,6/26/2020 11:40,2020-06-26T11:40:00Z,06/26 07:40,498,,,2020-06-26T11:40:00Z,297635,,,15860,,,320472,257931,,,,,,,,,,,32,381,2731,259282,8523,259282,,3,0,0438308b8b3cb26b21a73ae82106254010cbec68,0,0,0,0,0,
20200625,NV,15479,,240691,,totalTestEncountersViral,311949,467,,98,,57,,,6/25/2020 11:30,2020-06-25T11:30:00Z,06/25 07:30,495,,,2020-06-25T11:30:00Z,293853,,,15479,,,311949,254874,,,,,,,,,,,32,887,2666,256170,8798,256170,,1,0,bf82bbb4a20c16436658b6655ce145780840ac0a,0,0,0,0,0,
20200624,NV,14592,,238025,,totalTestEncountersViral,303151,439,,96,,53,,,6/24/2020 12:00,2020-06-24T12:00:00Z,06/24 08:00,494,,,2020-06-24T12:00:00Z,289920,,,14592,,,303151,251907,,,,,,,,,,,32,595,3496,252617,8535,252617,,2,0,05e29f7db954e9bd88493c2ecf0eedf894768e8d,0,0,0,0,0,
20200623,NV,13997,,234529,,totalTestEncountersViral,294616,389,,100,,50,,,6/23/2020 11:30,2020-06-23T11:30:00Z,06/23 07:30,492,,,2020-06-23T11:30:00Z,285790,,,13997,,,294616,248033,,,,,,,,,,,32,462,3999,248526,6253,248526,,0,0,4539d9a9cd29cb0237eae9dfc4199e1649651c9e,0,0,0,0,0,
20200622,NV,13535,,230530,,totalTestEncountersViral,288363,373,,100,,46,,,6/22/2020 11:30,2020-06-22T11:30:00Z,06/22 07:30,492,,,2020-06-22T11:30:00Z,280087,,,13535,,,288363,243574,,,,,,,,,,,32,330,2044,244065,1663,244065,,0,0,a3e4942cae2856d56a5906b299508b6125b21aa9,0,0,0,0,0,
20200621,NV,13205,,228486,,totalTestEncountersViral,286700,370,,87,,49,,,6/21/2020 18:01,2020-06-21T18:01:00Z,06/21 14:01,492,,,2020-06-21T18:01:00Z,278032,,,13205,,,286700,241370,,,,,,,,,,,32,274,2454,241691,3616,241691,,1,0,c3cc1c7486199cd7d48d648ef7bca65eca827496,0,0,0,0,0,
20200620,NV,12931,,226032,,totalTestEncountersViral,283084,370,,87,,49,,,6/20/2020 11:00,2020-06-20T11:00:00Z,06/20 07:00,491,,,2020-06-20T11:00:00Z,274879,,,12931,,,283084,238674,,,,,,,,,,,32,445,4158,238963,6368,238963,,0,0,9339373c424aae7f251f3476a46e820d4eb25a08,0,0,0,0,0,
20200619,NV,12486,,221874,,totalTestEncountersViral,276716,370,,87,,49,,,6/19/2020 11:30,2020-06-19T11:30:00Z,06/19 07:30,491,,,2020-06-19T11:30:00Z,269097,,,12486,,,276716,234153,,,,,,,,,,,32,410,3154,234360,6670,234360,,2,0,206433134f4fff2c3efb7cf0243d5b99a78a0b58,0,0,0,0,0,
20200618,NV,12076,,218720,,totalTestEncountersViral,270046,357,,93,,55,,,6/18/2020 11:00,2020-06-18T11:00:00Z,06/18 07:00,489,,,2020-06-18T11:00:00Z,264568,,,12076,,,270046,230728,,,,,,,,,,,32,234,2952,230796,7094,230796,,3,0,4d133e24f6f9e7bfc8c64d1edcec023d917eb1f5,0,0,0,0,0,
20200617,NV,11842,,215768,,totalTestEncountersViral,262952,360,,96,,45,,,6/17/2020 12:00,2020-06-17T12:00:00Z,06/17 08:00,486,,,2020-06-17T12:00:00Z,260801,,,11842,,,262952,227592,,,,,,,,,,,32,184,4952,227610,5233,227610,,1,0,fc8701c5c514f2a500b4c8e1cd39326a830fbf19,0,0,0,0,0,
20200616,NV,11658,,210816,,totalTestEncountersViral,257719,349,,87,,48,,,6/16/2020 11:10,2020-06-16T11:10:00Z,06/16 07:10,485,,,2020-06-16T11:10:00Z,254799,,,11658,,,257719,222460,,,,,,,,,,,32,379,5661,222474,4329,222474,,2,0,5fa6baa2b188df0b05bd72d9c67363c25ac50dcd,0,0,0,0,0,
20200615,NV,11279,,205155,,totalTestEncountersViral,253390,346,,85,,40,,,6/15/2020 11:30,2020-06-15T11:30:00Z,06/15 07:30,483,,,2020-06-15T11:30:00Z,248498,,,11279,,,253390,216464,,,,,,,,,,,32,106,5717,216434,1383,216434,,4,0,3631cb974fec90ef303dc23808f652ca8e290bc8,0,0,0,0,0,
20200614,NV,11173,,199438,,totalTestEncountersViral,252007,332,,83,,69,,,6/14/2020 11:30,2020-06-14T11:30:00Z,06/14 07:30,479,,,2020-06-14T11:30:00Z,241729,,,11173,,,252007,210503,,,,,,,,,,,32,227,5504,210611,2473,210611,,1,0,f965291c9d8f3788b9045dab0b25fbfacdba4950,0,0,0,0,0,
20200613,NV,10946,,193934,,totalTestEncountersViral,249534,351,,81,,43,,,6/13/2020 11:30,2020-06-13T11:30:00Z,06/13 07:30,478,,,2020-06-13T11:30:00Z,235500,,,10946,,,249534,204788,,,,,,,,,,,32,270,5165,204880,5188,204880,,3,0,96d44ecde3e9656a5603972ba6d97d565ea6b6bd,0,0,0,0,0,
20200612,NV,10676,,188769,,totalTestEncountersViral,244346,328,,77,,36,,,6/12/2020 11:30,2020-06-12T11:30:00Z,06/12 07:30,475,,,2020-06-12T11:30:00Z,229273,,,10676,,,244346,199356,,,,,,,,,,,32,277,5914,199445,4759,199445,,0,0,4b4b767640a606c42b9530f83ebc4a8a3a0d7034,0,0,0,0,0,
20200611,NV,10399,,182855,,totalTestEncountersViral,239587,337,,72,,35,,,6/11/2020 12:00,2020-06-11T12:00:00Z,06/11 08:00,475,,,2020-06-11T12:00:00Z,221786,,,10399,,,239587,193170,,,,,,,,,,,32,235,5696,193254,6275,193254,,1,0,ee9e4c008ac13e45c4479cc4394a4c2a29e09fb6,0,0,0,0,0,
20200610,NV,10164,,177159,,totalTestEncountersViral,233312,359,,70,,38,,,6/10/2020 11:40,2020-06-10T11:40:00Z,06/10 07:40,474,,,2020-06-10T11:40:00Z,215087,,,10164,,,233312,187292,,,,,,,,,,,32,134,3600,187323,7074,187323,,2,0,77a96c97e6b70e94bbf982c2cf3cc4b49bcb37e2,0,0,0,0,0,
20200609,NV,10030,,173559,,totalTestEncountersViral,226238,350,,86,,41,,,6/9/2020 00:00,2020-06-09T00:00:00Z,06/08 20:00,472,,,2020-06-09T00:00:00Z,211157,,,10030,,,226238,183514,,,,,,,,,,,32,244,3342,183589,5492,183589,,3,0,aeb1f85465944b5a079158d376d715dd9d032a44,0,0,0,0,0,
20200608,NV,9786,,170217,,totalTestEncountersViral,220746,339,,74,,44,,,6/8/2020 00:00,2020-06-08T00:00:00Z,06/07 20:00,469,,,2020-06-08T00:00:00Z,206514,,,9786,,,220746,180003,,,,,,,,,,,32,137,4169,180003,992,180003,,4,0,84ca723ef3e7b3c24140a347cb05e8a5e3374fd7,0,0,0,0,0,
20200607,NV,9649,,166048,,totalTestEncountersViral,219754,348,,80,,44,,,6/7/2020 11:00,2020-06-07T11:00:00Z,06/07 07:00,465,,,2020-06-07T11:00:00Z,201608,,,9649,,,219754,175652,,,,,,,,,,,32,189,3737,175697,3060,175697,,2,0,9d86ff24df01d5b48020075b3127e47813096dad,0,0,0,0,0,
20200606,NV,9460,,162311,,totalTestEncountersViral,216694,348,,80,,44,,,6/6/2020 11:00,2020-06-06T11:00:00Z,06/06 07:00,463,,,2020-06-06T11:00:00Z,196976,,,9460,,,216694,171754,,,,,,,,,,,32,194,5470,171771,5546,171771,,3,0,5e9124792e342ced94388d884c6ee3370b3ed45b,0,0,0,0,0,
20200605,NV,9266,,156841,,totalTestEncountersViral,211148,341,,72,,47,,,6/5/2020 12:00,2020-06-05T12:00:00Z,06/05 08:00,460,,,2020-06-05T12:00:00Z,191125,,,9266,,,211148,166002,,,,,,,,,,,32,176,4508,166107,5176,166107,,0,0,69c97b0fbbb3974b0ca5aac072a5e26ac67fb15e,0,0,0,0,0,
20200604,NV,9090,,152333,,totalTestEncountersViral,205972,364,,79,,47,,,6/4/2020 12:00,2020-06-04T12:00:00Z,06/04 08:00,460,,,2020-06-04T12:00:00Z,185648,,,9090,,,205972,161304,,,,,,,,,,,32,159,5013,161423,5469,161423,,5,0,204b96fcade1bdbe1a29eba5cbd33bc9d5e63cd4,0,0,0,0,0,
20200603,NV,8931,,147320,,totalTestEncountersViral,200503,372,,84,,47,,,6/3/2020 11:30,2020-06-03T11:30:00Z,06/03 07:30,455,,,2020-06-03T11:30:00Z,180008,,,8931,,,200503,156147,,,,,,,,,,,32,101,4059,156251,6802,156251,,3,0,180ece15b501995de4a06b4b6b5fb11663e621c6,0,0,0,0,0,
20200602,NV,8830,,143261,,totalTestEncountersViral,193701,365,,88,,39,,,6/1/2020 00:00,2020-06-01T00:00:00Z,05/31 20:00,452,,,2020-06-01T00:00:00Z,176032,,,8830,,,193701,151966,,,,,,,,,,,32,142,5166,152091,5454,152091,,7,0,023d8261de54b71d328e1399d0117e9a583b93cb,0,0,0,0,0,
20200601,NV,8688,,138095,,totalTestEncountersViral,188247,361,,87,,40,,,6/1/2020 11:00,2020-06-01T11:00:00Z,06/01 07:00,445,,,2020-06-01T11:00:00Z,169813,,,8688,,,188247,146688,,,,,,,,,,,32,95,4128,146783,999,146783,,1,0,51390607bfc452826cbbabfa299d39f3835a6185,0,0,0,0,0,
20200531,NV,8593,,133967,,totalTestEncountersViral,187248,336,,71,,41,,,5/31/2020 11:30,2020-05-31T11:30:00Z,05/31 07:30,444,,,2020-05-31T11:30:00Z,165014,,,8593,,,187248,142461,,,,,,,,,,,32,98,3930,142560,3875,142560,,5,0,ce6c5044ab768ab7c851c0f83d423f9367dcbf6d,0,0,0,0,0,
20200530,NV,8495,,130037,,totalTestEncountersViral,183373,371,,92,,42,,,5/30/2020 10:30,2020-05-30T10:30:00Z,05/30 06:30,439,,,2020-05-30T10:30:00Z,160499,,,8495,,,183373,138414,,,,,,,,,,,32,145,3971,138532,7923,138532,,4,0,8e0f50f93e9ddc317f23379f8511f46db4cc3a6d,0,0,0,0,0,
20200529,NV,8350,,126066,,totalTestEncountersViral,175450,371,,92,,42,,,5/29/2020 12:30,2020-05-29T12:30:00Z,05/29 08:30,435,,,2020-05-29T12:30:00Z,155415,,,8350,,,175450,134356,,,,,,,,,,,32,142,3084,134416,6647,134416,,10,0,f5d83d49669f4f26403929f9af5afe33c4746840,0,0,0,0,0,
20200528,NV,8208,,122982,,totalTestEncountersViral,168803,439,,123,,55,,,5/28/2020 12:30,2020-05-28T12:30:00Z,05/28 08:30,425,,,2020-05-28T12:30:00Z,151938,,,8208,,,168803,131203,,,,,,,,,,,32,95,2536,131190,8213,131190,,9,0,30252689ae5882edbc9f4c956705376e597bf15d,0,0,0,0,0,
20200527,NV,8113,,120446,,totalTestEncountersViral,160590,435,,108,,48,,,5/27/2020 11:00,2020-05-27T11:00:00Z,05/27 07:00,416,,,2020-05-27T11:00:00Z,148525,,,8113,,,160590,128682,,,,,,,,,,,32,116,5076,128559,6450,128559,,4,0,08b534cd4859950e81d06566794176784dcf4e79,0,0,0,0,0,
20200526,NV,7997,,115370,,totalTestEncountersViral,154140,390,,91,,46,,,5/26/2020 12:00,2020-05-26T12:00:00Z,05/26 08:00,412,,,2020-05-26T12:00:00Z,142833,,,7997,,,154140,123319,,,,,,,,,,,32,118,8518,123367,1799,123367,,2,0,07e9c1a18c12e8f30365a074544b5062f6d967ff,0,0,0,0,0,
20200525,NV,7879,,106852,,totalTestEncountersViral,152341,380,,91,,45,,,5/25/2020 10:25,2020-05-25T10:25:00Z,05/25 06:25,410,,,2020-05-25T10:25:00Z,133508,,,7879,,,152341,114704,,,,,,,,,,,32,109,4341,114731,1289,114731,,2,0,bee264e04a7b0a2f2b55d4446fa1e4b02a88ed6f,0,0,0,0,0,
20200524,NV,7770,,102511,,totalTestEncountersViral,151052,373,,92,,51,,,5/24/2020 10:00,2020-05-24T10:00:00Z,05/24 06:00,408,,,2020-05-24T10:00:00Z,128803,,,7770,,,151052,110260,,,,,,,,,,,32,74,3160,110281,2775,110281,,4,0,7f9c05e9ffc0080a391009c276110cbbdedf8d05,0,0,0,0,0,
20200523,NV,7696,,99351,,totalTestEncountersViral,148277,402,,99,,53,,,5/23/2020 13:00,2020-05-23T13:00:00Z,05/23 09:00,404,,,2020-05-23T13:00:00Z,125394,,,7696,,,148277,107047,,,,,,,,,,,32,295,6811,107047,7015,107047,,4,0,3d04c161d3f72c5e8556c53d789188e1c8eb58a7,0,0,0,0,0,
20200522,NV,7401,,92540,,totalTestEncountersViral,141262,404,,90,,51,,,5/22/2020 09:30,2020-05-22T09:30:00Z,05/22 05:30,400,,,2020-05-22T09:30:00Z,117606,,,7401,,,141262,99941,,,,,,,,,,,32,146,5413,99941,7241,99941,,3,0,b9b4dcdc2ebc551176b10dcea308733b8eff6c90,0,0,0,0,0,
20200521,NV,7255,,87127,,totalTestEncountersViral,134021,410,,92,,52,,,5/21/2020 10:30,2020-05-21T10:30:00Z,05/21 06:30,397,,,2020-05-21T10:30:00Z,111323,,,7255,,,134021,94382,,,,,,,,,,,32,89,3122,94382,7912,94382,,4,0,069d000433bbafca1e10e47c1c58fabf398bac92,0,0,0,0,0,
20200520,NV,7166,,84005,,totalTestEncountersViral,126109,437,,107,,60,,,5/20/2020 09:00,2020-05-20T09:00:00Z,05/20 05:00,393,,,2020-05-20T09:00:00Z,107666,,,7166,,,126109,91171,,,,,,,,,,,32,120,3496,91171,7055,91171,,3,0,1084b47ba2bb4231695184f413d9108241eab891,0,0,0,0,0,
20200519,NV,7046,,80509,,totalTestEncountersViral,119054,405,,106,,54,,,5/19/2020 10:00,2020-05-19T10:00:00Z,05/19 06:00,390,,,2020-05-19T10:00:00Z,103703,,,7046,,,119054,87555,,,,,,,,,,,32,140,5583,87555,6265,87555,,7,0,6fe1f74a7627c05d1486defc04334a0c593b74f4,0,0,0,0,0,
20200518,NV,6906,,74926,,totalTestEncountersViral,112789,423,,105,,65,,,5/18/2020 11:00,2020-05-18T11:00:00Z,05/18 07:00,383,,,2020-05-18T11:00:00Z,97094,,,6906,,,112789,81832,,,,,,,,,,,32,49,1146,81832,2625,81832,,8,0,e336940f8930e9bc2daf109f8c0d2f5723bf98e1,0,0,0,0,0,
20200517,NV,6857,,73780,,totalTestEncountersViral,110164,423,,105,,65,,,5/17/2020 11:00,2020-05-17T11:00:00Z,05/17 07:00,375,,,2020-05-17T11:00:00Z,95954,,,6857,,,110164,80637,,,,,,,,,,,32,148,6778,80637,3901,80637,,6,0,5448d3f7a3634ab34fdcf4f2821a99c53481012c,0,0,0,0,0,
20200516,NV,6709,,67002,,totalTestEncountersViral,106263,423,,105,,65,,,5/16/2020 12:00,2020-05-16T12:00:00Z,05/16 08:00,369,,,2020-05-16T12:00:00Z,89454,,,6709,,,106263,73664,,,,,,,,,,,32,95,1470,73711,7361,73711,,1,0,55a0415761feb0128101b40891dd9a5387d8289d,0,0,0,0,0,
20200515,NV,6614,,65532,,totalTestEncountersViral,98902,425,,115,,73,,,5/15/2020 12:00,2020-05-15T12:00:00Z,05/15 08:00,368,,,2020-05-15T12:00:00Z,85791,,,6614,,,98902,72146,,,,,,,,,,,32,115,2547,72146,6721,72146,,10,0,952107433b324b63c91df3f27fe9dd2c122a04b5,0,0,0,0,0,
20200514,NV,6499,,62985,,totalTestEncountersViral,92181,515,,126,,75,,,5/14/2020 12:00,2020-05-14T12:00:00Z,05/14 08:00,358,,,2020-05-14T12:00:00Z,82993,,,6499,,,92181,66672,,,,,,,,,,,32,105,2707,69484,6230,69484,,3,0,403c01c07f404054efa04320f818cdf9f347dca6,0,0,0,0,0,
20200513,NV,6394,,60278,,totalTestEncountersViral,85951,522,,121,,64,,,5/13/2020 12:30,2020-05-13T12:30:00Z,05/13 08:30,355,,,2020-05-13T12:30:00Z,79735,,,6394,,,85951,64075,,,,,,,,,,,32,83,2514,66672,6908,66672,,5,0,8ab9a2d5eb8104df90667fb81cb320b799a969e6,0,0,0,0,0,
20200512,NV,6311,,57764,,totalTestEncountersViral,79043,522,,121,,64,,,5/12/2020 12:30,2020-05-12T12:30:00Z,05/12 08:30,350,,,2020-05-12T12:30:00Z,76914,,,6311,,,79043,,,,,,,,,,,,32,159,3832,64075,6319,64075,,6,0,1d8f351d7798759afef7b15c9cf9e1c6c035c079,0,0,0,0,0,
20200511,NV,6152,,53932,,totalTestEncountersViral,72724,482,,117,,60,,,5/11/2020 13:30,2020-05-11T13:30:00Z,05/11 09:30,344,,,2020-05-11T13:30:00Z,72970,,,6152,,,72724,,,,,,,,,,,,32,54,1221,60084,1228,60084,,5,0,4a9847e0be78e2672624eb892a9fa3fb518ad729,0,0,0,0,0,
20200510,NV,6098,,52711,,totalTestEncountersViral,71496,444,,116,,65,,,5/10/2020 12:30,2020-05-10T12:30:00Z,05/10 08:30,339,,,2020-05-10T12:30:00Z,71603,,,6098,,,71496,,,,,,,,,,,,32,70,2628,58809,2256,58809,,5,0,4dda90a16b27f5695770163895267e24253652e7,0,0,0,0,0,
20200509,NV,6028,,50083,,totalTestEncountersViral,69240,,,,,,,,5/9/2020 12:00,2020-05-09T12:00:00Z,05/09 08:00,334,,,2020-05-09T12:00:00Z,68366,,,6028,,,69240,,,,,,,,,,,,32,144,2623,56111,3799,56111,,6,0,fcb90651e5f06ede0647b96ad9f13adabfaeb42f,0,0,0,0,0,
20200508,NV,5884,,47460,,totalTestEncountersViral,65441,,,,,,,,5/8/2020 12:50,2020-05-08T12:50:00Z,05/08 08:50,328,,,2020-05-08T12:50:00Z,65544,,,5884,,,65441,,,,,,,,,,,,32,118,1869,53344,3780,53344,,8,0,383d86b7219498b3f515abd0d5f4ff98a50645e9,0,0,0,0,0,
20200507,NV,5766,,45591,,totalTestEncountersViral,61661,,,,,,,,5/7/2020 12:40,2020-05-07T12:40:00Z,05/07 08:40,320,,,2020-05-07T12:40:00Z,63708,,,5766,,,61661,,,,,,,,,,,,32,103,1979,51357,2568,51357,,9,0,54cd311959bcc9819a6796377e0d16a105f26613,0,0,0,0,0,
20200506,NV,5663,,43612,,totalTestEncountersViral,59093,,,,,,,,5/6/2020 12:40,2020-05-06T12:40:00Z,05/06 08:40,311,,,2020-05-06T12:40:00Z,61090,,,5663,,,59093,,,,,,,,,,,,32,69,1322,49275,2693,49275,,14,0,5074d289d094064154230bf74e5388ea033f93b6,0,0,0,0,0,
20200505,NV,5594,,42290,,totalTestEncountersViral,56400,,,,,,,,5/5/2020 10:00,2020-05-05T10:00:00Z,05/05 06:00,297,,,2020-05-05T10:00:00Z,59437,,,5594,,,56400,,,,,,,,,,,,32,103,1615,47884,2041,47884,,5,0,41264c9bc5d2176c63aab9eb66399e64f2ce4a46,0,0,0,0,0,
20200504,NV,5491,,40675,,totalTestEncountersViral,54359,,,,,,,,5/4/2020 11:00,2020-05-04T11:00:00Z,05/04 07:00,292,,,2020-05-04T11:00:00Z,57274,,,5491,,,54359,,,,,,,,,,,,32,68,832,46166,921,46166,,5,0,25da3344879b3915bdfd5cb50c8bf8ced977aa03,0,0,0,0,0,
20200503,NV,5423,,39843,,totalTestEncountersViral,53438,,,,,,,,5/3/2020 10:00,2020-05-03T10:00:00Z,05/03 06:00,287,,,2020-05-03T10:00:00Z,56107,,,5423,,,53438,,,,,,,,,,,,32,112,767,45266,1087,45266,,6,0,ec114ffac9dbb0550cfd52e4d788f0a6f0769d4f,0,0,0,0,0,
20200502,NV,5311,,39076,,totalTestEncountersViral,52351,,,,,,,,5/2/2020 10:00,2020-05-02T10:00:00Z,05/02 06:00,281,,,2020-05-02T10:00:00Z,54918,,,5311,,,52351,,,,,,,,,,,,32,84,708,44387,1879,44387,,4,0,674a9194648b2dd0fe1fb1bb1b0ae5ab945696f2,0,0,0,0,0,
20200501,NV,5227,,38368,,totalTestEncountersViral,50472,,,,,,,,5/1/2020 10:00,2020-05-01T10:00:00Z,05/01 06:00,277,,,2020-05-01T10:00:00Z,53984,,,5227,,,50472,,,,,,,,,,,,32,229,1380,43595,1544,43595,,8,0,533892b3dd062343460906b8aaf7dabb6c8e1d38,0,0,0,0,0,
20200430,NV,4998,,36988,,totalTestEncountersViral,48928,,,,,,,,4/30/2020 10:00,2020-04-30T10:00:00Z,04/30 06:00,269,,,2020-04-30T10:00:00Z,51761,,,4998,,,48928,,,,,,,,,,,,32,100,858,41986,1574,41986,,12,0,80b736a093cdff6a49a6448a897c96f63969f9d1,0,0,0,0,0,
20200429,NV,4898,,36130,,totalTestEncountersViral,47354,,,,,,,,4/29/2020 10:00,2020-04-29T10:00:00Z,04/29 06:00,257,,,2020-04-29T10:00:00Z,50526,,,4898,,,47354,,,,,,,,,,,,32,93,816,41028,1265,41028,,6,0,4f433fc7a67fc6ef2956dbe1438604a6ee34efd5,0,0,0,0,0,
20200428,NV,4805,,35314,,totalTestEncountersViral,46089,,,,,,,,4/28/2020 10:00,2020-04-28T10:00:00Z,04/28 06:00,251,,,2020-04-28T10:00:00Z,49475,,,4805,,,46089,,,,,,,,,,,,32,115,1191,40119,1482,40119,,6,0,6e80372e55b3e3ec9a1e6c6148820f8e8e14ee14,0,0,0,0,0,
20200427,NV,4690,,34123,,totalTestEncountersViral,44607,,,,,,,,4/27/2020 10:00,2020-04-27T10:00:00Z,04/27 06:00,245,,,2020-04-27T10:00:00Z,47821,,,4690,,,44607,,,,,,,,,,,,32,88,539,38813,499,38813,,10,0,8be88180ce29b2a05926659c8b3e48bd0263ef07,0,0,0,0,0,
20200426,NV,4602,,33584,,totalTestEncountersViral,44108,,,,,,,,4/26/2020 12:00,2020-04-26T12:00:00Z,04/26 08:00,235,,,2020-04-26T12:00:00Z,46965,,,4602,,,44108,,,,,,,,,,,,32,63,915,38186,718,38186,,6,0,09fb50bdd1328d36887f467effac8ea276e45d7d,0,0,0,0,0,
20200425,NV,4539,,32669,,totalTestEncountersViral,43390,,,,,,,,4/25/2020 10:00,2020-04-25T10:00:00Z,04/25 06:00,229,,,2020-04-25T10:00:00Z,45885,,,4539,,,43390,,,,,,,,,,,,32,141,875,37208,1116,37208,,13,0,0e1adbc1538b992e67ed404d7081374ae487688b,0,0,0,0,0,
20200424,NV,4398,,31794,,totalTestEncountersViral,42274,,,,,,,,4/24/2020 10:00,2020-04-24T10:00:00Z,04/24 06:00,216,,,2020-04-24T10:00:00Z,44487,,,4398,,,42274,,,,,,,,,,,,32,190,1253,36192,917,36192,,6,0,52139ae08b42b3c9d00e2aa8a924b7521f671e34,0,0,0,0,0,
20200423,NV,4208,,30541,,totalTestEncountersViral,41357,,,,,,,,4/23/2020 20:00,2020-04-23T20:00:00Z,04/23 16:00,210,,,2020-04-23T20:00:00Z,42709,,,4208,,,41357,,,,,,,,,,,,32,127,734,34749,1042,34749,,9,0,9e929062de0aaf53581a83e3afc79eaf5b09753e,0,0,0,0,0,
20200422,NV,4081,,29807,,totalTestEncountersViral,40315,,,,,,,,4/22/2020 10:00,2020-04-22T10:00:00Z,04/22 06:00,201,,,2020-04-22T10:00:00Z,41534,,,4081,,,40315,,,,,,,,,,,,32,144,689,33888,2489,33888,,8,0,06edb0b65dcaa89d381ab9ee9f09ca7fc34589ec,0,0,0,0,0,
20200421,NV,3937,,29118,,totalTestEncountersViral,37826,,,,,,,,4/21/2020 10:00,2020-04-21T10:00:00Z,04/21 06:00,193,,,2020-04-21T10:00:00Z,40464,,,3937,,,37826,,,,,,,,,,,,32,107,601,33055,1361,33055,,13,0,9eb5fd260a10f8a6bd25b2823c7a373157895320,0,0,0,0,0,
20200420,NV,3830,,28517,,totalTestEncountersViral,36465,,,,,,,,4/20/2020 10:00,2020-04-20T10:00:00Z,04/20 06:00,180,,,2020-04-20T10:00:00Z,39528,,,3830,,,36465,,,,,,,,,,,,32,102,647,32347,458,32347,,8,0,fba00f4d43bd71bbddbbd1e59aa6cc9a0c6abf0e,0,0,0,0,0,
20200419,NV,3728,,27870,,totalTestEncountersViral,36007,,,,,,,,4/19/2020 11:00,2020-04-19T11:00:00Z,04/19 07:00,172,,,2020-04-19T11:00:00Z,38668,,,3728,,,36007,,,,,,,,,,,,32,102,745,31598,810,31598,,4,0,3fb2c0e7fa68dd53fc00b43ee3efedf2abb7a55d,0,0,0,0,0,
20200418,NV,3626,,27125,,totalTestEncountersViral,35197,,,,,,,,4/18/2020 10:00,2020-04-18T10:00:00Z,04/18 06:00,168,,,2020-04-18T10:00:00Z,37398,,,3626,,,35197,,,,,,,,,,,,32,102,887,30751,1316,30751,,6,0,e2e6c265ed770c2ed5bc613907163b93486cd01f,0,0,0,0,0,
20200417,NV,3524,,26238,,totalTestEncountersViral,33881,,,,,,,,4/17/2020 10:00,2020-04-17T10:00:00Z,04/17 06:00,162,,,2020-04-17T10:00:00Z,35955,,,3524,,,33881,,,,,,,,,,,,32,203,1108,29762,1135,29762,,4,0,9468c6af569cd8f27afe87869f3c0a33f70aea3f,0,0,0,0,0,
20200416,NV,3321,,25130,,totalTestEncountersViral,32746,,,,,,,,4/16/2020 19:00,2020-04-16T19:00:00Z,04/16 15:00,158,,,2020-04-16T19:00:00Z,34504,,,3321,,,32746,,,,,,,,,,,,32,110,686,28451,1470,28451,,8,0,ad1b9d293b1cec9e5f3e11fcd155bd6abcdee517,0,0,0,0,0,
20200415,NV,3211,,24444,,totalTestEncountersViral,31276,,,,,,,,4/15/2020 12:00,2020-04-15T12:00:00Z,04/15 08:00,150,,,2020-04-15T12:00:00Z,33437,,,3211,,,31276,,,,,,,,,,,,32,123,871,27655,1035,27655,,9,0,c59d505b1c5dd603c4bb947dbbd3aaa2163b6034,0,0,0,0,0,
20200414,NV,3088,,23573,,totalTestEncountersViral,30241,,,,,,,,4/14/2020 18:00,2020-04-14T18:00:00Z,04/14 14:00,141,,,2020-04-14T18:00:00Z,32178,,,3088,,,30241,,,,,,,,,,,,32,117,1080,26661,1263,26661,,8,0,5a81f13e63d9cd08c7ceb5313fef446b377c921a,0,0,0,0,0,
20200413,NV,2971,,22493,,totalTestEncountersViral,28978,,,,,,,,4/13/2020 10:00,2020-04-13T10:00:00Z,04/13 06:00,133,,,2020-04-13T10:00:00Z,30628,,,2971,,,28978,,,,,,,,,,,,32,135,718,25464,387,25464,,5,0,f2baa681c33e9a20670601a12a3f7cbd82b2fa83,0,0,0,0,0,
20200412,NV,2836,,21775,,totalTestEncountersViral,28591,282,,,,,,,4/12/2020 10:30,2020-04-12T10:30:00Z,04/12 06:30,128,,,2020-04-12T10:30:00Z,29579,,,2836,,,28591,,,,,,,,,,,,32,136,888,24611,815,24611,,3,0,1bb7be71889b1e4aadb85de74ae9ca8d43421008,0,0,0,0,0,
20200411,NV,2700,,20887,,totalTestEncountersViral,27776,282,,,,,,,4/11/2020 10:30,2020-04-11T10:30:00Z,04/11 06:30,125,,,2020-04-11T10:30:00Z,28335,,,2700,,,27776,,,,,,,,,,,,32,116,722,23587,1239,23587,,5,0,a6d8478f643eb8e4d7407a4113dd0136d4d1e0c1,0,0,0,0,0,
20200410,NV,2584,,20165,,totalTestEncountersViral,26537,282,,,,,,,4/10/2020 10:30,2020-04-10T10:30:00Z,04/10 06:30,120,,,2020-04-10T10:30:00Z,27286,,,2584,,,26537,,,,,,,,,,,,32,128,850,22749,1141,22749,,10,0,3ac1490ae474f4db8e4561db415fc5c8c2551907,0,0,0,0,0,
20200409,NV,2456,,19315,,totalTestEncountersViral,25396,282,,,,,,,4/9/2020 09:30,2020-04-09T09:30:00Z,04/09 05:30,110,,,2020-04-09T09:30:00Z,26074,,,2456,,,25396,,,,,,,,,,,,32,138,1067,21771,1245,21771,,9,0,2da1f8882187507cf0d4d02e7e88fff6997bdd92,0,0,0,0,0,
20200408,NV,2318,,18248,,totalTestEncountersViral,24151,282,,,,,,,4/8/2020 15:00,2020-04-08T15:00:00Z,04/08 11:00,101,,,2020-04-08T15:00:00Z,24634,,,2318,,,24151,,,,,,,,,,,,32,231,1696,20566,1081,20566,,10,0,1aeb8f6f6f5f02d820729ad11188e290900937f9,0,0,0,0,0,
20200407,NV,2087,,16552,,totalTestEncountersViral,23070,282,,,,,,,4/7/2020 10:00,2020-04-07T10:00:00Z,04/07 06:00,91,,,2020-04-07T10:00:00Z,21818,,,2087,,,23070,,,,,,,,,,,,32,134,876,18639,1328,18639,,12,0,e2871fc1622c15482acfdd0ea0a395a73d381a47,0,0,0,0,0,
20200406,NV,1953,,15676,,totalTestEncountersViral,21742,,,,,,,,4/6/2020 10:00,2020-04-06T10:00:00Z,04/06 06:00,79,,,2020-04-06T10:00:00Z,20756,,,1953,,,21742,,,,,,,,,,,,32,117,681,17629,536,17629,,3,0,ede267cc9f5fe48326e566c42f445e17f4c64ed7,0,0,0,0,0,
20200405,NV,1836,,14995,,totalTestEncountersViral,21206,,,,,,,,4/5/2020 09:30,2020-04-05T09:30:00Z,04/05 05:30,76,,,2020-04-05T09:30:00Z,19908,,,1836,,,21206,,,,,,,,,,,,32,94,574,16831,849,16831,,6,0,b49b0184f478d26b27a22de8de2858ed5941a4f3,0,0,0,0,0,
20200404,NV,1742,,14421,,totalTestEncountersViral,20357,,,,,,,,4/4/2020 09:30,2020-04-04T09:30:00Z,04/04 05:30,70,,,2020-04-04T09:30:00Z,19199,,,1742,,,20357,,,,,,,,,,,,32,228,1403,16163,1458,16163,,11,0,c169bd0227c59638d9b1989daaf6b0863ef9602f,0,0,0,0,0,
20200403,NV,1514,,13018,,totalTestEncountersViral,18899,,,,,,,,4/3/2020 09:30,2020-04-03T09:30:00Z,04/03 05:30,59,,,2020-04-03T09:30:00Z,17441,,,1514,,,18899,,,,,,,,,,,,32,56,430,14532,1276,14532,,8,0,1c69ecd45fd569162c3234953fc3fc2c8fdfb133,0,0,0,0,0,
20200402,NV,1458,,12588,,totalTestEncountersViral,17623,,,,,,,,4/2/2020 09:30,2020-04-02T09:30:00Z,04/02 05:30,51,,,2020-04-02T09:30:00Z,16704,,,1458,,,17623,,,,,,,,,,,,32,179,1069,14046,1548,14046,,6,0,140dd2a261ed4876a30da772bbad4450c6fbbfa8,0,0,0,0,0,
20200401,NV,1279,,11519,,totalTestEncountersViral,16075,,,,,,,,4/1/2020 09:30,2020-04-01T09:30:00Z,04/01 05:30,45,,,2020-04-01T09:30:00Z,15301,,,1279,,,16075,,,,,,,,,,,,32,166,838,12798,1249,12798,,8,0,247c41dc358ef0ccafe584168852847e960b8fd8,0,0,0,0,0,
20200331,NV,1113,,10681,,totalTestEncountersViral,14826,,,,,,,,3/31/2020 09:30,2020-03-31T09:30:00Z,03/31 05:30,37,,,2020-03-31T09:30:00Z,14144,,,1113,,,14826,,,,,,,,,,,,32,117,474,11794,1250,11794,,5,0,661f32dd6c578b25c6ef2b4b384c4d21f443f77e,0,0,0,0,0,
20200330,NV,996,,10207,,totalTestEncountersViral,13576,,,,,,,,3/30/2020 12:00,2020-03-30T12:00:00Z,03/30 08:00,32,,,2020-03-30T12:00:00Z,13349,,,996,,,13576,,,,,,,,,,,,32,258,1795,11203,455,11203,,4,0,4e612d2f3e6d6e62b6a0eb46b3052d6ad4335fe3,0,0,0,0,0,
20200329,NV,738,,8412,,totalTestEncountersViral,13121,,,,,,,,3/28/2020 21:00,2020-03-28T21:00:00Z,03/28 17:00,28,,,2020-03-28T21:00:00Z,10781,,,738,,,13121,,,,,,,,,,,,32,117,511,9150,560,9150,,3,0,6f6ec83e1c1f0a0df2880ab6570c2d930e04559f,0,0,0,0,0,
20200328,NV,621,,7901,,totalTestEncountersViral,12561,,,,,,,,3/27/2020 22:00,2020-03-27T22:00:00Z,03/27 18:00,25,,,2020-03-27T22:00:00Z,9973,,,621,,,12561,,,,,,,,,,,,32,86,1740,8522,1196,8522,,4,0,20fa66e05d5ccd76835d5a41d079bc26b75bd530,0,0,0,0,0,
20200327,NV,535,,6161,,totalTestEncountersViral,11365,,,,,,,,3/26/2020 23:00,2020-03-26T23:00:00Z,03/26 19:00,21,,,2020-03-26T23:00:00Z,8128,,,535,,,11365,,,,,,,,,,,,32,115,1464,6696,1190,6696,,4,0,0ff2dea58d8345b1de52918282040c1367a8760b,0,0,0,0,0,
20200326,NV,420,,4697,,totalTestEncountersViral,10175,,,,,,,,3/26/2020 11:00,2020-03-26T11:00:00Z,03/26 07:00,17,,,2020-03-26T11:00:00Z,6144,,,420,,,10175,,,,,,,,,,,,32,99,446,5117,1058,5117,,4,0,314f68f7be7ae5606d0ffbfc7354695d8a46a5d0,0,0,0,0,0,
20200325,NV,321,,4251,,totalTestEncountersViral,9117,,,,,,,,3/25/2020 02:59,2020-03-25T02:59:00Z,03/24 22:59,13,,,2020-03-25T02:59:00Z,5550,,,321,,,9117,,,,,,,,,,,,32,43,297,4572,845,4572,,0,0,8ff16e4353897f7df2f73a10398d605f6a7bbd3f,0,0,0,0,0,
20200324,NV,278,,3954,,totalTestEncountersViral,8272,,,,,,,,3/23/2020 14:59,2020-03-23T14:59:00Z,03/23 10:59,13,,,2020-03-23T14:59:00Z,4033,,,278,,,8272,,,,,,,,,,,,32,88,464,4232,722,4232,,5,0,bc51e70941eb6ffe09694b88ed54a75a02f1f41e,0,0,0,0,0,
20200323,NV,190,,3490,,totalTestEncountersViral,7550,,,,,,,,3/22/2020 14:59,2020-03-22T14:59:00Z,03/22 10:59,8,,,2020-03-22T14:59:00Z,2909,,,190,,,7550,,,,,,,,,,,,32,36,1042,3680,309,3680,,1,0,8597320f4a2084b7d214d333c2a68c89b36c6348,0,0,0,0,0,
20200322,NV,154,,2448,,totalTestEncountersViral,7241,,,,,,,,3/21/2020 14:00,2020-03-21T14:00:00Z,03/21 10:00,7,,,2020-03-21T14:00:00Z,2878,,,154,,,7241,,,,,,,,,,,,32,30,64,2602,488,2602,,2,0,cb6262d282bf76312a0f12a99bcd1dd5fe8c1b80,0,0,0,0,0,
20200321,NV,124,,2384,,totalTestEncountersViral,6753,,,,,,,,3/21/2020 02:59,2020-03-21T02:59:00Z,03/20 22:59,5,,,2020-03-21T02:59:00Z,,,,124,,,6753,,,,,,,,,,,,32,15,392,2508,888,2508,,2,0,43a394d4bc54c25f802efa275456ba0290146b31,0,0,0,0,0,
20200320,NV,109,,1992,,totalTestEncountersViral,5865,,,,,,,,3/20/2020 02:59,2020-03-20T02:59:00Z,03/19 22:59,3,,,2020-03-20T02:59:00Z,,,,109,,,5865,,,,,,,,,,,,32,8,366,2101,846,2101,,0,0,b661faacce2c5da9d5fce707ef29f4db3d3b3559,0,0,0,0,0,
20200319,NV,101,,1626,,totalTestEncountersViral,5019,,,,,,,,3/19/2020 00:00,2020-03-19T00:00:00Z,03/18 20:00,3,,,2020-03-19T00:00:00Z,,,,101,,,5019,,,,,,,,,,,,32,23,1458,1727,973,1727,,1,0,ef869ec947724457567f9ed73d877d0899fbbd2d,0,0,0,0,0,
20200318,NV,78,,168,,totalTestEncountersViral,4046,,,,,,,,3/17/2020 15:00,2020-03-17T15:00:00Z,03/17 11:00,2,,,2020-03-17T15:00:00Z,,,,78,,,4046,,,,,,,,,,,,32,5,0,246,1056,246,,1,0,15fc1a2eff5d1eaf47c95dc9ddeeadd08a63a0f6,0,0,0,0,0,
20200317,NV,73,,168,,totalTestEncountersViral,2990,,,,,,,,3/17/2020 15:00,2020-03-17T15:00:00Z,03/17 11:00,1,,,2020-03-17T15:00:00Z,,,,73,,,2990,,,,,,,,,,,,32,10,0,241,913,241,,0,0,bc1c1ea564931f1452ebaa27bf70f6603925857c,0,0,0,0,0,
20200316,NV,63,,168,,totalTestEncountersViral,2077,,,,,,,,3/16/2020 15:16,2020-03-16T15:16:00Z,03/16 11:16,1,,,2020-03-16T15:16:00Z,,,,63,,,2077,,,,,,,,,,,,32,18,0,231,408,231,,0,0,52c6de4df764ae383144a03e68752d0e7e1ea0b5,0,0,0,0,0,
20200315,NV,45,,168,164,totalTestEncountersViral,1669,,,,,,,,3/14/2020 17:05,2020-03-14T17:05:00Z,03/14 13:05,1,,,2020-03-14T17:05:00Z,,,,45,,,1669,,,,,,,,,,,,32,11,0,377,424,213,,1,0,b78db578515e069e4f4b1e1a0ad60b0c1144c8f0,0,0,0,0,0,
20200314,NV,34,,168,,totalTestEncountersViral,1245,,,,,,,,3/14/2020 12:33,2020-03-14T12:33:00Z,03/14 08:33,0,,,2020-03-14T12:33:00Z,,,,34,,,1245,,,,,,,,,,,,32,12,0,202,444,202,,0,0,47d547a755ff49682fa71c50a28e201319612fc8,0,0,0,0,0,
20200313,NV,22,,168,,totalTestEncountersViral,801,,,,,,,,3/12/2020 21:27,2020-03-12T21:27:00Z,03/12 17:27,0,,,2020-03-12T21:27:00Z,,,,22,,,801,,,,,,,,,,,,32,10,0,190,347,190,,0,0,e396163c920f79fa841c0d6a57398c1c7c706c67,0,0,0,0,0,
20200312,NV,12,,168,,totalTestEncountersViral,454,,,,,,,,3/10/2020 16:00,2020-03-10T16:00:00Z,03/10 12:00,0,,,2020-03-10T16:00:00Z,,,,12,,,454,,,,,,,,,,,,32,3,0,180,146,180,,0,0,d0582fdd95c7675a469c9c430b7efa3c1020eef5,0,0,0,0,0,
20200311,NV,9,,168,,totalTestEncountersViral,308,,,,,,,,,,,0,,,,,,,9,,,308,,,,,,,,,,,,32,4,154,177,107,177,,0,0,9d7c76739f82a5faca98364154d4d87805128ef3,0,0,0,0,0,
20200310,NV,5,,14,,totalTestEncountersViral,201,,,,,,,,,,,0,,,,,,,5,,,201,,,,,,,,,,,,32,0,0,19,75,19,,0,0,a9ea5b7642557d28e197bf74567d9290b827af07,0,0,0,0,0,
20200309,NV,5,,14,,totalTestEncountersViral,126,,,,,,,,,,,0,,,,,,,5,,,126,,,,,,,,,,,,32,1,0,19,23,19,,0,0,7bb18c38da3b1593743f3abf023d6f66e6288db2,0,0,0,0,0,
20200308,NV,4,,14,,totalTestEncountersViral,103,,,,,,,,,,,0,,,,,,,4,,,103,,,,,,,,,,,,32,0,0,18,30,18,,0,0,7edbae6b61227f018a5da7c2c3610c898598d4ca,0,0,0,0,0,
20200307,NV,4,,14,,totalTestEncountersViral,73,,,,,,,,,,,0,,,,,,,4,,,73,,,,,,,,,,,,32,1,0,18,25,18,,0,0,46f8f21d12bf8fb335a0e97248513d4661dfecf4,0,0,0,0,0,
20200306,NV,3,,14,,totalTestEncountersViral,48,,,,,,,,,,,0,,,,,,,3,0,,48,,,,,,,,,,,,32,2,0,17,16,17,,0,0,9d35401af74f212769a851111599a9fd54abac93,0,0,0,0,0,
20200305,NV,1,,14,,totalTestEncountersViral,32,,,,,,,,,,,0,,,,,,,1,,,32,,,,,,,,,,,,32,0,0,15,0,15,,0,0,d4fe16784adccb99c3c35f7ef122dafee0735253,0,0,0,0,0,
