date,state,positive,negative,pending,hospitalizedCurrently,hospitalizedCumulative,inIcuCurrently,inIcuCumulative,onVentilatorCurrently,onVentilatorCumulative,recovered,dataQualityGrade,lastUpdateEt,dateModified,checkTimeEt,death,hospitalized,dateChecked,totalTestsViral,positiveTestsViral,negativeTestsViral,positiveCasesViral,deathConfirmed,deathProbable,fips,positiveIncrease,negativeIncrease,total,totalTestResults,totalTestResultsIncrease,posNeg,deathIncrease,hospitalizedIncrease,hash,commercialScore,negativeRegularScore,negativeScore,positiveScore,score,grade
20200805,NY,418225,5808210,,564,89995,134,,69,,73410,A,8/4/2020 23:59,2020-08-04T23:59:00Z,08/04 19:59,25179,89995,2020-08-04T23:59:00Z,,,,418225,,,36,636,72032,6226435,6226435,72668,6226435,4,0,f16995e7aabcaff873da5e93b8a73ad31635634b,0,0,0,0,0,
20200804,NY,417589,5736178,,568,89995,139,,69,,73326,A,8/3/2020 23:59,2020-08-03T23:59:00Z,08/03 19:59,25175,89995,2020-08-03T23:59:00Z,,,,417589,,,36,746,70247,6153767,6153767,70993,6153767,3,0,84b8716ddeb6ddfb438768ef19c62856846e73f3,0,0,0,0,0,
20200803,NY,416843,5665931,,536,89995,136,,62,,73279,A,8/2/2020 23:59,2020-08-02T23:59:00Z,08/02 19:59,25172,89995,2020-08-02T23:59:00Z,,,,416843,,,36,545,51294,6082774,6082774,51839,6082774,2,0,d34a46fc8547c1b30fcb63dc21256c4256878091,0,0,0,0,0,
20200802,NY,416298,5614637,,556,89995,143,,71,,73222,A,8/1/2020 23:59,2020-08-01T23:59:00Z,08/01 19:59,25170,89995,2020-08-01T23:59:00Z,,,,416298,,,36,531,58430,6030935,6030935,58961,6030935,6,0,cef9e33c1f6c3908cf41497cae4b3b0f4bfe4647,0,0,0,0,0,
20200801,NY,415767,5556207,,581,89995,147,,72,,73134,A,7/31/2020 15:35,2020-07-31T15:35:00Z,07/31 11:35,25164,89995,2020-07-31T15:35:00Z,,,,415767,,,36,753,81984,5971974,5971974,82737,5971974,14,0,13d69d7c8754f16ba59c0271c7c397a7a4f9e6b3,0,0,0,0,0,
20200731,NY,415014,5474223,,576,89995,140,,70,,73055,A,7/30/2020 23:59,2020-07-30T23:59:00Z,07/30 19:59,25150,89995,2020-07-30T23:59:00Z,,,,415014,,,36,644,68225,5889237,5889237,68869,5889237,5,0,89f5c71095bcb06a4bf60874085ad795851241a5,0,0,0,0,0,
20200730,NY,414370,5405998,,586,89995,142,,72,,72973,A,7/29/2020 23:59,2020-07-29T23:59:00Z,07/29 19:59,25145,89995,2020-07-29T23:59:00Z,,,,414370,,,36,777,72769,5820368,5820368,73546,5820368,13,0,2e7475f115f5497f3e2898794033f24f0ff64d65,0,0,0,0,0,
20200729,NY,413593,5333229,,619,89995,154,,76,,72900,A,7/28/2020 23:59,2020-07-28T23:59:00Z,07/28 19:59,25132,89995,2020-07-28T23:59:00Z,,,,413593,,,36,715,61561,5746822,5746822,62276,5746822,6,0,f4272e9e03d634e49f9acc9e7fac2e8d910e0b3c,0,0,0,0,0,
20200728,NY,412878,5271668,,648,89995,152,,81,,72813,A,7/27/2020 23:59,2020-07-27T23:59:00Z,07/27 19:59,25126,89995,2020-07-27T23:59:00Z,,,,412878,,,36,534,56863,5684546,5684546,57397,5684546,9,0,22a9246b7112266f2e409cb34510bbf5830a62d0,0,0,0,0,0,
20200727,NY,412344,5214805,,642,89995,149,,84,,72766,A,7/26/2020 23:59,2020-07-26T23:59:00Z,07/26 19:59,25117,89995,2020-07-26T23:59:00Z,,,,412344,,,36,608,56662,5627149,5627149,57270,5627149,11,0,31ca85a97d40394808e44580abdc796dd1e491a7,0,0,0,0,0,
20200726,NY,411736,5158143,,637,89995,155,,90,,72716,A,7/25/2020 23:59,2020-07-25T23:59:00Z,07/25 19:59,25106,89995,2020-07-25T23:59:00Z,,,,411736,,,36,536,53032,5569879,5569879,53568,5569879,3,0,69c3f944ccbd4e297d31f6b8122798bb4851e0e7,0,0,0,0,0,
20200725,NY,411200,5105111,,646,89995,149,,94,,72632,A,7/24/2020 23:59,2020-07-24T23:59:00Z,07/24 19:59,25103,89995,2020-07-24T23:59:00Z,,,,411200,,,36,750,70716,5516311,5516311,71466,5516311,13,0,638030b1b45a96c826f5552c3639754488ae2c6f,0,0,0,0,0,
20200724,NY,410450,5034395,,650,89995,156,,93,,72552,A,7/23/2020 23:59,2020-07-23T23:59:00Z,07/23 19:59,25090,89995,2020-07-23T23:59:00Z,,,,410450,,,36,753,75754,5444845,5444845,76507,5444845,9,0,abad21b59b0911462e5e65e921c4cb586d5c6911,0,0,0,0,0,
20200723,NY,409697,4958641,,706,89995,160,,93,,72466,A,7/22/2020 23:59,2020-07-22T23:59:00Z,07/22 19:59,25081,89995,2020-07-22T23:59:00Z,,,,409697,,,36,811,68887,5368338,5368338,69698,5368338,13,0,9f959ea5bfa04d2e19be36d33bc75c5fd7c3dd34,0,0,0,0,0,
20200722,NY,408886,4889754,,714,89995,179,,96,,72386,A,7/21/2020 23:59,2020-07-21T23:59:00Z,07/21 19:59,25068,89995,2020-07-21T23:59:00Z,,,,408886,,,36,705,66954,5298640,5298640,67659,5298640,10,0,1c4050d0e507d38717c106df8ccdec78cf975d33,0,0,0,0,0,
20200721,NY,408181,4822800,,724,89995,163,,91,,72302,A,7/20/2020 23:59,2020-07-20T23:59:00Z,07/20 19:59,25058,89995,2020-07-20T23:59:00Z,,,,408181,,,36,855,65314,5230981,5230981,66169,5230981,2,0,f0c81740e063ec93c0416fb03d7339a17997ffda,0,0,0,0,0,
20200720,NY,407326,4757486,,716,89995,158,,93,,72229,A,7/19/2020 23:59,2020-07-19T23:59:00Z,07/19 19:59,25056,89995,2020-07-19T23:59:00Z,,,,407326,,,36,519,48823,5164812,5164812,49342,5164812,8,0,6a23ba7c888ceb65d6ab223b83dbbd4dcf1783a9,0,0,0,0,0,
20200719,NY,406807,4708663,,722,89995,160,,96,,72161,A,7/18/2020 23:59,2020-07-18T23:59:00Z,07/18 19:59,25048,89995,2020-07-18T23:59:00Z,,,,406807,,,36,502,45702,5115470,5115470,46204,5115470,13,0,f5135cc3e99c0f6e2231509ab89c7814c66e35fa,0,0,0,0,0,
20200718,NY,406305,4662961,,743,89995,172,,100,,72064,A,7/17/2020 23:59,2020-07-17T23:59:00Z,07/17 19:59,25035,89995,2020-07-17T23:59:00Z,,,,406305,,,36,754,69063,5069266,5069266,69817,5069266,11,0,8d535ed9b5bae768a02d4c0689a134e3154936c5,0,0,0,0,0,
20200717,NY,405551,4593898,,765,89995,179,,98,,71970,A,7/16/2020 23:59,2020-07-16T23:59:00Z,07/16 19:59,25024,89995,2020-07-16T23:59:00Z,,,,405551,,,36,776,77463,4999449,4999449,78239,4999449,10,0,93be3084132a637e27a0b5aa58c719d4cca41c4a,0,0,0,0,0,
20200716,NY,404775,4516435,,813,89995,165,,88,,71867,A,7/15/2020 23:59,2020-07-15T23:59:00Z,07/15 19:59,25014,89995,2020-07-15T23:59:00Z,,,,404775,,,36,769,71916,4921210,4921210,72685,4921210,11,0,9786472ba197a40425272e3db3407b63d877c569,0,0,0,0,0,
20200715,NY,404006,4444519,,831,89995,165,,94,,71782,A,7/14/2020 23:59,2020-07-14T23:59:00Z,07/14 19:59,25003,89995,2020-07-14T23:59:00Z,,,,404006,,,36,831,62767,4848525,4848525,63598,4848525,9,0,9af4f32d18a62e64db69b0e10dbdb1e48e2f99fd,0,0,0,0,0,
20200714,NY,403175,4381752,,820,89995,167,,101,,71692,A,7/13/2020 23:59,2020-07-13T23:59:00Z,07/13 19:59,24994,89995,2020-07-13T23:59:00Z,,,,403175,,,36,912,59133,4784927,4784927,60045,4784927,5,0,122b978ca96390b17659258417e51aa2611fae4d,0,0,0,0,0,
20200713,NY,402263,4322619,,792,89995,175,,103,,71643,A,7/12/2020 23:59,2020-07-12T23:59:00Z,07/12 19:59,24989,89995,2020-07-12T23:59:00Z,,,,402263,,,36,557,51130,4724882,4724882,51687,4724882,10,0,5b0bd7c8b5855c24fb40aa7b54d82106c3a66927,0,0,0,0,0,
20200712,NY,401706,4271489,,801,89995,174,,102,,71565,A,7/11/2020 23:59,2020-07-11T23:59:00Z,07/11 19:59,24979,89995,2020-07-11T23:59:00Z,,,,401706,,,36,677,61741,4673195,4673195,62418,4673195,5,0,764acc80147edbe3cd1ffc979e0d31277a48377d,0,0,0,0,0,
20200711,NY,401029,4209748,,799,89995,177,,100,,71477,A,7/10/2020 23:59,2020-07-10T23:59:00Z,07/10 19:59,24974,89995,2020-07-10T23:59:00Z,,,,401029,,,36,730,68473,4610777,4610777,69203,4610777,6,0,5abc3b85684f8578ae3b6fa1c71c85c200c7eaee,0,0,0,0,0,
20200710,NY,400299,4141275,,826,89995,178,,92,,71371,A,7/9/2020 23:59,2020-07-09T23:59:00Z,07/09 19:59,24968,89995,2020-07-09T23:59:00Z,,,,400299,,,36,786,72772,4541574,4541574,73558,4541574,9,0,563ce97116e69d877ebd0cb5b6a7962d2c352137,0,0,0,0,0,
20200709,NY,399513,4068503,,851,89995,173,,98,,71279,A,7/8/2020 23:59,2020-07-08T23:59:00Z,07/08 19:59,24959,89995,2020-07-08T23:59:00Z,,,,399513,,,36,584,64980,4468016,4468016,65564,4468016,15,0,0df7e7e43441c43e0c1c657156a7265c4dcad7a1,0,0,0,0,0,
20200708,NY,398929,4003523,,841,89995,166,,97,,71185,A,7/7/2020 23:59,2020-07-07T23:59:00Z,07/07 19:59,24944,89995,2020-07-07T23:59:00Z,,,,398929,,,36,692,56893,4402452,4402452,57585,4402452,20,0,1de945ffcfda0e9f18e1c10231f961c691095284,0,0,0,0,0,
20200707,NY,398237,3946630,,836,89995,160,,103,,71091,A,7/6/2020 23:59,2020-07-06T23:59:00Z,07/06 19:59,24924,89995,2020-07-06T23:59:00Z,,,,398237,,,36,588,56148,4344867,4344867,56736,4344867,11,0,aaaf9a70d01d835970cd81d7c897afcfe5015a82,0,0,0,0,0,
20200706,NY,397649,3890482,,817,89995,170,,103,,71040,A,7/5/2020 23:59,2020-07-05T23:59:00Z,07/05 19:59,24913,89995,2020-07-05T23:59:00Z,,,,397649,,,36,518,53810,4288131,4288131,54328,4288131,9,0,fc2c0b5330e8719e0a45ce170e971824a4217952,0,0,0,0,0,
20200705,NY,397131,3836672,,832,89995,178,,116,,70968,A,7/4/2020 23:59,2020-07-04T23:59:00Z,07/04 19:59,24904,89995,2020-07-04T23:59:00Z,,,,397131,,,36,533,62882,4233803,4233803,63415,4233803,8,0,0c10e4e13551df75a803fe4dcbf1c5e95e6839db,0,0,0,0,0,
20200704,NY,396598,3773790,,844,89995,190,,119,,70877,A,7/3/2020 23:59,2020-07-03T23:59:00Z,07/03 19:59,24896,89995,2020-07-03T23:59:00Z,,,,396598,,,36,726,61677,4170388,4170388,62403,4170388,11,0,9863f9f520b1bed6fb5e831df5f086af7fd96495,0,0,0,0,0,
20200703,NY,395872,3712113,,857,89995,188,,125,,70794,A,7/2/2020 23:59,2020-07-02T23:59:00Z,07/02 19:59,24885,89995,2020-07-02T23:59:00Z,,,,395872,,,36,918,65474,4107985,4107985,66392,4107985,8,0,e1b4dbffead2198b96c2c6b462dd79ca9ee2534f,0,0,0,0,0,
20200702,NY,394954,3646639,,878,89995,209,,129,,70698,A,7/1/2020 23:59,2020-07-01T23:59:00Z,07/01 19:59,24877,89995,2020-07-01T23:59:00Z,,,,394954,,,36,875,69070,4041593,4041593,69945,4041593,11,0,86b176641ce7f6dba379c48b93b1f1d04798a830,0,0,0,0,0,
20200701,NY,394079,3577569,,879,89995,226,,139,,70590,A,6/30/2020 23:59,2020-06-30T23:59:00Z,06/30 19:59,24866,89995,2020-06-30T23:59:00Z,,,,394079,,,36,625,56085,3971648,3971648,56710,3971648,11,0,572b50c5c632ba3230c603d2a95931b291dabeda,0,0,0,0,0,
20200630,NY,393454,3521484,,891,89995,217,,137,,70487,A,6/29/2020 00:00,2020-06-29T00:00:00Z,06/28 20:00,24855,89995,2020-06-29T00:00:00Z,,,,393454,,,36,524,51501,3914938,3914938,52025,3914938,13,0,d6405dfe0f8163069c00aaf9a20680fa35190216,0,0,0,0,0,
20200629,NY,392930,3469983,,853,89995,216,,136,,70435,A,6/28/2020 23:59,2020-06-28T23:59:00Z,06/28 19:59,24842,89995,2020-06-28T23:59:00Z,,,,392930,,,36,391,46037,3862913,3862913,46428,3862913,7,0,2c2cad0cc78b94784d420431b0e4c8bfaecb57e8,0,0,0,0,0,
20200628,NY,392539,3423946,,869,89995,229,,167,,70010,A,6/27/2020 23:59,2020-06-27T23:59:00Z,06/27 19:59,24835,89995,2020-06-27T23:59:00Z,,,,392539,,,36,616,61290,3816485,3816485,61906,3816485,5,0,a74424647eb565c7bf413a70b120ab93e3059609,0,0,0,0,0,
20200627,NY,391923,3362656,,908,89995,230,,167,,70010,A,6/26/2020 23:59,2020-06-26T23:59:00Z,06/26 19:59,24830,89995,2020-06-26T23:59:00Z,,,,391923,,,36,703,72559,3754579,3754579,73262,3754579,16,0,43da772c5daa6d9afa617e25380fd7b61c0501c0,0,0,0,0,0,
20200626,NY,391220,3290097,,951,89995,244,,167,,70010,A,6/25/2020 23:59,2020-06-25T23:59:00Z,06/25 19:59,24814,89995,2020-06-25T23:59:00Z,,,,391220,,,36,805,60918,3681317,3681317,61723,3681317,14,0,37219479e89d59594dab5a07debed81a31006274,0,0,0,0,0,
20200625,NY,390415,3229179,,996,89995,270,,167,,70010,A,6/24/2020 23:59,2020-06-24T23:59:00Z,06/24 19:59,24800,89995,2020-06-24T23:59:00Z,,,,390415,,,36,749,66893,3619594,3619594,67642,3619594,18,0,7ff4ff7eb289ea9eb0619df3e175e0215c0991d6,0,0,0,0,0,
20200624,NY,389666,3162286,,1071,89995,290,,228,,69710,A,6/23/2020 23:59,2020-06-23T23:59:00Z,06/23 19:59,24782,89995,2020-06-23T23:59:00Z,,,,389666,,,36,581,50563,3551952,3551952,51144,3551952,16,0,78a9f3e069721f3d2b9bd6132bbdd4ee992c6d04,0,0,0,0,0,
20200623,NY,389085,3111723,,1104,89995,302,,228,,69710,A,6/22/2020 23:59,2020-06-22T23:59:00Z,06/22 19:59,24766,89995,2020-06-22T23:59:00Z,,,,389085,,,36,597,48112,3500808,3500808,48709,3500808,27,0,0db2bab276ea6eebf1163a2f185c138b4656fb53,0,0,0,0,0,
20200622,NY,388488,3063611,,1122,89995,330,,228,,69710,A,6/21/2020 23:59,2020-06-21T23:59:00Z,06/21 19:59,24739,89995,2020-06-21T23:59:00Z,,,,388488,,,36,552,56228,3452099,3452099,56780,3452099,14,0,9250c69c64df1db5e3ad57dd0b98d88a321b9c1a,0,0,0,0,0,
20200621,NY,387936,3007383,,1142,89995,332,,237,,69506,A,6/20/2020 23:59,2020-06-20T23:59:00Z,06/20 19:59,24725,89995,2020-06-20T23:59:00Z,,,,387936,,,36,664,66862,3395319,3395319,67526,3395319,15,0,5e42b978d5971b13cd88d7aec2cf395cd176c1c5,0,0,0,0,0,
20200620,NY,387272,2940521,,1220,89995,335,,237,,69506,A,6/19/2020 23:59,2020-06-19T23:59:00Z,06/19 19:59,24710,89995,2020-06-19T23:59:00Z,,,,387272,,,36,716,68114,3327793,3327793,68830,3327793,24,0,d1c7e56d3a6aef0184cac044a6379b45cc2027d0,0,0,0,0,0,
20200619,NY,386556,2872407,,1284,89995,359,,256,,69377,A,6/19/2020 00:00,2020-06-19T00:00:00Z,06/18 20:00,24686,89995,2020-06-19T00:00:00Z,,,,386556,,,36,796,78507,3258963,3258963,79303,3258963,25,0,17a556a56961238c4636fce3a7b860414c2afc3b,0,0,0,0,0,
20200618,NY,385760,2793900,,1358,89995,388,,278,,69243,A,6/18/2020 00:00,2020-06-18T00:00:00Z,06/17 20:00,24661,89995,2020-06-18T00:00:00Z,,,,385760,,,36,618,67923,3179660,3179660,68541,3179660,32,0,2dd62e23f1f625f6158b0060b9b7bf43c0c88f58,0,0,0,0,0,
20200617,NY,385142,2725977,,1479,89995,431,,304,,69085,A,6/17/2020 00:00,2020-06-17T00:00:00Z,06/16 20:00,24629,89995,2020-06-17T00:00:00Z,,,,385142,,,36,567,58774,3111119,3111119,59341,3111119,21,0,a530052629ce5c7ae795e11a4955e75a04f1d070,0,0,0,0,0,
20200616,NY,384575,2667203,,1538,89995,449,,303,,68938,A,6/16/2020 00:00,2020-06-16T00:00:00Z,06/15 20:00,24608,89995,2020-06-16T00:00:00Z,,,,384575,,,36,631,59937,3051778,3051778,60568,3051778,29,0,b18a94b08ebd974e4c49f72b4d87adbdad412aec,0,0,0,0,0,
20200615,NY,383944,2607266,,1608,89995,470,,323,,68851,A,6/15/2020 00:00,2020-06-15T00:00:00Z,06/14 20:00,24579,89995,2020-06-15T00:00:00Z,,,,383944,,,36,620,55991,2991210,2991210,56611,2991210,28,0,f92bd667cf1137b0cde2ec223ac0bc5516404d30,0,0,0,0,0,
20200614,NY,383324,2551275,,1657,89995,499,,346,,68761,A,6/13/2020 00:00,2020-06-13T00:00:00Z,06/12 20:00,24551,89995,2020-06-13T00:00:00Z,,,,383324,,,36,694,61665,2934599,2934599,62359,2934599,24,0,62c66e8dc9aade535d6a3513d57d662af869722c,0,0,0,0,0,
20200613,NY,382630,2489610,,1734,89995,517,,360,,68584,A,6/12/2020 00:00,2020-06-12T00:00:00Z,06/11 20:00,24527,89995,2020-06-12T00:00:00Z,,,,382630,,,36,916,69924,2872240,2872240,70840,2872240,32,0,dde4cff719d1216eeb925b7f92f7b8274468d15b,0,0,0,0,0,
20200612,NY,381714,2419686,,1898,89995,552,,387,,68399,A,6/12/2020 00:00,2020-06-12T00:00:00Z,06/11 20:00,24495,89995,2020-06-12T00:00:00Z,,,,381714,,,36,822,71573,2801400,2801400,72395,2801400,53,0,b6ae7ab2d35a64f8854df3cb973859ecc94b7941,0,0,0,0,0,
20200611,NY,380892,2348113,,2042,89995,581,,424,,68211,A,6/11/2020 00:00,2020-06-11T00:00:00Z,06/10 20:00,24442,89995,2020-06-11T00:00:00Z,,,,380892,,,36,736,60103,2729005,2729005,60839,2729005,38,0,f49e2f7eb62d374592bd737b10366fcc2461bffa,0,0,0,0,0,
20200610,NY,380156,2288010,,2190,89995,630,,462,,68019,A,6/10/2020 00:00,2020-06-10T00:00:00Z,06/09 20:00,24404,89995,2020-06-10T00:00:00Z,,,,380156,,,36,674,61623,2668166,2668166,62297,2668166,56,0,73ce119c296137447abd7f216f29df143554645f,0,0,0,0,0,
20200609,NY,379482,2226387,,2344,89995,663,,485,,67808,A,6/9/2020 00:00,2020-06-09T00:00:00Z,06/08 20:00,24348,89995,2020-06-09T00:00:00Z,,,,379482,,,36,683,49290,2605869,2605869,49973,2605869,49,0,9cd0b4e57b4af321b986e1249edb217f38d53236,0,0,0,0,0,
20200608,NY,378799,2177097,,2371,89995,678,,507,,67687,A,6/8/2020 00:00,2020-06-08T00:00:00Z,06/07 20:00,24299,89995,2020-06-08T00:00:00Z,,,,378799,,,36,702,57352,2555896,2555896,58054,2555896,40,0,930371fb9df6ce5dca466ae4d19aa8851c88446a,0,0,0,0,0,
20200607,NY,378097,2119745,,2427,89995,704,,534,,67544,A,6/7/2020 00:00,2020-06-07T00:00:00Z,06/06 20:00,24259,89995,2020-06-07T00:00:00Z,,,,378097,,,36,781,59654,2497842,2497842,60435,2497842,47,0,88e6aed7450ef0a9f4300993f9b8cc4f98e5c032,0,0,0,0,0,
20200606,NY,377316,2060091,,2603,89995,720,,554,,67261,A,6/6/2020 00:00,2020-06-06T00:00:00Z,06/05 20:00,24212,89995,2020-06-06T00:00:00Z,,,,377316,,,36,1108,76787,2437407,2437407,77895,2437407,37,0,894221916b929c45291170f723e450a98a5b50e6,0,0,0,0,0,
20200605,NY,376208,1983304,,2728,89995,758,,583,,66992,A,6/5/2020 00:00,2020-06-05T00:00:00Z,06/04 20:00,24175,89995,2020-06-05T00:00:00Z,,,,376208,,,36,1075,65405,2359512,2359512,66480,2359512,42,0,19cd90524fc48b8200b7e848bf785fcbec03b9b9,0,0,0,0,0,
20200604,NY,375133,1917899,,2849,89995,832,,613,,66756,A,6/4/2020 00:00,2020-06-04T00:00:00Z,06/03 20:00,24133,89995,2020-06-04T00:00:00Z,,,,375133,,,36,1048,62511,2293032,2293032,63559,2293032,54,0,ddf9563f5e793208317407750c21473db7831171,0,0,0,0,0,
20200603,NY,374085,1855388,,2978,89995,865,,638,,66502,A,6/3/2020 00:00,2020-06-03T00:00:00Z,06/02 20:00,24079,89995,2020-06-03T00:00:00Z,,,,374085,,,36,1045,60597,2229473,2229473,61642,2229473,56,134,d94416291c40baec7704889351c4251a4461bcc1,0,0,0,0,0,
20200602,NY,373040,1794791,,3121,89861,907,,673,,66262,A,6/2/2020 00:00,2020-06-02T00:00:00Z,06/01 20:00,24023,89861,2020-06-02T00:00:00Z,,,,373040,,,36,1329,52725,2167831,2167831,54054,2167831,64,158,3423a4fcd2e459566c3b51b441dc552147f080b8,0,0,0,0,0,
20200601,NY,371711,1742066,,3331,89703,999,,746,,66110,A,6/1/2020 00:00,2020-06-01T00:00:00Z,05/31 20:00,23959,89703,2020-06-01T00:00:00Z,,,,371711,,,36,941,49011,2113777,2113777,49952,2113777,54,113,2af5470dcf1bcd884b7b787d6acd7217aac6bf95,0,0,0,0,0,
20200531,NY,370770,1693055,,3436,89590,1050,,791,,65934,A,5/31/2020 00:00,2020-05-31T00:00:00Z,05/30 20:00,23905,89590,2020-05-31T00:00:00Z,,,,370770,,,36,1110,57334,2063825,2063825,58444,2063825,57,190,5ccfadc51840679e9c229a0987cee4ce4013913c,0,0,0,0,0,
20200530,NY,369660,1635721,,3619,89400,1124,,857,,65609,A,5/30/2020 00:00,2020-05-30T00:00:00Z,05/29 20:00,23848,89400,2020-05-30T00:00:00Z,,,,369660,,,36,1376,59875,2005381,2005381,61251,2005381,68,206,e53a42990b6808d2f06231cfe17fa21c7e5bdb4a,0,0,0,0,0,
20200529,NY,368284,1575846,,3781,89194,1164,,889,,65289,A,5/29/2020 00:00,2020-05-29T00:00:00Z,05/28 20:00,23780,89194,2020-05-29T00:00:00Z,,,,368284,,,36,1551,65790,1944130,1944130,67341,1944130,58,152,1aafb966ff272d6ada076176f9b9f4c3bf47eca3,0,0,0,0,0,
20200528,NY,366733,1510056,,4010,89042,1219,,931,,64954,A,5/28/2020 00:00,2020-05-28T00:00:00Z,05/27 20:00,23722,89042,2020-05-28T00:00:00Z,,,,366733,,,36,1768,63477,1876789,1876789,65245,1876789,79,176,896dfa628643c4c7c3fe0a4749d92c3819d52e6b,0,0,0,0,0,
20200527,NY,364965,1446579,,4208,88866,1261,,988,,64632,A,5/27/2020 00:00,2020-05-27T00:00:00Z,05/26 20:00,23643,88866,2020-05-27T00:00:00Z,,,,364965,,,36,1129,36287,1811544,1811544,37416,1811544,79,180,71b658936fd69483884ba2fcca72d6e2075e7ac7,0,0,0,0,0,
20200526,NY,363836,1410292,,4265,88686,1273,,1002,,64443,A,5/26/2020 00:00,2020-05-26T00:00:00Z,05/25 20:00,23564,88686,2020-05-26T00:00:00Z,,,,363836,,,36,1072,33607,1774128,1774128,34679,1774128,76,132,cf140a75bb8955c9ae076941b6921e0e21623c1d,0,0,0,0,0,
20200525,NY,362764,1376685,,4348,88554,1366,,1058,,64280,A,5/25/2020 00:00,2020-05-25T00:00:00Z,05/24 20:00,23488,88554,2020-05-25T00:00:00Z,,,,362764,,,36,1249,38374,1739449,1739449,39623,1739449,97,230,0d800a2e110c1e271b8d20a984bcb053b01fc655,0,0,0,0,0,
20200524,NY,361515,1338311,,4393,88324,1406,,1067,,64080,A,5/24/2020 00:00,2020-05-24T00:00:00Z,05/23 20:00,23391,88324,2020-05-24T00:00:00Z,,,,361515,,,36,1589,46176,1699826,1699826,47765,1699826,109,241,655fb59f428f3bbd2f789a1c4da64e65b88dca78,0,0,0,0,0,
20200523,NY,359926,1292135,,4642,88083,1502,,1254,,63292,A,5/22/2020 00:00,2020-05-22T00:00:00Z,05/21 20:00,23282,88083,2020-05-22T00:00:00Z,,,,359926,,,36,1772,49496,1652061,1652061,51268,1652061,87,240,c10dd5dc932e63cc988fba7fb988cc03fa33882b,0,0,0,0,0,
20200522,NY,358154,1242639,,4844,87843,1581,,1254,,63292,A,5/22/2020 00:00,2020-05-22T00:00:00Z,05/21 20:00,23195,87843,2020-05-22T00:00:00Z,,,,358154,,,36,1696,44042,1600793,1600793,45738,1600793,112,205,d2b164be3a94075307f502d9ba367792399cf070,0,0,0,0,0,
20200521,NY,356458,1198597,,5187,87638,1695,,1345,,62826,A,5/21/2020 00:00,2020-05-21T00:00:00Z,05/20 20:00,23083,87638,2020-05-21T00:00:00Z,,,,356458,,,36,2088,47131,1555055,1555055,49219,1555055,107,179,9d288ca5644a90c76400240bf3cccd4b857de21a,0,0,0,0,0,
20200520,NY,354370,1151466,,5570,87459,1761,,1421,,61886,A,5/20/2020 00:00,2020-05-20T00:00:00Z,05/19 20:00,22976,87459,2020-05-20T00:00:00Z,,,,354370,,,36,1525,36572,1505836,1505836,38097,1505836,133,290,ef135adb9f9a5381c162df614cd50dcfee0f9e48,0,0,0,0,0,
20200519,NY,352845,1114894,,5818,87169,1836,,1481,,61886,A,5/19/2020 00:00,2020-05-19T00:00:00Z,05/18 20:00,22843,87169,2020-05-19T00:00:00Z,,,,352845,,,36,1474,26708,1467739,1467739,28182,1467739,114,268,6a194fdc46922ce7142c2d0b308403c17e532623,0,0,0,0,0,
20200518,NY,351371,1088186,,5840,86901,1908,,1538,,61681,A,5/18/2020 00:00,2020-05-18T00:00:00Z,05/17 20:00,22729,86901,2020-05-18T00:00:00Z,,,,351371,,,36,1250,24911,1439557,1439557,26161,1439557,110,326,35c3d0c9588d38de9001702f0b1def3372be900e,0,0,0,0,0,
20200517,NY,350121,1063275,,5897,86575,1981,,1601,,61381,A,5/17/2020 00:00,2020-05-17T00:00:00Z,05/16 20:00,22619,86575,2020-05-17T00:00:00Z,,,,350121,,,36,1889,32790,1413396,1413396,34679,1413396,141,368,34c530b1dd6b3d047ef9ae1fe551acf100404fd5,0,0,0,0,0,
20200516,NY,348232,1030485,,6220,86207,2077,,1674,,60796,A,5/16/2020 00:00,2020-05-16T00:00:00Z,05/15 20:00,22478,86207,2020-05-16T00:00:00Z,,,,348232,,,36,2419,38250,1378717,1378717,40669,1378717,174,425,e2ba05f15c7c88051ece11ddfe275ba9f6329c34,0,0,0,0,0,
20200515,NY,345813,992235,,6394,85782,2156,,1774,,60302,A,5/14/2020 00:00,2020-05-14T00:00:00Z,05/13 20:00,22304,85782,2020-05-14T00:00:00Z,,,,345813,,,36,2762,36529,1338048,1338048,39291,1338048,134,328,f66bbe8afe1992d5986048bd3a92c84d26964473,0,0,0,0,0,
20200514,NY,343051,955706,,6706,85454,2223,,1846,,59758,A,5/14/2020 00:00,2020-05-14T00:00:00Z,05/13 20:00,22170,85454,2020-05-14T00:00:00Z,,,,343051,,,36,2390,37460,1298757,1298757,39850,1298757,157,446,c6789de8714795e5ab0ddc4714f741debf7e6d47,0,0,0,0,0,
20200513,NY,340661,918246,,6946,85008,2308,,1908,,59193,A,5/13/2020 00:00,2020-05-13T00:00:00Z,05/12 20:00,22013,85008,2020-05-13T00:00:00Z,,,,340661,,,36,2176,31618,1258907,1258907,33794,1258907,168,519,c8dc0c957f549d581081805d764b53c2415708ac,0,0,0,0,0,
20200512,NY,338485,886628,,7063,84489,2375,,1964,,58679,A,5/12/2020 00:00,2020-05-12T00:00:00Z,05/11 20:00,21845,84489,2020-05-12T00:00:00Z,,,,338485,,,36,1430,19032,1225113,1225113,20462,1225113,205,295,9fa4214b2c975cff6c60cebedd6381620a62fb98,0,0,0,0,0,
20200511,NY,337055,867596,,7226,84194,2450,,2020,,58363,A,5/10/2020 00:00,2020-05-10T00:00:00Z,05/09 20:00,21640,84194,2020-05-10T00:00:00Z,,,,337055,21640,,36,1660,19993,1204651,1204651,21653,1204651,162,433,99b8c59214ae32c6dd87c90f0ac91acedbc086c1,0,0,0,0,0,
20200510,NY,335395,847603,,7262,83761,2488,,2073,,58006,A,5/10/2020 00:00,2020-05-10T00:00:00Z,05/09 20:00,21478,83761,2020-05-10T00:00:00Z,,,,335395,21478,,36,2273,26957,1182998,1182998,29230,1182998,207,476,43a2f673dd6c6c88d7d2a572055ff52823d2aea2,0,0,0,0,0,
20200509,NY,333122,820646,,7776,83285,2664,,2203,,57180,B,5/9/2020 00:00,2020-05-09T00:00:00Z,05/08 20:00,21271,83285,2020-05-09T00:00:00Z,,,,333122,21271,,36,2715,29510,1153768,1153768,32225,1153768,226,555,2605e4cc3e7b1e9fdb643a98502c01d68e0a5d91,0,0,0,0,0,
20200508,NY,330407,791136,,8196,82730,2811,,2295,,56378,B,5/8/2020 00:00,2020-05-08T00:00:00Z,05/07 20:00,21045,82730,2020-05-08T00:00:00Z,,,,330407,21045,,36,2758,28869,1121543,1121543,31627,1121543,217,533,f61e9f20b7ba3ed24765a154710665292dc49e82,0,0,0,0,0,
20200507,NY,327649,762267,,8665,82197,2976,,2425,,55547,B,5/7/2020 00:00,2020-05-07T00:00:00Z,05/06 20:00,20828,82197,2020-05-07T00:00:00Z,,,,327649,20828,,36,3671,30324,1089916,1089916,33995,1089916,951,627,2579a187433bb261e6719b3ca152b057bdb268d9,0,0,0,0,0,
20200506,NY,323978,731943,,9179,81570,3098,,,,54597,B,5/6/2020 00:00,2020-05-06T00:00:00Z,05/05 20:00,19877,81570,2020-05-06T00:00:00Z,,,,321192,19877,,36,2786,24236,1055921,1055921,27022,1055921,232,652,70dde28790219d57b80b5476c398262beb62b21b,0,0,0,0,0,
20200505,NY,321192,707707,,9600,80918,3281,,,,58950,B,5/5/2020 00:00,2020-05-05T00:00:00Z,05/04 20:00,19645,80918,2020-05-05T00:00:00Z,,,,321192,19645,,36,2239,19350,1028899,1028899,21589,1028899,230,542,2ab846c3e2e6301161e35eafa188c2de9fda3228,0,0,0,0,0,
20200504,NY,318953,688357,,9647,80376,3330,,,,58950,B,5/4/2020 00:00,2020-05-04T00:00:00Z,05/03 20:00,19415,80376,2020-05-04T00:00:00Z,,,,318953,19415,,36,2538,18861,1007310,1007310,21399,1007310,226,608,6eaabb219c823d03e3390257611fc6d974ba13c7,0,0,0,0,0,
20200503,NY,316415,669496,,9786,79768,3430,,,,58950,B,5/3/2020 00:00,2020-05-03T00:00:00Z,05/02 20:00,19189,79768,2020-05-03T00:00:00Z,,,,316415,19189,,36,3438,23402,985911,985911,26840,985911,280,826,c8d4adc00f9612720d28568ac908596f6b5c9938,0,0,0,0,0,
20200502,NY,312977,646094,,10350,78942,3501,,,,57540,B,5/2/2020 00:00,2020-05-02T00:00:00Z,05/01 20:00,18909,78942,2020-05-02T00:00:00Z,,,,312977,,,36,4663,26970,959071,959071,31633,959071,299,718,54fe9d4f8fd5ea9cc29f5c63f3f7959fcd4c6e1a,0,0,0,0,0,
20200501,NY,308314,619124,,10993,78224,3640,,,,56187,B,5/1/2020 00:00,2020-05-01T00:00:00Z,04/30 20:00,18610,78224,2020-05-01T00:00:00Z,,,,308314,,,36,3942,22860,927438,927438,26802,927438,289,824,7594d7de93afc3824a1e1c6357ee7c44b0e24f6c,0,0,0,0,0,
20200430,NY,304372,596264,,11598,77400,3769,,,,54771,B,4/30/2020 00:00,2020-04-30T00:00:00Z,04/29 20:00,18321,77400,2020-04-30T00:00:00Z,,,,,,,36,4681,23474,900636,900636,28155,900636,306,950,6a62c5d252ecb6c1de34bea5b5f51b3c87b19d1d,0,0,0,0,0,
20200429,NY,299691,572790,,12159,76450,3923,,,,53238,B,4/29/2020 00:00,2020-04-29T00:00:00Z,04/28 20:00,18015,76450,2020-04-29T00:00:00Z,,,,,,,36,4585,22902,872481,872481,27487,872481,377,1088,9b363370d576a1802d4c7da771f66418e4e33dae,0,0,0,0,0,
20200428,NY,295106,549888,,12646,75362,4071,,,,51673,B,4/28/2020 00:00,2020-04-28T00:00:00Z,04/27 20:00,17638,75362,2020-04-28T00:00:00Z,,,,,,,36,3110,15789,844994,844994,18899,844994,335,760,0cb4727bef60e36c5e5cc52cd924d717effed524,0,0,0,0,0,
20200427,NY,291996,534099,,12819,74602,4157,,,,50751,B,4/27/2020 00:00,2020-04-27T00:00:00Z,04/26 20:00,17303,74602,2020-04-27T00:00:00Z,,,,,,,36,3951,16794,826095,826095,20745,826095,337,1062,0a6c03f362ee9d21cce9824a3d900593138102b7,0,0,0,0,0,
20200426,NY,288045,517305,,12839,73540,4284,,,,49687,B,4/26/2020 00:00,2020-04-26T00:00:00Z,04/25 20:00,16966,73540,2020-04-26T00:00:00Z,,,,,,,36,5902,21880,805350,805350,27782,805350,367,1096,4a6efc09cc4ce04ebc58201fa335e69fa6fbd586,0,0,0,0,0,
20200425,NY,282143,495425,,13524,72444,4410,,,,47935,B,4/25/2020 00:00,2020-04-25T00:00:00Z,04/24 20:00,16599,72444,2020-04-25T00:00:00Z,,,,,,,36,10553,36359,777568,777568,46912,777568,437,1071,a020bfb12e2b0d759101d7759332683f3767c3f4,0,0,0,0,0,
20200424,NY,271590,459066,,14258,71373,4540,,,,46156,A,4/24/2020 00:00,2020-04-24T00:00:00Z,04/23 20:00,16162,71373,2020-04-24T00:00:00Z,,,,,,,36,8130,26606,730656,730656,34736,730656,422,1191,1be60443dc8ece11f1066fa6e1737ed007243419,0,0,0,0,0,
20200423,NY,263460,432460,,15021,70182,4597,,,,44244,A,4/23/2020 00:00,2020-04-23T00:00:00Z,04/22 20:00,15740,70182,2020-04-23T00:00:00Z,,,,,,,36,6244,19694,695920,695920,25938,695920,438,1409,e0cef2f0dcd73de46d88c45947d16b56cd4472b3,0,0,0,0,0,
20200422,NY,257216,412766,,15599,68773,4690,,,,42308,A,4/22/2020 00:00,2020-04-22T00:00:00Z,04/21 20:00,15302,68773,2020-04-22T00:00:00Z,,,,,,,36,5526,15131,669982,669982,20657,669982,474,1502,dba8c28c722a35bb6ed95f70a9686e48a612aa8c,0,0,0,0,0,
20200421,NY,251690,397635,,16135,67271,4729,,,,40482,A,4/21/2020 00:00,2020-04-21T00:00:00Z,04/20 20:00,14828,67271,2020-04-21T00:00:00Z,,,,,,,36,4178,11286,649325,649325,15464,649325,481,1302,8bf73665122ef6e67d968a6b6298828aed59a122,0,0,0,0,0,
20200420,NY,247512,386349,,16103,65969,4814,,,,39085,A,4/20/2020 00:00,2020-04-20T00:00:00Z,04/19 20:00,14347,65969,2020-04-20T00:00:00Z,,,,,,,36,4726,11580,633861,633861,16306,633861,478,1419,09906f8d9b01dfe2267bd72e9cad74aded1b56dc,0,0,0,0,0,
20200419,NY,242786,374769,,16213,64550,4878,,,,37596,A,4/19/2020 00:00,2020-04-19T00:00:00Z,04/18 20:00,13869,64550,2020-04-19T00:00:00Z,,,,,,,36,6054,14969,617555,617555,21023,617555,507,1447,ab75b9a788396c365e250b0f68e5c73ea608d73b,0,0,0,0,0,
20200418,NY,236732,359800,,16967,63103,4996,,,,35458,A,4/18/2020 00:00,2020-04-18T00:00:00Z,04/17 20:00,13362,63103,2020-04-18T00:00:00Z,,,,,,,36,7090,16219,596532,596532,23309,596532,540,1983,9b1e6713b7191aa77418a7bd7347274c3a523c53,0,0,0,0,0,
20200417,NY,229642,343581,,17316,61120,5039,,,,33392,A,4/17/2020 14:00,2020-04-17T14:00:00Z,04/17 10:00,12822,61120,2020-04-17T14:00:00Z,,,,,,,36,7358,15286,573223,573223,22644,573223,630,2068,240f0d945fa0c262b75b37d9e614397bbbe11e68,0,0,0,0,0,
20200416,NY,222284,328295,,17735,59052,5071,,,,30800,A,4/16/2020 00:00,2020-04-16T00:00:00Z,04/15 20:00,12192,59052,2020-04-16T00:00:00Z,,,,,,,36,8505,16062,550579,550579,24567,550579,606,2084,9a78235c3f8c7bd42064c32d510363a897659929,0,0,0,0,0,
20200415,NY,213779,312233,,18335,56968,5205,,,,28004,A,4/15/2020 00:00,2020-04-15T00:00:00Z,04/14 20:00,11586,56968,2020-04-15T00:00:00Z,,,,,,,36,11571,15298,526012,526012,26869,526012,752,2315,ac58e99dfafdeec77b7082c1a4fb0ccbf7455ad6,0,0,0,0,0,
20200414,NY,202208,296935,,18697,54653,5225,,,,25589,A,4/14/2020 00:00,2020-04-14T00:00:00Z,04/13 20:00,10834,54653,2020-04-14T00:00:00Z,,,,,,,36,7177,13609,499143,499143,20786,499143,778,1717,f732771f4936fb71bbd807b753401159f17400cd,0,0,0,0,0,
20200413,NY,195031,283326,,18825,52936,5156,,,,23887,A,4/13/2020 00:00,2020-04-13T00:00:00Z,04/12 20:00,10056,52936,2020-04-13T00:00:00Z,,,,,,,36,6337,10419,478357,478357,16756,478357,671,2017,43ac886ceb09c4f5b98bf754b3fbeacdb17e3d76,0,0,0,0,0,
20200412,NY,188694,272907,,18707,50919,5198,,,,23887,A,4/12/2020 00:00,2020-04-12T00:00:00Z,04/11 20:00,9385,50919,2020-04-12T00:00:00Z,,,,,,,36,8236,12385,461601,461601,20621,461601,758,2622,cc233144d97613e850647a1ac9e6105a1cffe8ea,0,0,0,0,0,
20200411,NY,180458,260522,,18654,48297,5009,,,,22025,A,4/11/2020 00:00,2020-04-11T00:00:00Z,04/10 20:00,8627,48297,2020-04-11T00:00:00Z,,,,,,,36,9946,13149,440980,440980,23095,440980,783,2529,302f098c337b7f3f6afbaa9b84c1635fb9a42070,0,0,0,0,0,
20200410,NY,170512,247373,,18569,45768,4908,,,,20249,A,4/10/2020 00:00,2020-04-10T00:00:00Z,04/09 20:00,7844,45768,2020-04-10T00:00:00Z,,,,,,,36,10575,15761,417885,417885,26336,417885,777,2916,f82a7322c3d0ba5c2143e72b43371fc623b16527,0,0,0,0,0,
20200409,NY,159937,231612,,18279,42852,4925,,,,18297,A,4/9/2020 00:00,2020-04-09T00:00:00Z,04/08 20:00,7067,42852,2020-04-09T00:00:00Z,,,,,,,36,10621,15775,391549,391549,26396,391549,799,2870,4ee8c6fac09bed0f24a612e1fd80aa7d141ee5ac,0,0,0,0,0,
20200408,NY,149316,215837,,18079,39982,4841,,,,16353,A,4/7/2020 00:00,2020-04-07T00:00:00Z,04/06 20:00,6268,39982,2020-04-07T00:00:00Z,,,,,,,36,10453,14642,365153,365153,25095,365153,779,3050,b518cf8b069b5d1156c4511aefb1451b54f76f5c,0,0,0,0,0,
20200407,NY,138863,201195,,17493,36932,4539,,,,14590,A,4/6/2020 00:00,2020-04-06T00:00:00Z,04/05 20:00,5489,36932,2020-04-06T00:00:00Z,,,,,,,36,8174,11073,340058,340058,19247,340058,731,2555,ab0b9fcce6ea26c0d5f90a07b81fcf197aebcd16,0,0,0,0,0,
20200406,NY,130689,190122,,16837,34377,4504,,,,13366,A,4/6/2020 00:00,2020-04-06T00:00:00Z,04/05 20:00,4758,34377,2020-04-06T00:00:00Z,,,,,,,36,8658,9873,320811,320811,18531,320811,599,2084,bdd7af58be9cc6d1183044deb31f43d760014d84,0,0,0,0,0,
20200405,NY,122031,180249,,16479,32293,4376,,,,12187,A,4/4/2020 00:00,2020-04-04T00:00:00Z,04/03 20:00,4159,32293,2020-04-04T00:00:00Z,,,,,,,36,8327,10332,302280,302280,18659,302280,594,2822,c58ce8596226b272dc84c374738134b48687b331,0,0,0,0,0,
20200404,NY,113704,169917,,15905,29471,4126,,,,10478,A,4/3/2020 11:00,2020-04-03T11:00:00Z,04/03 07:00,3565,29471,2020-04-03T11:00:00Z,,,,,,,36,10841,12260,283621,283621,23101,283621,630,3261,fee156a6c2b61dc3722b84be7e49468b2475072d,0,0,0,0,0,
20200403,NY,102863,157657,,14810,26210,3731,,,,8886,A,4/3/2020 11:00,2020-04-03T11:00:00Z,04/03 07:00,2935,26210,2020-04-03T11:00:00Z,,,,,,,36,10482,11073,260520,260520,21555,260520,562,3424,d1387f2c206cc43e80038696d4c29877d0e4b6c5,0,0,0,0,0,
20200402,NY,92381,146584,,13383,22786,3396,,,,7434,A,4/2/2020 11:45,2020-04-02T11:45:00Z,04/02 07:45,2373,22786,2020-04-02T11:45:00Z,,,,,,,36,8669,9416,238965,238965,18085,238965,432,2857,f30bf3c62e47ba30acb34413871faccdcca17d14,0,0,0,0,0,
20200401,NY,83712,137168,,12226,19929,3022,,,,6142,A,4/1/2020 12:00,2020-04-01T12:00:00Z,04/01 08:00,1941,19929,2020-04-01T12:00:00Z,,,,,,,36,7917,7777,220880,220880,15694,220880,391,2844,49c2c8b636ccad6b0217287a9e30e52b62a4ac69,0,0,0,0,0,
20200331,NY,75795,129391,,10929,17085,2710,,,,4975,A,3/29/2020 09:16,2020-03-29T09:16:00Z,03/29 05:16,1550,17085,2020-03-29T09:16:00Z,,,,,,,36,9298,9420,205186,205186,18718,205186,332,2507,baa1b9365a8a93f2e14d1e892f5205f4f629de20,0,0,0,0,0,
20200330,NY,66497,119971,,9517,14578,2352,,,,4204,A,3/29/2020 09:16,2020-03-29T09:16:00Z,03/29 05:16,1218,14578,2020-03-29T09:16:00Z,,,,,,,36,6984,7124,186468,186468,14108,186468,253,1883,af5147fffe9f5cccf7e3f280369efeeff099ee4c,0,0,0,0,0,
20200329,NY,59513,112847,,8503,12695,2037,,,,3572,A,3/29/2020 09:16,2020-03-29T09:16:00Z,03/29 05:16,965,12695,2020-03-29T09:16:00Z,,,,,,,36,7195,9231,172360,172360,16426,172360,237,2241,3e71f4077854778af326389cfa1921b98e18694d,0,0,0,0,0,
20200328,NY,52318,103616,,7328,10454,1755,,,,2726,A,3/28/2020 13:15,2020-03-28T13:15:00Z,03/28 09:15,728,10454,2020-03-28T13:15:00Z,,,,,,,36,7683,2498,155934,155934,10181,155934,209,1722,b2c131af3cd4f54a021206d728efb87cce29fcb4,0,0,0,0,0,
20200327,NY,44635,101118,,6481,8732,1583,,,,2045,A,3/27/2020 11:15,2020-03-27T11:15:00Z,03/27 07:15,519,8732,2020-03-27T11:15:00Z,,,,,,,36,7377,16272,145753,145753,23649,145753,134,1811,e2f4cf0319002bd1a233eac6180a2ba2132d3fa0,0,0,0,0,0,
20200326,NY,37258,84846,,5327,6921,1290,,,,,B,3/26/2020 16:59,2020-03-26T16:59:00Z,03/26 12:59,385,6921,2020-03-26T16:59:00Z,,,,,,,36,6447,12178,122104,122104,18625,122104,100,1795,3e0028c05c110ad74e6daa7377baaaa6e9654ff4,0,0,0,0,0,
20200325,NY,30811,72668,,4079,5126,,,,,,B,3/25/2020 11:45,2020-03-25T11:45:00Z,03/25 07:45,285,5126,2020-03-25T11:45:00Z,,,,,,,36,5146,7063,103479,103479,12209,103479,75,1085,f71240c339d40d1ecd52361df394f9b417b51048,0,0,0,0,0,
20200324,NY,25665,65605,,3343,4041,,,,,,B,3/24/2020 11:30,2020-03-24T11:30:00Z,03/24 07:30,210,4041,2020-03-24T11:30:00Z,,,,,,,36,4790,8191,91270,91270,12981,91270,96,916,2dbc9a0bef619624aae2da05bfdda448b33ff87d,0,0,0,0,0,
20200323,NY,20875,57414,,2629,3125,,,,,,B,3/23/2020 11:36,2020-03-23T11:36:00Z,03/23 07:36,114,3125,2020-03-23T11:36:00Z,,,,,,,36,5707,11181,78289,78289,16888,78289,0,771,455e234c31f511386e8b99ded0106458e4a1b65f,0,0,0,0,0,
20200322,NY,15168,46233,,2043,2354,,,,,,,3/22/2020 11:00,2020-03-22T11:00:00Z,03/22 07:00,114,2354,2020-03-22T11:00:00Z,,,,,,,36,4812,11152,61401,61401,15964,61401,70,823,5541ed5c1344fcde0f540fb0685a82c15a6d3c7f,0,0,0,0,0,
20200321,NY,10356,35081,,1436,1531,,,,,,,3/20/2020 21:22,2020-03-20T21:22:00Z,03/20 17:22,44,1531,2020-03-20T21:22:00Z,,,,,,,36,3254,9756,45437,45437,13010,45437,9,1531,87e515bb89c581b21950ca342a1ba91e89e9e22a,0,0,0,0,0,
20200320,NY,7102,25325,,1042,,,,,,,,3/20/2020 13:20,2020-03-20T13:20:00Z,03/20 09:20,35,,2020-03-20T13:20:00Z,,,,,,,36,2950,7193,32427,32427,10143,32427,23,0,e8cc9d9d3f11d2aa99d14e8bee180a35912e1abe,0,0,0,0,0,
20200319,NY,4152,18132,,617,,,,,,,,3/19/2020 13:20,2020-03-19T13:20:00Z,03/19 09:20,12,,2020-03-19T13:20:00Z,,,,,,,36,1770,5917,22284,22284,7687,22284,0,0,3cbf4c36363fd14d3563ac54bb3a6629fabcdd76,0,0,0,0,0,
20200318,NY,2382,12215,,416,,,,,,,,3/18/2020 15:05,2020-03-18T15:05:00Z,03/18 11:05,12,,2020-03-18T15:05:00Z,,,,,,,36,682,6709,14597,14597,7391,14597,5,0,7c8614e82c0497d34e7de6d38372fa013c35d61e,0,0,0,0,0,
20200317,NY,1700,5506,,325,,,,,,,,3/16/2020 15:00,2020-03-16T15:00:00Z,03/16 11:00,7,,2020-03-16T15:00:00Z,,,,,,,36,750,963,7206,7206,1713,7206,0,0,a87c606096dc3bd0fb561bed65e0c0be91c8531a,0,0,0,0,0,
20200316,NY,950,4543,,,,,,,,,,3/16/2020 16:22,2020-03-16T16:22:00Z,03/16 12:22,7,,2020-03-16T16:22:00Z,,,,,,,36,221,0,5493,5493,221,5493,4,0,51c7b3e91b3bee85236eba7c0b37229fb5c42b01,0,0,0,0,0,
20200315,NY,729,4543,,,,,,,,,,3/15/2020 00:00,2020-03-15T00:00:00Z,03/14 20:00,3,,2020-03-15T00:00:00Z,,,,,,,36,205,1764,5272,5272,1969,5272,3,0,de20f3850077c86c74f1bc467eefe9e3de0272bc,0,0,0,0,0,
20200314,NY,524,2779,,,,,,,,,,3/14/2020 12:30,2020-03-14T12:30:00Z,03/14 08:30,,,2020-03-14T12:30:00Z,,,,,,,36,103,0,3303,3303,103,3303,0,0,9aa4f0a2597d90a22990ebf2225b26df84965bfb,0,0,0,0,0,
20200313,NY,421,2779,,,,,,,,,,3/12/2020 16:00,2020-03-12T16:00:00Z,03/12 12:00,,,2020-03-12T16:00:00Z,,,,,,,36,205,2687,3200,3200,2892,3200,0,0,52a692c365ba72d831d2ea8fd4d50658befdb936,0,0,0,0,0,
20200312,NY,216,92,,,,,,,,,,3/11/2020 16:00,2020-03-11T16:00:00Z,03/11 12:00,,,2020-03-11T16:00:00Z,,,,,,,36,0,0,308,308,0,308,0,0,fcea483c347ff25da34e7c9a7b068a76d04bbeef,0,0,0,0,0,
20200311,NY,216,92,,,,,,,,,,,,,,,,,,,,,,36,43,0,308,308,43,308,0,0,b476963f841c9127deaebc98170f825b9f6defcf,0,0,0,0,0,
20200310,NY,173,92,,,,,,,,,,,,,,,,,,,,,,36,31,0,265,265,31,265,0,0,a39d15b1112b29266a21d333b97409b6354a24b6,0,0,0,0,0,
20200309,NY,142,92,,,,,,,,,,,,,,,,,,,,,,36,37,0,234,234,37,234,0,0,3577622e751af6f3df99c8e3e5e8f63d9b8776d9,0,0,0,0,0,
20200308,NY,105,92,,,,,,,,,,,,,,,,,,,,,,36,29,0,197,197,29,197,0,0,fa2a693c8e7c1123ce6741af19746db86f9d8fce,0,0,0,0,0,
20200307,NY,76,92,236,,,,,,,,,,,,,,,,,,,,,36,43,0,404,168,43,168,0,0,0fc0bcee0b931ade7d5379ba6ea1bbcbac513630,0,0,0,0,0,
20200306,NY,33,92,236,,,,,,,,,,,,,,,,,,,,,36,11,16,361,125,27,125,0,0,6f6a5ab226e7632b2d5bda9d6acc6cbe9e29cd7e,0,0,0,0,0,
20200305,NY,22,76,24,,,,,,,,,,,,,,,,,,,,,36,16,28,122,98,44,98,0,0,24af0f3d698331d8a3896c0f921342be3b0817c0,0,0,0,0,0,
20200304,NY,6,48,24,,,,,,,,,,,,,,,,,,14,0,,36,0,0,78,54,0,54,0,0,ad9266331f3f338e9f1c22b2a522134f05f59243,0,0,0,0,0,
